event_time,event_type,product_id,category_id,category_code,brand,price,user_id,user_session,price_segment
2019-10-01 02:38:53+00:00,purchase,26201191,2.0530135636933356e+18,unknown,lucente,90.61,538338145,69c1511c-d15d-4358-8623-2ff7061d43e2,$50-100
2019-10-01 03:03:16+00:00,purchase,1004870,2.0530135556318828e+18,electronics.smartphone,samsung,286.86,551343044,a1ba2d90-c129-40d4-bf0d-eba7f3f9e321,$200-500
2019-10-01 03:10:26+00:00,purchase,1004870,2.0530135556318828e+18,electronics.smartphone,samsung,286.86,555148121,60747367-0566-4965-b8f6-fbb1e59e283d,$200-500
2019-10-01 03:11:54+00:00,purchase,1004856,2.0530135556318828e+18,electronics.smartphone,samsung,130.76,525921810,4454bd5f-d19a-45ab-9580-de392e690c67,$100-200
2019-10-01 03:36:30+00:00,purchase,26202832,2.0530135636933356e+18,unknown,efremov,112.23,534766227,52f64243-3cba-4420-bcc5-8a1e55051ad3,$100-200
2019-10-01 04:13:31+00:00,purchase,26300089,2.0530135635842836e+18,unknown,lucente,271.82,555477603,8380101b-7dfd-4fd7-a394-21e6c8425f66,$200-500
2019-10-01 04:18:21+00:00,purchase,12202300,2.1169075251765576e+18,sport.bicycle,phoenix,231.38,548046388,56458e43-4266-4c1c-b893-9f9c9a87e879,$200-500
2019-10-01 04:34:05+00:00,purchase,1004870,2.0530135556318828e+18,electronics.smartphone,samsung,286.86,512977906,154afb3c-7ec1-4911-b1e3-8998bff7447b,$200-500
2019-10-01 04:50:51+00:00,purchase,1004777,2.0530135556318828e+18,electronics.smartphone,xiaomi,135.14,537145576,3aeab34f-7a5d-44f4-9b9f-bce7bf05a43d,$100-200
2019-10-01 04:54:10+00:00,purchase,2900516,2.0530135547762445e+18,appliances.kitchen.microwave,dauscher,58.95,531509517,83f2ae21-e31d-4d71-8fd0-953641768424,$50-100
2019-10-01 05:02:50+00:00,purchase,1004211,2.0530135556318828e+18,electronics.smartphone,samsung,97.79,547878505,0221e59d-6094-4d3c-9dba-0ae63e3e21d6,$50-100
2019-10-01 05:04:00+00:00,purchase,1004211,2.0530135556318828e+18,electronics.smartphone,samsung,97.79,547878505,0221e59d-6094-4d3c-9dba-0ae63e3e21d6,$50-100
2019-10-01 05:10:25+00:00,purchase,1004856,2.0530135556318828e+18,electronics.smartphone,samsung,130.76,555491663,25e2a0f4-16fc-4318-a57c-0a71abcda6cf,$100-200
2019-10-01 05:13:34+00:00,purchase,1004566,2.0530135556318828e+18,electronics.smartphone,huawei,175.83,547878505,0221e59d-6094-4d3c-9dba-0ae63e3e21d6,$100-200
2019-10-01 05:14:34+00:00,purchase,1004566,2.0530135556318828e+18,electronics.smartphone,huawei,175.83,547878505,0221e59d-6094-4d3c-9dba-0ae63e3e21d6,$100-200
2019-10-01 05:23:57+00:00,purchase,3800731,2.0530135661763635e+18,appliances.iron,vitek,25.97,512815726,dd7c58ca-ee7e-49cc-bb7b-69910d89699f,<$50
2019-10-01 05:57:14+00:00,purchase,1004873,2.0530135556318828e+18,electronics.smartphone,samsung,388.81,538266294,862044de-bab4-407d-9891-3a929f63c946,$200-500
2019-10-01 06:05:23+00:00,purchase,12300704,2.05301355631136e+18,construction.tools.drill,,90.07,543040105,a9bf1e68-598c-44ff-a222-184477d97d97,$50-100
2019-10-01 06:07:44+00:00,purchase,26400788,2.0530135636513925e+18,unknown,,192.03,538338145,e65947d2-259b-45dc-aba3-74d8244637d3,$100-200
2019-10-01 06:24:25+00:00,purchase,5100575,2.0530135533417925e+18,electronics.clocks,apple,445.7,520907653,82156409-def6-4364-89dd-a024315dec5d,$200-500
2019-10-01 06:29:47+00:00,purchase,1201343,2.172371436436456e+18,electronics.tablet,lenovo,192.76,555511440,cc500ca5-8fcc-4c13-94fd-a17b0f1cb5cc,$100-200
2019-10-01 06:54:43+00:00,purchase,14100635,2.0530135576703145e+18,electronics.audio.acoustic,denn,38.07,554446039,91f06be6-4b28-4a8d-be21-052ba5127c6e,<$50
2019-10-01 07:17:58+00:00,purchase,1002633,2.0530135556318828e+18,electronics.smartphone,apple,360.08,527037229,857134fa-dc02-41d5-a66c-db9968ee7d17,$200-500
2019-10-01 07:25:58+00:00,purchase,1004795,2.0530135556318828e+18,electronics.smartphone,xiaomi,248.89,552497988,f687bb2e-e844-4733-a667-0c0b6e9fb90e,$200-500
2019-10-01 07:44:02+00:00,purchase,1004872,2.0530135556318828e+18,electronics.smartphone,samsung,286.35,538266294,1a3fa798-3146-4f4c-8974-3139b4056f40,$200-500
2019-10-01 07:48:00+00:00,purchase,12200542,2.1169075251765576e+18,sport.bicycle,phoenix,257.12,548046388,38e58e88-e991-4155-bf15-c522663d1c6d,$200-500
2019-10-01 07:51:06+00:00,purchase,16500007,2.053013556462355e+18,unknown,omron,62.52,512972256,9dae308b-7cf2-4b58-a3b8-50ff0233bfbc,$50-100
2019-10-01 08:01:45+00:00,purchase,1307073,2.053013558920217e+18,computers.notebook,acer,669.0,554208263,16e176af-e9be-469c-8d30-706c477c9039,$500-1000
2019-10-01 08:06:23+00:00,purchase,26300405,2.0530135634249e+18,unknown,vega,15.44,529018215,c917f546-bc2d-4ab7-af33-c3846b63f2aa,<$50
2019-10-01 08:07:42+00:00,purchase,1004565,2.0530135556318828e+18,electronics.smartphone,huawei,177.44,555169479,909300d2-37c0-4cce-983a-f3a86e2944ac,$100-200
2019-10-01 08:11:21+00:00,purchase,1005105,2.0530135556318828e+18,electronics.smartphone,apple,1415.48,542555216,759644bf-24fd-4afe-a56d-4e631d165f55,>$1000
2019-10-01 08:29:46+00:00,purchase,1004247,2.0530135556318828e+18,electronics.smartphone,apple,808.59,551711079,586de6e5-d9c4-453d-a37f-6d6227f710e9,$500-1000
2019-10-01 08:40:54+00:00,purchase,1004258,2.0530135556318828e+18,electronics.smartphone,apple,733.81,555550709,d4c9ef75-80d2-4c29-be92-2cc9dd433a1f,$500-1000
2019-10-01 09:06:55+00:00,purchase,1004835,2.0530135556318828e+18,electronics.smartphone,samsung,230.89,514934560,b602f1ad-8a59-48da-8cd7-5525ca8f21e3,$200-500
2019-10-01 09:12:24+00:00,purchase,1004669,2.0530135556318828e+18,electronics.smartphone,xiaomi,74.39,512607231,1b7d9146-0172-4af6-91d8-9ad93a91dde6,$50-100
2019-10-01 09:13:09+00:00,purchase,1307073,2.053013558920217e+18,computers.notebook,acer,669.0,542012116,c41283d8-53cc-459b-8b45-bd5115e495e3,$500-1000
2019-10-01 09:43:42+00:00,purchase,1004741,2.0530135556318828e+18,electronics.smartphone,xiaomi,185.7,551430857,ddd81f39-1d26-4b64-a17b-df839fd99fc8,$100-200
2019-10-01 09:58:25+00:00,purchase,1004767,2.0530135556318828e+18,electronics.smartphone,samsung,254.26,514682461,d34d04e0-3b12-4fd4-b59c-4effbad4b4b3,$200-500
2019-10-01 10:01:21+00:00,purchase,1004767,2.0530135556318828e+18,electronics.smartphone,samsung,254.26,555571434,9fc17d9f-12ca-4163-a34a-c486a98f1cda,$200-500
2019-10-01 10:11:23+00:00,purchase,1004767,2.0530135556318828e+18,electronics.smartphone,samsung,254.26,555571434,074a3cd3-16ce-4d19-b367-635f3f4f270f,$200-500
2019-10-01 10:27:28+00:00,purchase,8800969,2.0530135555731625e+18,electronics.telephone,fly,9.76,555584705,569f2d20-b291-4cfb-9c82-5c453761b297,<$50
2019-10-01 10:30:17+00:00,purchase,3601390,2.053013563810776e+18,appliances.kitchen.washer,samsung,332.6,537242624,71ae7172-552b-4e17-a407-db5d786c4c62,$200-500
2019-10-01 10:39:19+00:00,purchase,1005121,2.0530135556318828e+18,electronics.smartphone,apple,975.57,531373008,2142ef69-0153-446c-b424-f8a47747f0d6,$500-1000
2019-10-01 10:52:05+00:00,purchase,3100341,2.053013555262784e+18,appliances.kitchen.blender,scarlett,12.27,513989287,f145e336-4434-442e-a646-635ef2a5746c,<$50
2019-10-01 11:33:48+00:00,purchase,3601421,2.053013563810776e+18,appliances.kitchen.washer,lg,406.65,512402349,58b0c71d-bc96-4b2f-a416-8ea416b17cab,$200-500
2019-10-01 11:34:06+00:00,purchase,1004708,2.0530135556318828e+18,electronics.smartphone,huawei,154.1,522482923,b14142d1-796a-44a8-9d46-d2557a706515,$100-200
2019-10-01 12:05:14+00:00,purchase,1004836,2.0530135556318828e+18,electronics.smartphone,samsung,241.16,537773446,a0d67b1a-7bc1-4422-a612-2321bd9f5cb8,$200-500
2019-10-01 12:26:12+00:00,purchase,1003304,2.0530135556318828e+18,electronics.smartphone,apple,579.16,516145629,e6576640-6a50-4278-a3f2-613e110eacf4,$500-1000
2019-10-01 12:26:46+00:00,purchase,31501046,2.053013558031025e+18,unknown,luminarc,108.09,519057783,4419d8e8-b897-45f5-bc25-c654d9a22ac5,$100-200
2019-10-01 12:26:57+00:00,purchase,31501046,2.053013558031025e+18,unknown,luminarc,108.09,519057783,4419d8e8-b897-45f5-bc25-c654d9a22ac5,$100-200
2019-10-01 12:31:18+00:00,purchase,3600666,2.053013563810776e+18,appliances.kitchen.washer,samsung,319.14,537242624,8392234a-f035-464d-b84e-5dd80ef2fc08,$200-500
2019-10-01 12:31:18+00:00,purchase,32801089,2.0551569242733944e+18,unknown,kolibri,437.57,543040105,b32c97ea-4891-452e-b8d5-7f582497e1a3,$200-500
2019-10-01 12:39:05+00:00,purchase,3600666,2.053013563810776e+18,appliances.kitchen.washer,samsung,319.14,537242624,df61015a-f7cb-4baa-bece-2e7522db9aeb,$200-500
2019-10-01 13:11:54+00:00,purchase,21401211,2.053013561579406e+18,electronics.clocks,casio,79.02,514803211,beb4d7b1-bfe7-4330-83c9-10cae54747da,$50-100
2019-10-01 13:24:24+00:00,purchase,1002544,2.0530135556318828e+18,electronics.smartphone,apple,464.05,555642312,4b837bb4-6950-4daa-99ad-f13136c45262,$200-500
2019-10-01 13:25:43+00:00,purchase,18001292,2.0530135585259525e+18,unknown,samsung,28.29,555640023,adc41321-38ed-4e09-a082-d80efd048c0d,<$50
2019-10-01 13:29:33+00:00,purchase,6200315,2.0530135522932165e+18,appliances.environment.air_heater,elenberg,33.44,515808447,9797ebe2-09bc-4d2b-ba54-364a391bedfb,<$50
2019-10-01 13:43:08+00:00,purchase,1004856,2.0530135556318828e+18,electronics.smartphone,samsung,130.7,554241210,fb95fbca-994a-476c-b480-922dd2fe3e21,$100-200
2019-10-01 13:45:48+00:00,purchase,5700384,2.053013553970938e+18,auto.accessories.player,pioneer,123.56,513923621,752db86b-4601-47ca-a79c-0366b28c8ff4,$100-200
2019-10-01 13:45:58+00:00,purchase,1003306,2.0530135556318828e+18,electronics.smartphone,apple,587.47,554241210,fb95fbca-994a-476c-b480-922dd2fe3e21,$500-1000
2019-10-01 13:48:06+00:00,purchase,5701084,2.053013553970938e+18,auto.accessories.player,kenwood,140.54,513923621,752db86b-4601-47ca-a79c-0366b28c8ff4,$100-200
2019-10-01 13:48:42+00:00,purchase,1004873,2.0530135556318828e+18,electronics.smartphone,samsung,388.43,555650368,e69d1d41-8b31-420f-ac82-c463a1b98708,$200-500
2019-10-01 13:50:20+00:00,purchase,3700926,2.0530135659834253e+18,appliances.environment.vacuum,samsung,64.05,554241210,18a94469-a232-4468-8939-6fbf226a0d0b,$50-100
2019-10-01 13:52:59+00:00,purchase,6200315,2.0530135522932165e+18,appliances.environment.air_heater,elenberg,33.44,515808447,46a2765e-8b88-4be9-a9f0-f658d3034e90,<$50
2019-10-01 13:55:45+00:00,purchase,12702042,2.0530135535598963e+18,unknown,cordiant,57.92,554034905,c1df63ae-c7d4-46af-8ca2-f268dfb8fbee,$50-100
2019-10-01 14:17:41+00:00,purchase,5701084,2.053013553970938e+18,auto.accessories.player,kenwood,140.54,513923621,82800c67-b0b7-4dd1-bde1-9f61efca125e,$100-200
2019-10-01 14:24:39+00:00,purchase,12705632,2.0530135535598963e+18,unknown,,41.19,555660036,bca3809a-e124-43bd-b2aa-5ad946bdc12b,<$50
2019-10-01 14:42:48+00:00,purchase,1003771,2.0530135556318828e+18,electronics.smartphone,huawei,231.38,518474793,a0af2f9d-31fd-47ac-974b-fea9ba5fa971,$200-500
2019-10-01 15:02:25+00:00,purchase,22700545,2.0530135561687537e+18,unknown,startul,12.0,530990903,bba41914-96cb-432f-b9bd-5b18f05e7e40,<$50
2019-10-01 15:04:42+00:00,purchase,22700076,2.0530135561687537e+18,unknown,stels,34.49,530990903,bba41914-96cb-432f-b9bd-5b18f05e7e40,<$50
2019-10-01 15:29:24+00:00,purchase,2700071,2.053013563911439e+18,appliances.kitchen.refrigerators,atlant,226.49,555491663,b4d62a3f-31f5-453e-b0d9-98390415ec50,$200-500
2019-10-01 15:41:47+00:00,purchase,4300070,2.0530135523854912e+18,unknown,timberk,38.59,538829125,8d1ff315-1208-4862-a36b-fe58409ee249,<$50
2019-10-01 16:06:42+00:00,purchase,50600003,2.134905044833666e+18,auto.accessories.compressor,,145.41,541267483,7b670aba-bfc4-4af8-bf4c-dfa20d2efb7f,$100-200
2019-10-01 16:07:31+00:00,purchase,22700129,2.0530135561687537e+18,unknown,stels,72.02,530990903,bdf05dcd-5535-466d-9379-974b2c8df4fc,$50-100
2019-10-01 16:21:22+00:00,purchase,1005132,2.0530135556318828e+18,electronics.smartphone,apple,1413.16,517674441,4ad92681-45cf-48e1-bfe8-f97b21576944,>$1000
2019-10-01 16:53:46+00:00,purchase,12201346,2.1169075251765576e+18,sport.bicycle,phoenix,128.68,537183347,0ff1d6cf-2059-48f5-8cf4-30dc6f366ffb,$100-200
2019-10-01 17:19:23+00:00,purchase,1005113,2.0530135556318828e+18,electronics.smartphone,apple,1027.05,524678237,a5a43977-acb0-4802-8f36-8963cb082f39,>$1000
2019-10-01 18:16:34+00:00,purchase,1005115,2.0530135556318828e+18,electronics.smartphone,apple,975.56,555744856,c3ba8b27-db00-43b8-a048-7d7f543c73eb,$500-1000
2019-10-01 18:17:50+00:00,purchase,26300594,2.0530135634249e+18,unknown,vega,14.16,541366732,e62cbea9-8542-4726-ae7f-70a560fade79,<$50
2019-10-01 18:19:30+00:00,purchase,1005115,2.0530135556318828e+18,electronics.smartphone,apple,975.56,555744856,c3ba8b27-db00-43b8-a048-7d7f543c73eb,$500-1000
2019-10-01 18:30:39+00:00,purchase,4700478,2.0530135608999288e+18,auto.accessories.videoregister,sho-me,142.81,515115231,c0e9ae10-aede-45e8-83ba-1025e5b4f59c,$100-200
2019-10-01 18:39:27+00:00,purchase,12300066,2.05301355631136e+18,construction.tools.drill,bosch,123.56,515115231,6ed48003-e04d-4d83-aa10-576859e54c65,$100-200
2019-10-01 20:29:01+00:00,purchase,26401640,2.0530135636513925e+18,unknown,,205.93,519967953,d1cd37c4-32be-4261-a974-49b235920476,$200-500
2019-10-01 21:08:56+00:00,purchase,1005106,2.0530135556318828e+18,electronics.smartphone,apple,1541.87,514715087,6d303d85-96ae-4707-b060-e053bb26f161,>$1000
2019-10-01 21:50:02+00:00,purchase,1004872,2.0530135556318828e+18,electronics.smartphone,samsung,286.35,513182701,dfbcf3e7-4602-4313-8c73-b818198e9b43,$200-500
2019-10-01 22:07:38+00:00,purchase,26400292,2.0530135636513925e+18,unknown,lucente,183.27,513212705,e944d9e4-4001-4fb2-a05c-5b7c492f4ade,$100-200
2019-10-01 22:13:45+00:00,purchase,1002538,2.0530135556318828e+18,electronics.smartphone,apple,603.5,515065510,b71a5b29-650c-40df-9a3d-b3cea1bcb2f1,$500-1000
2019-10-01 22:38:59+00:00,purchase,5100790,2.0530135533417925e+18,electronics.clocks,garmin,236.76,544992379,0fe4eb55-fc68-4ced-8560-f08208c64247,$200-500
2019-10-02 02:16:31+00:00,purchase,1005105,2.0530135556318828e+18,electronics.smartphone,apple,1415.48,549560924,527f2557-181c-454a-930e-29a70ee8bc48,>$1000
2019-10-02 02:52:37+00:00,purchase,12706258,2.0530135535598963e+18,unknown,nokian,60.23,515909478,d653a1d4-e3bd-462d-a6e7-25fe5273a012,$50-100
2019-10-02 03:12:37+00:00,purchase,3701228,2.0530135659834253e+18,appliances.environment.vacuum,dyson,571.42,536429657,a915ebd4-3549-4be1-8378-b36720df7e56,$500-1000
2019-10-02 03:16:51+00:00,purchase,15200907,2.0530135534843988e+18,unknown,t-rex,71.8,544749138,af100c3e-3cda-4f2d-8e97-c27ec5b30552,$50-100
2019-10-02 03:36:04+00:00,purchase,1307067,2.053013558920217e+18,computers.notebook,lenovo,251.74,548913793,c7e413da-a8e1-4f49-89d5-539851fc3fed,$200-500
2019-10-02 03:36:57+00:00,purchase,1307067,2.053013558920217e+18,computers.notebook,lenovo,251.74,548913793,c7e413da-a8e1-4f49-89d5-539851fc3fed,$200-500
2019-10-02 04:02:24+00:00,purchase,3600163,2.053013563810776e+18,appliances.kitchen.washer,indesit,179.93,555852905,08635fec-7ff6-4456-8fc1-08d822a5ce3e,$100-200
2019-10-02 04:07:03+00:00,purchase,1004767,2.0530135556318828e+18,electronics.smartphone,samsung,253.16,546764453,05dba1db-d06a-40cd-a59c-4abed498408f,$200-500
2019-10-02 04:28:10+00:00,purchase,1005143,2.0530135556318828e+18,electronics.smartphone,apple,1541.61,522104793,6d638cee-2c52-4d0a-9373-4a9cc51a0c11,>$1000
2019-10-02 04:28:27+00:00,purchase,3100341,2.053013555262784e+18,appliances.kitchen.blender,scarlett,12.27,513989287,bc45f6c5-55d4-4e7d-a252-4b44ffd0e244,<$50
2019-10-02 04:28:36+00:00,purchase,1004856,2.0530135556318828e+18,electronics.smartphone,samsung,130.25,555858785,6edec0a1-c720-487a-b6ba-5a9c06fae51f,$100-200
2019-10-02 04:32:42+00:00,purchase,1004873,2.0530135556318828e+18,electronics.smartphone,samsung,380.83,555859799,3bc8758d-92fd-483f-a34b-ce804fc20b66,$200-500
2019-10-02 04:45:19+00:00,purchase,1003317,2.0530135556318828e+18,electronics.smartphone,apple,939.54,555863319,b623089c-5c4f-4f79-9ebc-770542d866b4,$500-1000
2019-10-02 04:47:22+00:00,purchase,1004785,2.0530135556318828e+18,electronics.smartphone,huawei,276.71,518474793,bf9a8fc6-6e02-48cb-a018-060cd3341f07,$200-500
2019-10-02 05:12:53+00:00,purchase,1004836,2.0530135556318828e+18,electronics.smartphone,samsung,230.89,512402349,5d5af6f0-ad8b-45a4-abfc-a9c8706f71d0,$200-500
2019-10-02 05:16:15+00:00,purchase,3200140,2.0530135553215045e+18,appliances.kitchen.meat_grinder,,44.53,540825741,f86291e4-07ae-4637-903e-182b1061b855,<$50
2019-10-02 05:18:15+00:00,purchase,1004238,2.0530135556318828e+18,electronics.smartphone,apple,1202.09,555542212,393cf4cd-57f7-4754-a7d4-1e016f159717,>$1000
2019-10-02 05:33:38+00:00,purchase,1004766,2.0530135556318828e+18,electronics.smartphone,samsung,253.16,546764453,0d10b334-12c6-41ad-8207-bba4eb4c06d1,$200-500
2019-10-02 05:59:56+00:00,purchase,1004227,2.0530135556318828e+18,electronics.smartphone,apple,1011.28,516943599,1d1793ab-d481-449b-b5ef-bced14fd1b73,>$1000
2019-10-02 06:07:01+00:00,purchase,7203666,2.053013553165632e+18,unknown,lego,104.22,512817581,1953d1fe-4240-40cc-9a9d-11489b1a8def,$100-200
2019-10-02 06:17:44+00:00,purchase,22700068,2.0530135561687537e+18,unknown,force,88.81,529337603,e1f71cd2-991a-42b1-9810-4c681972371a,$50-100
2019-10-02 06:22:55+00:00,purchase,12714768,2.0530135535598963e+18,unknown,tunga,33.46,517819289,58aef2cb-804b-4eea-8cc3-547dfb38a1ef,<$50
2019-10-02 06:23:24+00:00,purchase,1801689,2.0530135544155343e+18,electronics.video.tv,samsung,261.73,552642807,cc212745-77f2-491a-a6e6-fd3a9fb68304,$200-500
2019-10-02 06:27:38+00:00,purchase,1306659,2.053013558920217e+18,computers.notebook,hp,318.41,555889972,ce3246c6-c09d-4763-8481-ae568092bc3a,$200-500
2019-10-02 06:40:01+00:00,purchase,1004858,2.0530135556318828e+18,electronics.smartphone,samsung,132.91,512589865,f41b71f5-8cff-4518-af1d-fcb5ccf8345b,$100-200
2019-10-02 06:44:40+00:00,purchase,1004858,2.0530135556318828e+18,electronics.smartphone,samsung,132.91,512589865,f41b71f5-8cff-4518-af1d-fcb5ccf8345b,$100-200
2019-10-02 06:48:46+00:00,purchase,1306952,2.053013558920217e+18,computers.notebook,apple,2124.89,515612855,26aeac5e-fba2-40a6-a4cd-1b3289966b82,>$1000
2019-10-02 06:49:07+00:00,purchase,5300282,2.0530135631732416e+18,unknown,braun,27.0,519511293,081e3992-5771-4fb3-9a6d-be68711a9a1e,<$50
2019-10-02 06:49:27+00:00,purchase,1306952,2.053013558920217e+18,computers.notebook,apple,2124.89,515612855,26aeac5e-fba2-40a6-a4cd-1b3289966b82,>$1000
2019-10-02 06:53:29+00:00,purchase,12707443,2.0530135535598963e+18,unknown,triangle,48.91,555584705,acf19322-ff81-43b5-b38d-b295820c0e61,<$50
2019-10-02 06:54:59+00:00,purchase,5300282,2.0530135631732416e+18,unknown,braun,27.0,519511293,f18db38a-d35f-48f7-86f2-7d22698c89bd,<$50
2019-10-02 06:55:18+00:00,purchase,1004648,2.0530135556318828e+18,electronics.smartphone,samsung,621.44,539568336,d109f873-86f9-4242-9b53-f1bbc55e0eb9,$500-1000
2019-10-02 07:12:47+00:00,purchase,1005104,2.0530135556318828e+18,electronics.smartphone,apple,975.57,518282571,0d6f605f-a8e3-4912-a1a1-a67db966d011,$500-1000
2019-10-02 07:13:45+00:00,purchase,7006252,2.0530135603462807e+18,kids.carriage,anex,615.2,516432796,f7b44a31-07af-4d96-a0fb-908f85ed0ca9,$500-1000
2019-10-02 07:17:18+00:00,purchase,30000069,2.127425436764865e+18,construction.tools.welding,eurolux,71.56,548046388,2412a2a4-40a6-4213-845d-0f97059cff1c,$50-100
2019-10-02 07:21:50+00:00,purchase,1004767,2.0530135556318828e+18,electronics.smartphone,samsung,253.05,514682461,002ffe55-aa94-4379-a353-2a984cb28d77,$200-500
2019-10-02 07:22:20+00:00,purchase,1004838,2.0530135556318828e+18,electronics.smartphone,oppo,179.14,518282571,3ee032a9-2c2b-479e-9501-c3b7cdfcdc15,$100-200
2019-10-02 07:44:49+00:00,purchase,13104381,2.053013553526342e+18,unknown,,394.73,521428585,18b3d825-c671-4eb0-a9b7-83cedc5d8ff4,$200-500
2019-10-02 07:48:29+00:00,purchase,1005105,2.0530135556318828e+18,electronics.smartphone,apple,1415.48,537751473,3fcd5df0-8799-4e18-ab5e-86c3b9c0901d,>$1000
2019-10-02 07:52:11+00:00,purchase,1004767,2.0530135556318828e+18,electronics.smartphone,samsung,253.05,513083072,be6802c5-eebd-4739-af01-4c76bba0fe55,$200-500
2019-10-02 07:59:16+00:00,purchase,1005031,2.0530135556318828e+18,electronics.smartphone,xiaomi,205.35,518282571,ea20a1e9-7ada-4a0f-a0de-94c27169bf04,$200-500
2019-10-02 08:02:32+00:00,purchase,1004751,2.0530135556318828e+18,electronics.smartphone,samsung,197.59,518282571,ea20a1e9-7ada-4a0f-a0de-94c27169bf04,$100-200
2019-10-02 08:06:01+00:00,purchase,8800773,2.0530135555731625e+18,electronics.telephone,nokia,73.56,542826414,da9d7382-d36b-4aa6-9bac-6f999c011e05,$50-100
2019-10-02 08:10:51+00:00,purchase,1004739,2.0530135556318828e+18,electronics.smartphone,xiaomi,197.17,551730436,b32b7518-699c-47c2-a111-7815b22b4e56,$100-200
2019-10-02 08:13:29+00:00,purchase,1005015,2.0530135556318828e+18,electronics.smartphone,samsung,604.88,544033534,176eefbd-58d5-4145-87bf-e02d60f1adb4,$500-1000
2019-10-02 08:15:20+00:00,purchase,1005105,2.0530135556318828e+18,electronics.smartphone,apple,1415.48,537751473,36c3a1c8-b82b-4905-9642-4af4c9da29b3,>$1000
2019-10-02 08:16:28+00:00,purchase,1201044,2.172371436436456e+18,electronics.tablet,lenovo,193.03,555511440,046288f0-5795-4214-8f87-bded8a0d9533,$100-200
2019-10-02 08:17:22+00:00,purchase,1005105,2.0530135556318828e+18,electronics.smartphone,apple,1415.48,537751473,36c3a1c8-b82b-4905-9642-4af4c9da29b3,>$1000
2019-10-02 08:24:11+00:00,purchase,12400148,2.05301355625264e+18,construction.tools.drill,,51.46,550715342,be329e14-6837-4a04-ba31-860a6177b963,$50-100
2019-10-02 08:31:31+00:00,purchase,26500471,2.053013563550729e+18,unknown,,452.93,544379722,0ede4945-3dc0-44f9-ad0a-2c772cc0b4b9,$200-500
2019-10-02 08:41:36+00:00,purchase,1004873,2.0530135556318828e+18,electronics.smartphone,samsung,388.42,544033534,b8112a7d-6a2c-4d37-a1fc-ba4bbbbcaa48,$200-500
2019-10-02 08:53:26+00:00,purchase,1004909,2.0530135556318828e+18,electronics.smartphone,sony,1026.41,544033534,b8112a7d-6a2c-4d37-a1fc-ba4bbbbcaa48,>$1000
2019-10-02 08:54:37+00:00,purchase,26300353,2.0530135635842836e+18,unknown,lucente,172.72,544680940,7c2ca637-0add-4d52-880f-9fba7b79ccda,$100-200
2019-10-02 09:00:33+00:00,purchase,26600073,2.0530135635171743e+18,unknown,lucente,94.98,544680940,7c2ca637-0add-4d52-880f-9fba7b79ccda,$50-100
2019-10-02 09:05:40+00:00,purchase,14100635,2.0530135576703145e+18,electronics.audio.acoustic,denn,38.07,554446039,e6cd57d6-cbdd-4d4e-a719-22644d2fca59,<$50
2019-10-02 09:10:35+00:00,purchase,1004565,2.0530135556318828e+18,electronics.smartphone,huawei,172.21,518282571,91fe41c7-3d1d-431c-a781-84f7dd44a0a6,$100-200
2019-10-02 09:12:31+00:00,purchase,14100635,2.0530135576703145e+18,electronics.audio.acoustic,denn,38.07,554446039,1506197c-82ff-4024-b1c8-0f2ae199fe46,<$50
2019-10-02 09:13:30+00:00,purchase,1004565,2.0530135556318828e+18,electronics.smartphone,huawei,172.21,518282571,2f738163-ce5a-46e4-ac80-5ed4e1f9c13f,$100-200
2019-10-02 09:23:04+00:00,purchase,1004836,2.0530135556318828e+18,electronics.smartphone,samsung,239.38,513607489,4a69ee69-6c8e-443b-b0ee-d0021ccc1637,$200-500
2019-10-02 09:25:18+00:00,purchase,2401878,2.053013563743667e+18,appliances.kitchen.hood,artel,44.84,513834847,ac637bc8-d0c2-4911-9bfb-a0cd3da58059,<$50
2019-10-02 09:47:14+00:00,purchase,1002524,2.0530135556318828e+18,electronics.smartphone,apple,513.47,553011949,b35cdef2-55ac-4f1b-b3a0-0d31749ba8d8,$500-1000
2019-10-02 10:27:11+00:00,purchase,5301295,2.0530135631732416e+18,unknown,vitek,28.06,555884524,fc40114a-5473-42c3-962a-712e3f9d89c7,<$50
2019-10-02 10:29:43+00:00,purchase,2702350,2.053013563911439e+18,appliances.kitchen.refrigerators,midea,236.56,547577735,d52bfa4f-48df-45b2-a004-f15738a39444,$200-500
2019-10-02 10:42:00+00:00,purchase,1004858,2.0530135556318828e+18,electronics.smartphone,samsung,132.56,537003715,ee3d532b-7c03-42b7-abf4-61093d598c0a,$100-200
2019-10-02 10:50:36+00:00,purchase,5301399,2.0530135631732416e+18,unknown,elenberg,15.42,555884524,1584968c-4c25-494c-aba6-5bdb31f367e9,<$50
2019-10-02 10:57:11+00:00,purchase,1307325,2.053013558920217e+18,computers.notebook,hp,264.87,555889972,9cd0772b-8224-478e-a37c-edb9b612802b,$200-500
2019-10-02 11:18:59+00:00,purchase,1004720,2.0530135556318828e+18,electronics.smartphone,huawei,127.42,555983300,e667b191-e834-44cb-8d88-aadd8086dc48,$100-200
2019-10-02 11:19:04+00:00,purchase,1801766,2.0530135544155343e+18,electronics.video.tv,artel,150.58,530423621,95941146-9a95-4de6-ac52-69c608214c8b,$100-200
2019-10-02 11:27:02+00:00,purchase,1002544,2.0530135556318828e+18,electronics.smartphone,apple,462.61,539711539,6cababea-bfda-4248-8d94-bb325854e0f3,$200-500
2019-10-02 12:00:02+00:00,purchase,1004209,2.0530135556318828e+18,electronics.smartphone,samsung,89.84,541849461,593ed85d-5ae1-4c37-b97e-8670b378344a,$50-100
2019-10-02 12:27:37+00:00,purchase,12702804,2.0530135535598963e+18,unknown,cordiant,43.5,540272176,d5b6a060-251a-43ab-b066-eac2522a3635,<$50
2019-10-02 12:28:45+00:00,purchase,12702804,2.0530135535598963e+18,unknown,cordiant,43.5,540272176,d5b6a060-251a-43ab-b066-eac2522a3635,<$50
2019-10-02 12:50:29+00:00,purchase,1004836,2.0530135556318828e+18,electronics.smartphone,samsung,230.64,536901477,3ac9d988-a50e-4292-9021-a0547607fd4b,$200-500
2019-10-02 12:52:15+00:00,purchase,1004836,2.0530135556318828e+18,electronics.smartphone,samsung,230.64,536901477,3ac9d988-a50e-4292-9021-a0547607fd4b,$200-500
2019-10-02 13:29:39+00:00,purchase,1004144,2.0530135556318828e+18,electronics.smartphone,xiaomi,128.37,512589865,ff96dd4b-7034-4ca7-9126-50bdd81a1f05,$100-200
2019-10-02 13:43:58+00:00,purchase,1004863,2.0530135556318828e+18,electronics.smartphone,samsung,174.34,518691613,2479487a-c66e-4ab4-9a88-5884a60f0639,$100-200
2019-10-02 13:45:38+00:00,purchase,1004768,2.0530135556318828e+18,electronics.smartphone,samsung,253.13,513083072,b1177dd6-706b-4960-a04d-70ef99e1aae2,$200-500
2019-10-02 13:48:45+00:00,purchase,1307237,2.053013558920217e+18,computers.notebook,lenovo,257.38,512607231,99bf4286-ce55-4bf2-8f66-8c62a9eac727,$200-500
2019-10-02 13:48:49+00:00,purchase,16500026,2.053013556462355e+18,unknown,gamma,35.25,530990903,b4c42337-0b53-482e-906e-28f0add9c206,<$50
2019-10-02 14:20:39+00:00,purchase,14100636,2.0530135576703145e+18,electronics.audio.acoustic,denn,34.47,512989934,f669a4e6-4f22-4e6b-90df-13baf535df8a,<$50
2019-10-02 15:34:11+00:00,purchase,1005115,2.0530135556318828e+18,electronics.smartphone,apple,975.56,556066602,918df775-b3b9-4051-8b11-355c07b10fa7,$500-1000
2019-10-02 15:42:37+00:00,purchase,1307366,2.053013558920217e+18,computers.notebook,lenovo,248.63,555889972,2c06d6ac-23d4-4a1e-9d67-0105e39c398b,$200-500
2019-10-02 15:46:32+00:00,purchase,1005118,2.0530135556318828e+18,electronics.smartphone,apple,975.57,522104793,2e0729b1-239d-4f86-a3ed-706c8a21c45f,$500-1000
2019-10-02 15:49:21+00:00,purchase,1307366,2.053013558920217e+18,computers.notebook,lenovo,248.63,555889972,2c06d6ac-23d4-4a1e-9d67-0105e39c398b,$200-500
2019-10-02 15:50:32+00:00,purchase,1004768,2.0530135556318828e+18,electronics.smartphone,samsung,253.13,526219833,afe7b938-913a-434d-a63d-e9afca225bc2,$200-500
2019-10-02 16:08:22+00:00,purchase,17200723,2.0530135597926328e+18,furniture.living_room.sofa,rals,348.44,531775577,87b97214-f874-4c34-ab09-15ccd9c911cb,$200-500
2019-10-02 16:23:02+00:00,purchase,1004956,2.0530135556318828e+18,electronics.smartphone,xiaomi,395.08,525212251,998a10f7-bb74-41eb-b24f-3cbae7cc158c,$200-500
2019-10-02 16:44:45+00:00,purchase,1002544,2.0530135556318828e+18,electronics.smartphone,apple,462.56,539711539,253523f9-5e3e-478c-bc18-6757358bf728,$200-500
2019-10-02 16:58:14+00:00,purchase,1801739,2.0530135544155343e+18,electronics.video.tv,samsung,289.58,556089620,dd0c7536-5eb0-4976-ab32-ad5da9e78fc0,$200-500
2019-10-02 17:13:56+00:00,purchase,15100377,2.053013557024392e+18,unknown,,314.27,546703698,ce920efe-b125-49bb-a9fa-a9404c18324b,$200-500
2019-10-02 17:18:53+00:00,purchase,2900536,2.0530135547762445e+18,appliances.kitchen.microwave,elenberg,51.46,546703698,ce920efe-b125-49bb-a9fa-a9404c18324b,$50-100
2019-10-02 17:36:23+00:00,purchase,5000503,2.053013566100866e+18,appliances.sewing_machine,janome,269.53,555710746,6d83525f-02ff-4b55-b513-f7f0a13e19d2,$200-500
2019-10-02 17:40:30+00:00,purchase,5000503,2.053013566100866e+18,appliances.sewing_machine,janome,269.53,555710746,6d83525f-02ff-4b55-b513-f7f0a13e19d2,$200-500
2019-10-02 17:41:59+00:00,purchase,5800108,2.0530135539457723e+18,electronics.audio.subwoofer,alpine,164.74,514778077,b6122b02-0ef0-4a78-972d-fd753be62663,$100-200
2019-10-02 17:43:18+00:00,purchase,1004249,2.0530135556318828e+18,electronics.smartphone,apple,731.36,554208263,cc3faf7d-7560-45cf-a599-0aa13a480c7d,$500-1000
2019-10-02 17:58:23+00:00,purchase,5700384,2.053013553970938e+18,auto.accessories.player,pioneer,123.56,513923621,34869959-c72b-4379-b0d7-cbe172fc2913,$100-200
2019-10-02 19:02:21+00:00,purchase,1004249,2.0530135556318828e+18,electronics.smartphone,apple,731.16,513849949,867f72e3-728d-4f94-a771-f330f4ac610a,$500-1000
2019-10-02 19:11:17+00:00,purchase,5700610,2.053013553970938e+18,auto.accessories.player,sony,218.77,516138353,d6f82122-c77a-4c11-8c70-2fdb3fb3ddf2,$200-500
2019-10-02 19:11:53+00:00,purchase,1004249,2.0530135556318828e+18,electronics.smartphone,apple,731.16,513849949,7f311a09-8254-4e54-bd10-bcd7d27ecf57,$500-1000
2019-10-02 19:47:54+00:00,purchase,2800442,2.0530135638359416e+18,appliances.kitchen.refrigerators,,249.4,543436579,734fe111-1f50-42f4-acfd-2157315e3df2,$200-500
2019-10-03 01:03:32+00:00,purchase,1201371,2.172371436436456e+18,electronics.tablet,prestigio,76.94,556201645,be640500-8b13-422c-a338-578069146a4f,$50-100
2019-10-03 02:50:07+00:00,purchase,3800548,2.0530135661763635e+18,appliances.iron,vitek,28.29,520853969,72bf7da7-56d1-40a0-98c9-8dabe4d3cd91,<$50
2019-10-03 03:08:19+00:00,purchase,3601489,2.053013563810776e+18,appliances.kitchen.washer,samsung,476.18,519454580,bb1fcc15-237f-4225-902a-9ed3f6f4e77e,$200-500
2019-10-03 03:10:00+00:00,purchase,1002524,2.0530135556318828e+18,electronics.smartphone,apple,513.43,545769281,d0815398-9ac4-42da-9495-0fb80d70a6da,$500-1000
2019-10-03 03:16:42+00:00,purchase,6200971,2.0530135522932165e+18,appliances.environment.air_heater,willmark,8.98,513669680,e13b70d5-ade3-46fb-a46f-af011c5fb2c8,<$50
2019-10-03 03:46:16+00:00,purchase,1801689,2.0530135544155343e+18,electronics.video.tv,samsung,261.73,552642807,33a6e8e9-247e-4f94-b251-1ad66d5b7cee,$200-500
2019-10-03 03:47:12+00:00,purchase,6200971,2.0530135522932165e+18,appliances.environment.air_heater,willmark,8.98,513669680,e5cbc8bf-bc02-42a2-8fe6-46b6bee884cf,<$50
2019-10-03 03:48:26+00:00,purchase,1801689,2.0530135544155343e+18,electronics.video.tv,samsung,261.73,552642807,33a6e8e9-247e-4f94-b251-1ad66d5b7cee,$200-500
2019-10-03 03:48:28+00:00,purchase,1003306,2.0530135556318828e+18,electronics.smartphone,apple,586.49,552640629,91485417-5fa5-4901-b57e-e1cf48df106e,$500-1000
2019-10-03 04:01:15+00:00,purchase,3200429,2.0530135553215045e+18,appliances.kitchen.meat_grinder,vitek,58.41,536022927,e219d836-e122-4ebc-9176-f18e2b6ea1e1,$50-100
2019-10-03 04:03:05+00:00,purchase,1005100,2.0530135556318828e+18,electronics.smartphone,samsung,154.08,513658559,a607ccf9-f95a-413c-ad84-cc663afa9b96,$100-200
2019-10-03 04:14:51+00:00,purchase,1004795,2.0530135556318828e+18,electronics.smartphone,xiaomi,248.89,552497988,d6d887a3-ed2c-4810-9d46-64227ec58c87,$200-500
2019-10-03 04:26:15+00:00,purchase,5000503,2.053013566100866e+18,appliances.sewing_machine,janome,269.53,555710746,53781603-6d7a-4d6b-8011-a5c5b25047e4,$200-500
2019-10-03 04:51:42+00:00,purchase,1005144,2.0530135556318828e+18,electronics.smartphone,apple,1747.79,522104793,3a3dc296-bfe6-4c3e-8111-c60cf5f03c42,>$1000
2019-10-03 04:53:53+00:00,purchase,1005143,2.0530135556318828e+18,electronics.smartphone,apple,1541.61,522104793,3a3dc296-bfe6-4c3e-8111-c60cf5f03c42,>$1000
2019-10-03 04:53:54+00:00,purchase,7004492,2.0530135603462807e+18,kids.carriage,belecoo,102.24,556221500,22fdff14-f236-4fd0-bc72-e2eeaa2ae055,$100-200
2019-10-03 04:55:55+00:00,purchase,1005132,2.0530135556318828e+18,electronics.smartphone,apple,1413.16,522104793,3a3dc296-bfe6-4c3e-8111-c60cf5f03c42,>$1000
2019-10-03 04:59:25+00:00,purchase,1005104,2.0530135556318828e+18,electronics.smartphone,apple,975.57,522104793,3a3dc296-bfe6-4c3e-8111-c60cf5f03c42,$500-1000
2019-10-03 05:10:02+00:00,purchase,3100117,2.053013555262784e+18,appliances.kitchen.blender,panasonic,48.11,522865793,07387d15-b6ce-1b66-012f-6d38fd65e837,<$50
2019-10-03 05:10:10+00:00,purchase,1005102,2.0530135556318828e+18,electronics.smartphone,xiaomi,437.33,522104793,3a3dc296-bfe6-4c3e-8111-c60cf5f03c42,$200-500
2019-10-03 05:13:42+00:00,purchase,11300044,2.0530135555312197e+18,electronics.telephone,panasonic,50.68,522433085,d7122485-51be-4720-89fe-6599db183c30,$50-100
2019-10-03 05:20:18+00:00,purchase,1004249,2.0530135556318828e+18,electronics.smartphone,apple,731.11,513849949,da5e30b0-74bf-4ed0-9bf7-b6eacdfaa4a5,$500-1000
2019-10-03 05:21:20+00:00,purchase,1003712,2.0530135556318828e+18,electronics.smartphone,samsung,746.48,515800729,4cf2c5b0-86f4-4075-b003-968bce71f9c9,$500-1000
2019-10-03 05:23:10+00:00,purchase,4700419,2.0530135608999288e+18,auto.accessories.videoregister,sho-me,141.86,539580457,842ae2b5-3cab-4a66-b604-246a5130e326,$100-200
2019-10-03 05:42:16+00:00,purchase,22700681,2.0530135561687537e+18,unknown,bosch,19.85,533751482,2a0798a3-ca43-4f40-be97-339491f9286f,<$50
2019-10-03 05:50:56+00:00,purchase,4700419,2.0530135608999288e+18,auto.accessories.videoregister,sho-me,141.86,539580457,daa75b7f-014d-4f18-aa7d-b22a2023df58,$100-200
2019-10-03 05:54:27+00:00,purchase,1307073,2.053013558920217e+18,computers.notebook,acer,720.48,542012116,5f20d31d-d061-402e-924c-50aab9a3b1a6,$500-1000
2019-10-03 06:23:18+00:00,purchase,26800012,2.0530135646412485e+18,unknown,housefit,308.89,536991637,d24606cc-7ebf-47cb-97f4-633fc3457167,$200-500
2019-10-03 06:25:45+00:00,purchase,26800007,2.0530135646412485e+18,unknown,housefit,203.35,536991637,d24606cc-7ebf-47cb-97f4-633fc3457167,$200-500
2019-10-03 06:30:01+00:00,purchase,26800012,2.0530135646412485e+18,unknown,housefit,308.89,536991637,d24606cc-7ebf-47cb-97f4-633fc3457167,$200-500
2019-10-03 07:05:02+00:00,purchase,40500172,2.0902284015278495e+18,unknown,apacer,4.86,536125744,e0b059bb-3a91-4ebb-b76c-f06ba890c309,<$50
2019-10-03 07:06:53+00:00,purchase,3600661,2.053013563810776e+18,appliances.kitchen.washer,samsung,295.43,556263976,a2179513-4a16-4ce7-9ed5-1a00185eb315,$200-500
2019-10-03 07:13:11+00:00,purchase,1005115,2.0530135556318828e+18,electronics.smartphone,apple,972.74,540485560,394aa81e-a5e3-4d7a-8497-2dcea2b45c4b,$500-1000
2019-10-03 07:58:26+00:00,purchase,1005105,2.0530135556318828e+18,electronics.smartphone,apple,1415.48,551321178,303dcea1-5bad-4347-8440-f4eed6e1ad98,>$1000
2019-10-03 08:01:29+00:00,purchase,1005105,2.0530135556318828e+18,electronics.smartphone,apple,1415.48,551321178,303dcea1-5bad-4347-8440-f4eed6e1ad98,>$1000
2019-10-03 08:01:38+00:00,purchase,4804056,2.053013554658804e+18,electronics.audio.headphone,apple,161.9,513199186,7cee1f6f-3f72-414f-82fd-13219d80bb8a,$100-200
2019-10-03 08:07:48+00:00,purchase,1005066,2.0530135556318828e+18,electronics.smartphone,xiaomi,233.89,556287026,9dfd974b-f783-4630-8825-c32b18e8bf94,$200-500
2019-10-03 08:14:25+00:00,purchase,1005178,2.0530135556318828e+18,electronics.smartphone,samsung,900.64,516331752,cca8ffee-88b5-4676-a4ae-f9b08ba9de29,$500-1000
2019-10-03 08:20:35+00:00,purchase,1004321,2.0530135556318828e+18,electronics.smartphone,huawei,218.54,552785760,151954ff-5f2d-4665-b7d0-67aeb7cd784b,$200-500
2019-10-03 08:24:52+00:00,purchase,5100816,2.053013553375347e+18,unknown,xiaomi,29.54,523765433,5a978477-2bbb-4afc-999f-3615c6c2c712,<$50
2019-10-03 08:31:46+00:00,purchase,1002524,2.0530135556318828e+18,electronics.smartphone,apple,513.43,555550709,c9286091-2c0d-4880-842b-217ce3841656,$500-1000
2019-10-03 08:33:25+00:00,purchase,13400117,2.0530135570663347e+18,unknown,brw,103.99,512922016,a1649f0a-c1e6-4f63-83f0-9b0da1a9eb7b,$100-200
2019-10-03 08:38:28+00:00,purchase,1004258,2.0530135556318828e+18,electronics.smartphone,apple,730.37,555550709,c9286091-2c0d-4880-842b-217ce3841656,$500-1000
2019-10-03 08:41:51+00:00,purchase,1004836,2.0530135556318828e+18,electronics.smartphone,samsung,230.64,512402349,3592e1f5-652f-410b-928f-1021f8e0e24f,$200-500
2019-10-03 08:42:43+00:00,purchase,4804056,2.053013554658804e+18,electronics.audio.headphone,apple,161.9,513199186,e74b6839-a433-4fa6-8667-4eff3d3f8a2b,$100-200
2019-10-03 09:04:07+00:00,purchase,1004250,2.0530135556318828e+18,electronics.smartphone,apple,800.45,516331752,cca8ffee-88b5-4676-a4ae-f9b08ba9de29,$500-1000
2019-10-03 09:07:56+00:00,purchase,1004210,2.0530135556318828e+18,electronics.smartphone,samsung,89.84,515818100,13be10e3-eaef-407e-9e04-73b0222c498f,$50-100
2019-10-03 09:11:57+00:00,purchase,1004249,2.0530135556318828e+18,electronics.smartphone,apple,731.11,555550709,c98d39bb-16b7-40fc-b1db-33ae861ca2e0,$500-1000
2019-10-03 09:18:25+00:00,purchase,1004659,2.0530135556318828e+18,electronics.smartphone,samsung,731.04,525110179,3bdfed7e-eb03-4da3-8112-a00f45b54981,$500-1000
2019-10-03 09:19:09+00:00,purchase,1004659,2.0530135556318828e+18,electronics.smartphone,samsung,731.04,525110179,3bdfed7e-eb03-4da3-8112-a00f45b54981,$500-1000
2019-10-03 09:20:18+00:00,purchase,1004720,2.0530135556318828e+18,electronics.smartphone,huawei,127.41,516331752,cca8ffee-88b5-4676-a4ae-f9b08ba9de29,$100-200
2019-10-03 09:26:34+00:00,purchase,1002524,2.0530135556318828e+18,electronics.smartphone,apple,513.4,552067735,e3a02e7d-9db8-4c4f-9f60-cc4e42d16f23,$500-1000
2019-10-03 09:30:09+00:00,purchase,26300089,2.0530135635842836e+18,unknown,lucente,271.82,513303717,aedbd273-17de-42b9-8945-ce94f1d6af98,$200-500
2019-10-03 09:48:56+00:00,purchase,26400351,2.0530135636513925e+18,unknown,,158.82,531251311,564e9736-00c5-4b19-9b15-25bb96de9e9f,$100-200
2019-10-03 09:53:41+00:00,purchase,26300102,2.0530135635842836e+18,unknown,lucente,184.56,531251311,564e9736-00c5-4b19-9b15-25bb96de9e9f,$100-200
2019-10-03 10:13:49+00:00,purchase,1005031,2.0530135556318828e+18,electronics.smartphone,xiaomi,203.07,513360490,1446128c-78a3-4c05-b1e4-f3304ac342ea,$200-500
2019-10-03 10:17:11+00:00,purchase,1004904,2.0530135556318828e+18,electronics.smartphone,huawei,110.31,550715342,c18ff674-1cce-4cf2-9638-ca4840a61ae3,$100-200
2019-10-03 10:21:04+00:00,purchase,2800385,2.0530135638359416e+18,appliances.kitchen.refrigerators,,318.77,517641050,5890c7c6-ec0c-4fc7-8acb-ae342846e434,$200-500
2019-10-03 10:23:21+00:00,purchase,2800617,2.0530135638359416e+18,appliances.kitchen.refrigerators,atlant,334.6,517641050,5890c7c6-ec0c-4fc7-8acb-ae342846e434,$200-500
2019-10-03 10:27:16+00:00,purchase,2800617,2.0530135638359416e+18,appliances.kitchen.refrigerators,atlant,334.6,517641050,5890c7c6-ec0c-4fc7-8acb-ae342846e434,$200-500
2019-10-03 10:34:38+00:00,purchase,2100099,2.053013552603595e+18,electronics.video.tv,lg,347.21,515834428,db0ba9a3-7de3-4c9d-8778-dc0acf382033,$200-500
2019-10-03 10:37:06+00:00,purchase,1005121,2.0530135556318828e+18,electronics.smartphone,apple,975.57,514348314,30468f34-5c3a-4f8b-b41c-841940b8303f,$500-1000
2019-10-03 10:43:38+00:00,purchase,8800969,2.0530135555731625e+18,electronics.telephone,fly,9.76,514934608,cb365163-d820-4447-bfc3-af48d6796792,<$50
2019-10-03 11:09:04+00:00,purchase,1002544,2.0530135556318828e+18,electronics.smartphone,apple,462.4,539711539,f86ea1e1-5188-4b1f-aec3-e08e271fee85,$200-500
2019-10-03 11:10:13+00:00,purchase,32400984,2.0530135665622385e+18,unknown,elysium,15.7,552067735,759b8c3c-27f0-41a0-9d31-ec164eda2f6f,<$50
2019-10-03 11:25:04+00:00,purchase,1004870,2.0530135556318828e+18,electronics.smartphone,samsung,286.77,522482923,46b37bfe-7931-431d-afde-8003c40dfe82,$200-500
2019-10-03 11:36:00+00:00,purchase,2800203,2.0530135638359416e+18,appliances.kitchen.refrigerators,,199.17,523263075,8c50dbeb-c3d1-4a89-9748-09e7c48a501c,$100-200
2019-10-03 11:44:57+00:00,purchase,10400418,2.0530135532579064e+18,kids.toys,hb,25.71,523580248,c7084d29-d1be-4fd3-91cf-9b79e8619ae1,<$50
2019-10-03 11:49:59+00:00,purchase,3600760,2.053013563810776e+18,appliances.kitchen.washer,indesit,187.88,517417585,4b01148b-10d5-4e26-a678-f68cf578ce6e,$100-200
2019-10-03 12:07:52+00:00,purchase,1801766,2.0530135544155343e+18,electronics.video.tv,artel,150.56,542357182,a7f05d1c-fecb-4b14-b630-d99a677098ba,$100-200
2019-10-03 12:24:04+00:00,purchase,21700001,2.0530135611264207e+18,unknown,sony,17.99,552651812,9d5161ec-4701-407c-935b-79ffd66b51cc,<$50
2019-10-03 12:33:15+00:00,purchase,26800007,2.0530135646412485e+18,unknown,housefit,203.35,536991637,abe14c96-79ae-4f5e-a63e-cb5b8b58a934,$200-500
2019-10-03 12:39:58+00:00,purchase,26800007,2.0530135646412485e+18,unknown,housefit,203.35,536991637,abbdefd0-b386-42ee-9c3f-ce57018a2138,$200-500
2019-10-03 12:43:42+00:00,purchase,26800012,2.0530135646412485e+18,unknown,housefit,308.89,536991637,abbdefd0-b386-42ee-9c3f-ce57018a2138,$200-500
2019-10-03 12:53:12+00:00,purchase,1004870,2.0530135556318828e+18,electronics.smartphone,samsung,286.77,516612648,0f4b4671-ee5a-43e3-bd5a-2673bbc4dfda,$200-500
2019-10-03 13:03:27+00:00,purchase,1004237,2.0530135556318828e+18,electronics.smartphone,apple,1089.84,523516613,8edf2a54-457d-45b9-951b-f98c4fd1bdc1,>$1000
2019-10-03 13:08:13+00:00,purchase,1004166,2.0530135556318828e+18,electronics.smartphone,xiaomi,146.38,533842490,18a4d6b4-e959-4619-8bd2-777517a8c9e8,$100-200
2019-10-03 13:13:50+00:00,purchase,1002633,2.0530135556318828e+18,electronics.smartphone,apple,359.08,553080748,8d1036eb-f781-404b-ac15-64d2448d05e9,$200-500
2019-10-03 13:18:38+00:00,purchase,34700069,2.0617179374205015e+18,unknown,,9.5,531251311,e11053c5-0a6c-48f2-b1ec-e95611601443,<$50
2019-10-03 13:19:47+00:00,purchase,1004258,2.0530135556318828e+18,electronics.smartphone,apple,730.14,521872439,5e4d1763-8077-41cf-b44d-998e87d677dd,$500-1000
2019-10-03 13:27:39+00:00,purchase,1004227,2.0530135556318828e+18,electronics.smartphone,apple,1008.43,515495868,bb6e7d20-440d-4dd7-90b0-1f298cff49aa,>$1000
2019-10-03 13:54:43+00:00,purchase,1004863,2.0530135556318828e+18,electronics.smartphone,samsung,174.32,556386030,505b06d7-610a-4813-97cd-3de9984d1c36,$100-200
2019-10-03 14:15:51+00:00,purchase,1005118,2.0530135556318828e+18,electronics.smartphone,apple,975.57,512436661,09a2c191-18df-4604-9b5b-30d794e6aa69,$500-1000
2019-10-03 14:28:55+00:00,purchase,4300070,2.0530135523854912e+18,unknown,timberk,38.59,516722156,fba9f553-a463-452d-90a2-90142557f49d,<$50
2019-10-03 14:48:10+00:00,purchase,5300453,2.0530135631732416e+18,unknown,rowenta,53.47,513409969,a28a60ff-3b81-4879-bb70-aca739d73688,$50-100
2019-10-03 16:37:08+00:00,purchase,17400154,2.053013558727279e+18,unknown,,4.76,519511293,fcaf05aa-7429-41bd-a058-01df3c43e3cc,<$50
2019-10-03 16:48:39+00:00,purchase,15800108,2.053013560144954e+18,unknown,alteco,69.11,543040105,d80087e8-2a99-49fd-b676-437337996288,$50-100
2019-10-03 17:10:45+00:00,purchase,1005115,2.0530135556318828e+18,electronics.smartphone,apple,975.56,521117457,4a85c1d2-da35-48c8-91f5-3b1f5d3f8e80,$500-1000
2019-10-03 17:14:53+00:00,purchase,1005031,2.0530135556318828e+18,electronics.smartphone,xiaomi,202.94,556466979,89b46cd6-27f5-43b2-a749-5cc2c157004a,$200-500
2019-10-03 17:18:02+00:00,purchase,30000055,2.127425436764865e+18,construction.tools.welding,,143.35,521117457,4a85c1d2-da35-48c8-91f5-3b1f5d3f8e80,$100-200
2019-10-03 17:45:15+00:00,purchase,26200965,2.0530135636933356e+18,unknown,lucente,161.39,556477024,941c22a0-b3ee-4a87-9967-d0522f3acd14,$100-200
2019-10-03 17:58:47+00:00,purchase,1002544,2.0530135556318828e+18,electronics.smartphone,apple,462.39,553388016,f281ddee-c808-4405-99d5-22e57834a757,$200-500
2019-10-03 18:00:19+00:00,purchase,1003316,2.0530135556318828e+18,electronics.smartphone,apple,931.79,545769281,16c62221-40d5-4842-a30d-f3b6098f81ec,$500-1000
2019-10-03 18:38:13+00:00,purchase,12710241,2.0530135535598963e+18,unknown,nexen,90.09,546497546,13497f28-8e01-4e57-a4b5-229d2f8cc2ea,$50-100
2019-10-03 19:06:51+00:00,purchase,1002629,2.0530135556318828e+18,electronics.smartphone,apple,360.34,516668208,12e7ba7a-e43e-470b-84d4-2b97384107d7,$200-500
2019-10-03 19:08:36+00:00,purchase,5700619,2.053013553970938e+18,auto.accessories.player,jvc,46.33,547384047,a9146008-f7e0-415c-959f-14d6bbfa8b44,<$50
2019-10-03 19:53:17+00:00,purchase,1004246,2.0530135556318828e+18,electronics.smartphone,apple,730.58,532786569,4798f5cf-3503-4b97-abda-23e41f303cee,$500-1000
2019-10-04 00:08:32+00:00,purchase,1002548,2.0530135556318828e+18,electronics.smartphone,apple,561.1,556547388,fb506643-a44b-443d-bd97-ef56119031f3,$500-1000
2019-10-04 00:27:24+00:00,purchase,1306776,2.053013558920217e+18,computers.notebook,lenovo,977.37,512884833,78315b28-6a68-4181-beb8-78f625abeb51,$500-1000
2019-10-04 02:41:24+00:00,purchase,1500450,2.0530135529559163e+18,computers.peripherals.printer,hp,113.79,518674700,5ea7627d-0502-4574-84ec-5f43a6a002d5,$100-200
2019-10-04 02:49:16+00:00,purchase,10900277,2.0530135550698455e+18,appliances.kitchen.mixer,scarlett,15.19,556567335,cfefc0ee-2298-4e2d-b0b1-a477c784a036,<$50
2019-10-04 02:56:49+00:00,purchase,12719361,2.0530135535598963e+18,unknown,nexen,56.63,518839010,45194ef9-ef13-4aa9-b9a2-ce878e858116,$50-100
2019-10-04 03:02:57+00:00,purchase,12718063,2.0530135535598963e+18,unknown,,34.75,518839010,45194ef9-ef13-4aa9-b9a2-ce878e858116,<$50
2019-10-04 03:48:52+00:00,purchase,12500022,2.0530135562778056e+18,unknown,bosch,59.18,548046388,88ac8af0-95e1-46b8-9557-6a72034c72fc,$50-100
2019-10-04 03:58:02+00:00,purchase,3800249,2.0530135661763635e+18,appliances.iron,braun,56.6,548765594,239ca703-224b-44c0-aa58-bdbec231180c,$50-100
2019-10-04 03:59:52+00:00,purchase,1004227,2.0530135556318828e+18,electronics.smartphone,apple,1008.01,513620789,b3df95fc-0acd-4705-a664-4804ff6d2e14,>$1000
2019-10-04 04:18:53+00:00,purchase,20900640,2.053013561453577e+18,unknown,xiaomi,91.38,514491344,5b9fade7-d43d-4ae8-8311-938758ea0fa2,$50-100
2019-10-04 04:25:14+00:00,purchase,1004873,2.0530135556318828e+18,electronics.smartphone,samsung,380.7,515800729,c673ad2a-8610-4c9e-87f3-fd7165c43c67,$200-500
2019-10-04 04:26:53+00:00,purchase,1004751,2.0530135556318828e+18,electronics.smartphone,samsung,197.17,556575565,d93f153d-c813-47d0-b4f5-c7f6ff37b31a,$100-200
2019-10-04 04:27:05+00:00,purchase,3600661,2.053013563810776e+18,appliances.kitchen.washer,samsung,295.41,540825741,2ce6598e-6484-4eb4-82c8-b42c1867440c,$200-500
2019-10-04 04:40:35+00:00,purchase,28708909,2.0530135657485445e+18,apparel.shoes,,43.5,512744061,620c51b2-5b08-46da-8e12-90a1c7a8358a,<$50
2019-10-04 05:01:34+00:00,purchase,5100816,2.053013553375347e+18,unknown,xiaomi,28.56,526717330,483fef2b-fe24-4e67-9242-a94d03f0682d,<$50
2019-10-04 05:09:55+00:00,purchase,1004497,2.0530135556318828e+18,electronics.smartphone,nokia,159.33,556582230,03bfb4dd-3fe7-4a05-a51f-b4fb96407cb6,$100-200
2019-10-04 05:23:12+00:00,purchase,17300215,2.0530135538534976e+18,unknown,dunhill,78.3,515116646,3c6500f0-da96-4e7c-8e22-ce88509e2837,$50-100
2019-10-04 05:32:03+00:00,purchase,3601489,2.053013563810776e+18,appliances.kitchen.washer,samsung,476.18,519454580,1b04db77-1311-4f30-b06d-f042e3e77fdf,$200-500
2019-10-04 05:51:58+00:00,purchase,5100816,2.053013553375347e+18,unknown,xiaomi,28.56,515492329,8aa4e7ad-a549-4b1b-b318-9f996045d739,<$50
2019-10-04 05:54:09+00:00,purchase,1005122,2.0530135556318828e+18,electronics.smartphone,apple,1027.05,521211271,7af289b5-e0a5-4b86-a0e1-c2eb953f3232,>$1000
2019-10-04 06:29:10+00:00,purchase,3701323,2.0530135659834253e+18,appliances.environment.vacuum,bosch,142.06,514795612,bec8a6b9-eda1-4a18-ac37-e29be78626cd,$100-200
2019-10-04 06:42:25+00:00,purchase,6801195,2.0530135542225964e+18,computers.components.hdd,samsung,144.12,522485267,07d5970e-7514-34b2-6b8b-7727193377fb,$100-200
2019-10-04 06:46:08+00:00,purchase,26203417,2.0530135636933356e+18,unknown,,348.93,535935211,1d89c3ad-939f-b39f-2e7e-c3e235166bd3,$200-500
2019-10-04 07:05:52+00:00,purchase,1005135,2.0530135556318828e+18,electronics.smartphone,apple,1747.79,547083581,f13d5627-de4f-4b9f-a10a-3bd67d6377c5,>$1000
2019-10-04 07:27:44+00:00,purchase,30100059,2.0530135561100332e+18,unknown,alteco,38.61,515339292,37234b44-426a-4f49-b443-e03667ad1cfa,<$50
2019-10-04 07:35:42+00:00,purchase,13201277,2.053013557192164e+18,furniture.bedroom.bed,,100.39,513216175,1850aace-9fa4-46bc-8d92-16c3c420c836,$100-200
2019-10-04 08:06:04+00:00,purchase,2900513,2.0530135547762445e+18,appliances.kitchen.microwave,samsung,133.83,549559809,196ba53d-ac47-4373-a11d-09073f1d92da,$100-200
2019-10-04 08:06:41+00:00,purchase,26800007,2.0530135646412485e+18,unknown,housefit,203.35,536991637,40ff2628-422e-4a3a-932f-d39f71e9fa03,$200-500
2019-10-04 08:17:58+00:00,purchase,1004857,2.0530135556318828e+18,electronics.smartphone,samsung,130.25,542307707,a1e00e8e-49fd-4d94-8551-3b1d51a48b97,$100-200
2019-10-04 08:29:07+00:00,purchase,4501656,2.053013563877885e+18,appliances.kitchen.hob,dauscher,122.5,536341073,1d9bd94f-b34b-4bd6-97ec-073bc89a0cf5,$100-200
2019-10-04 08:32:56+00:00,purchase,40600119,2.088750507198776e+18,unknown,huntkey,12.36,513451919,004f5457-4dcc-485f-85d2-57fb1843dd55,<$50
2019-10-04 08:33:23+00:00,purchase,18200005,2.0530135544994204e+18,electronics.audio.acoustic,lg,135.91,512619329,5ab1428d-0c23-4457-9e12-c9c404f2465b,$100-200
2019-10-04 08:36:12+00:00,purchase,17800210,2.05301355986813e+18,computers.desktop,zeta,95.72,513592171,acc746b3-ff19-4f7d-98f6-73adfef7a5bc,$50-100
2019-10-04 08:57:59+00:00,purchase,26900044,2.0530135645993047e+18,sport.trainer,gf,192.75,536991637,c3758321-fee6-4281-bac2-3142452848b6,$100-200
2019-10-04 09:29:56+00:00,purchase,1002524,2.0530135556318828e+18,electronics.smartphone,apple,512.21,514196337,68381534-d0f7-42c6-884c-952ed57250ad,$500-1000
2019-10-04 09:38:30+00:00,purchase,1801766,2.0530135544155343e+18,electronics.video.tv,artel,150.53,531568559,0ef3b26e-43db-4510-94d7-b47c94ed75a0,$100-200
2019-10-04 09:42:40+00:00,purchase,17300838,2.0530135538534976e+18,unknown,,51.48,539679832,10e74690-b73c-45a4-a868-61755039059d,$50-100
2019-10-04 09:45:47+00:00,purchase,5100816,2.053013553375347e+18,unknown,xiaomi,28.56,517868807,70e57193-9f4f-4846-92b3-c18a8a263ca6,<$50
2019-10-04 09:54:35+00:00,purchase,5301290,2.0530135631732416e+18,unknown,,38.59,540150980,51abf519-3882-4528-905c-7db5ce26c015,<$50
2019-10-04 10:07:05+00:00,purchase,1005112,2.0530135556318828e+18,electronics.smartphone,apple,975.57,521346247,4c49ca4a-fa25-472c-9760-8286dd9bcb83,$500-1000
2019-10-04 10:09:00+00:00,purchase,1002544,2.0530135556318828e+18,electronics.smartphone,apple,462.38,527037229,919007d7-2dfc-4a2b-bb69-9055dfa9444c,$200-500
2019-10-04 10:10:23+00:00,purchase,1004767,2.0530135556318828e+18,electronics.smartphone,samsung,252.83,556524066,105c3c84-3cf9-4220-8fc7-ee4c788eea58,$200-500
2019-10-04 10:27:30+00:00,purchase,1003306,2.0530135556318828e+18,electronics.smartphone,apple,584.73,515748907,988cb4f2-bd39-445a-ab14-44941767c376,$500-1000
2019-10-04 10:30:10+00:00,purchase,1004856,2.0530135556318828e+18,electronics.smartphone,samsung,132.05,541733257,63f5b1a2-b46f-42c8-99ec-19482aa92676,$100-200
2019-10-04 10:30:57+00:00,purchase,1004767,2.0530135556318828e+18,electronics.smartphone,samsung,252.83,536777905,918b5912-272b-4b4f-8cac-2b8c1f6defca,$200-500
2019-10-04 10:32:00+00:00,purchase,1802004,2.0530135544155343e+18,electronics.video.tv,yasin,244.22,533704189,7ff3c0d5-d3be-46d2-ba78-781353fcf59e,$200-500
2019-10-04 10:39:25+00:00,purchase,1005118,2.0530135556318828e+18,electronics.smartphone,apple,975.57,515918353,e379cdd3-7d30-4de9-9c6c-bd5d1cc4f67d,$500-1000
2019-10-04 10:44:09+00:00,purchase,1004249,2.0530135556318828e+18,electronics.smartphone,apple,730.18,513849949,611711ad-b038-4edc-b5b9-dd101b0d6280,$500-1000
2019-10-04 10:45:58+00:00,purchase,1002544,2.0530135556318828e+18,electronics.smartphone,apple,462.38,513849949,611711ad-b038-4edc-b5b9-dd101b0d6280,$200-500
2019-10-04 10:47:17+00:00,purchase,1005119,2.0530135556318828e+18,electronics.smartphone,apple,1027.05,515918353,52bba030-87f8-4733-8953-b42f64b1b6a1,>$1000
2019-10-04 10:50:57+00:00,purchase,1005119,2.0530135556318828e+18,electronics.smartphone,apple,1027.05,515918353,52bba030-87f8-4733-8953-b42f64b1b6a1,>$1000
2019-10-04 10:58:55+00:00,purchase,1005100,2.0530135556318828e+18,electronics.smartphone,samsung,153.8,517189689,c1ae3416-961c-446d-be65-fe171e23483c,$100-200
2019-10-04 11:13:04+00:00,purchase,26400217,2.0530135636513925e+18,unknown,,214.42,529870528,37439083-843d-4005-84e7-fd12feecce37,$200-500
2019-10-04 11:15:51+00:00,purchase,4804056,2.053013554658804e+18,electronics.audio.headphone,apple,161.84,518282571,709429c6-4946-4602-b86c-11998d42345d,$100-200
2019-10-04 11:19:05+00:00,purchase,12711558,2.0530135535598963e+18,unknown,triangle,41.19,521922215,a9fe5d50-e5d6-434d-b021-6f101347ac98,<$50
2019-10-04 11:32:00+00:00,purchase,5800108,2.0530135539457723e+18,electronics.audio.subwoofer,alpine,164.74,546176052,eefedfdf-491d-4a18-9e0a-7b1688b6df64,$100-200
2019-10-04 11:32:39+00:00,purchase,5800108,2.0530135539457723e+18,electronics.audio.subwoofer,alpine,164.74,546176052,eefedfdf-491d-4a18-9e0a-7b1688b6df64,$100-200
2019-10-04 11:48:45+00:00,purchase,10900306,2.0530135550698455e+18,appliances.kitchen.mixer,elenberg,12.84,543821103,bba036d3-1416-43e8-b5f2-ac67f16d6036,<$50
2019-10-04 11:54:03+00:00,purchase,5100577,2.0530135533417925e+18,electronics.clocks,samsung,295.1,532597172,09507626-ed60-45df-8aa9-d21541285b5b,$200-500
2019-10-04 11:54:50+00:00,purchase,1004856,2.0530135556318828e+18,electronics.smartphone,samsung,132.05,555426652,31f3ee48-9a57-4f49-9dee-74e3301d38a8,$100-200
2019-10-04 11:54:58+00:00,purchase,5100577,2.0530135533417925e+18,electronics.clocks,samsung,295.1,532597172,09507626-ed60-45df-8aa9-d21541285b5b,$200-500
2019-10-04 11:55:51+00:00,purchase,22600016,2.165087460176953e+18,auto.accessories.compressor,chameleon,75.42,512929771,51342bbc-0fbd-4bbb-9359-72d6e50291bb,$50-100
2019-10-04 12:00:02+00:00,purchase,2900339,2.0530135547762445e+18,appliances.kitchen.microwave,midea,48.88,539619958,428ced9c-3c1b-4996-9164-14222ebfa18e,<$50
2019-10-04 12:14:23+00:00,purchase,26300104,2.0530135635842836e+18,unknown,lucente,642.23,521616428,5a8cda81-9cba-4a7a-82b9-4468fbfb2a25,$500-1000
2019-10-04 12:29:09+00:00,purchase,1801690,2.0530135544155343e+18,electronics.video.tv,samsung,370.58,533704189,df34dd59-d140-46e1-b93a-8fbb0f8fab8f,$200-500
2019-10-04 12:38:26+00:00,purchase,12701257,2.0530135535598963e+18,unknown,triangle,36.81,515095334,ccee7afb-f99a-4eab-be90-d6c0c66950a1,<$50
2019-10-04 12:41:08+00:00,purchase,1004863,2.0530135556318828e+18,electronics.smartphone,samsung,174.05,553279194,7890333f-243f-4d73-b4fd-fa273d54e533,$100-200
2019-10-04 12:42:15+00:00,purchase,1801690,2.0530135544155343e+18,electronics.video.tv,samsung,370.58,516780905,cb70d72e-33e6-4937-a263-54ac7715b848,$200-500
2019-10-04 12:47:17+00:00,purchase,1801766,2.0530135544155343e+18,electronics.video.tv,artel,150.53,516780905,cb70d72e-33e6-4937-a263-54ac7715b848,$100-200
2019-10-04 12:52:06+00:00,purchase,1004839,2.0530135556318828e+18,electronics.smartphone,oppo,179.28,548769127,08d6a05d-1e9f-465f-95ef-ea24e3e59e97,$100-200
2019-10-04 12:52:58+00:00,purchase,1004857,2.0530135556318828e+18,electronics.smartphone,samsung,130.25,513399549,19033b2f-b5fa-4cf7-97cc-ab77cf2998c4,$100-200
2019-10-04 12:58:24+00:00,purchase,2600400,2.0530135639701596e+18,unknown,,231.61,519780088,a8807274-561b-4fe1-b268-1ff9050ee596,$200-500
2019-10-04 13:03:06+00:00,purchase,1801766,2.0530135544155343e+18,electronics.video.tv,artel,150.53,516780905,62be8dc1-a157-4af6-a605-b71179777171,$100-200
2019-10-04 13:06:37+00:00,purchase,1480390,2.0530135610928668e+18,computers.desktop,vectron,334.37,540769753,6024732c-49dc-46a9-ace4-2433ae78c306,$200-500
2019-10-04 13:10:38+00:00,purchase,27900032,2.053013564741912e+18,unknown,,51.22,516780905,98118a84-8277-4b19-88a8-c5330d03ff20,$50-100
2019-10-04 13:11:50+00:00,purchase,1801860,2.0530135544155343e+18,electronics.video.tv,kivi,190.45,516780905,98118a84-8277-4b19-88a8-c5330d03ff20,$100-200
2019-10-04 13:12:45+00:00,purchase,1801860,2.0530135544155343e+18,electronics.video.tv,kivi,190.45,516780905,98118a84-8277-4b19-88a8-c5330d03ff20,$100-200
2019-10-04 13:19:25+00:00,purchase,1480161,2.0530135610928668e+18,computers.desktop,acer,193.03,540769753,8c5c6078-251e-420e-9954-2fd862465ed3,$100-200
2019-10-04 13:19:52+00:00,purchase,1004839,2.0530135556318828e+18,electronics.smartphone,oppo,179.28,518596876,e5fdf47d-436d-4c85-b3a4-266106d1ba65,$100-200
2019-10-04 13:21:29+00:00,purchase,1480160,2.0530135610928668e+18,computers.desktop,acer,257.38,540769753,8c5c6078-251e-420e-9954-2fd862465ed3,$200-500
2019-10-04 13:29:34+00:00,purchase,1005139,2.0530135556318828e+18,electronics.smartphone,apple,2072.1,512709586,4d443e65-e7d2-4fc6-9ed5-63077c622be0,>$1000
2019-10-04 13:30:38+00:00,purchase,1004857,2.0530135556318828e+18,electronics.smartphone,samsung,130.25,513399549,810c4fe5-2ac3-4f3a-ba88-a36042884eab,$100-200
2019-10-04 13:42:08+00:00,purchase,2601810,2.0530135639701596e+18,unknown,artel,155.29,547214995,5f957ed0-fadb-4f75-b536-82c73f9fa94d,$100-200
2019-10-04 13:44:37+00:00,purchase,1004739,2.0530135556318828e+18,electronics.smartphone,xiaomi,196.36,556740808,2d127bda-2bfe-4aa3-bbd7-a39752b1ab77,$100-200
2019-10-04 14:18:02+00:00,purchase,5000310,2.053013566100866e+18,appliances.sewing_machine,brother,101.91,547214995,9698701e-739a-4d20-9d41-608e036bb3f3,$100-200
2019-10-04 14:25:58+00:00,purchase,1004836,2.0530135556318828e+18,electronics.smartphone,samsung,230.61,543661191,24ea7865-693f-4459-8b21-834019fdcc0f,$200-500
2019-10-04 14:41:38+00:00,purchase,1005073,2.0530135556318828e+18,electronics.smartphone,samsung,1171.19,556748333,3891429f-a795-4b55-ab64-dd0e02589545,>$1000
2019-10-04 14:50:57+00:00,purchase,5000575,2.053013566100866e+18,appliances.sewing_machine,janome,102.71,547214995,abc81e2f-2cee-4513-b0e9-ab20fea7a9ca,$100-200
2019-10-04 15:05:37+00:00,purchase,1004856,2.0530135556318828e+18,electronics.smartphone,samsung,132.05,539958828,3f8ea3d8-52f6-45d6-b573-be47a8f02faa,$100-200
2019-10-04 15:07:17+00:00,purchase,1004856,2.0530135556318828e+18,electronics.smartphone,samsung,132.05,547097320,62e87db8-21a1-425f-afe4-84e6d8b17716,$100-200
2019-10-04 15:30:21+00:00,purchase,1005115,2.0530135556318828e+18,electronics.smartphone,apple,975.56,537845432,8a1b30e2-d18b-4d2c-a323-c7c4563634c9,$500-1000
2019-10-04 15:53:21+00:00,purchase,1801805,2.0530135544155343e+18,electronics.video.tv,artel,256.71,521483959,3e85a64e-abb8-4595-a8b0-cf057d76afd9,$200-500
2019-10-04 16:16:36+00:00,purchase,6000227,2.053013560807654e+18,auto.accessories.alarm,starline,157.53,521930426,b26846e0-bdf3-49e3-9e75-68264582aa66,$100-200
2019-10-04 16:27:50+00:00,purchase,1004870,2.0530135556318828e+18,electronics.smartphone,samsung,290.93,515880953,4296578f-123f-4816-b434-e776c5dcb209,$200-500
2019-10-04 16:40:59+00:00,purchase,12710970,2.0530135535598963e+18,unknown,tigar,66.93,521930426,53fb6e9d-602c-4d6e-af70-b1be75759942,$50-100
2019-10-04 16:42:55+00:00,purchase,1003311,2.0530135556318828e+18,electronics.smartphone,apple,705.01,513226836,64972747-ea55-4712-a566-53b487a54354,$500-1000
2019-10-04 16:50:20+00:00,purchase,1002524,2.0530135556318828e+18,electronics.smartphone,apple,511.72,554191237,a6db809a-17ec-447b-8b59-0e9e218f2f98,$500-1000
2019-10-04 17:11:43+00:00,purchase,1306432,2.053013558920217e+18,computers.notebook,hp,1261.04,512760019,7ccfb490-cb22-4295-9c1a-522da0a32553,>$1000
2019-10-04 17:12:12+00:00,purchase,1004833,2.0530135556318828e+18,electronics.smartphone,samsung,173.98,514153344,e8d1ce6a-69ad-4a89-9811-1b8c18525466,$100-200
2019-10-04 17:18:59+00:00,purchase,1004934,2.0530135556318828e+18,electronics.smartphone,vivo,205.85,517699080,a31389d5-0734-4597-981b-d7089e65c6df,$200-500
2019-10-04 17:36:21+00:00,purchase,1005073,2.0530135556318828e+18,electronics.smartphone,samsung,1171.07,521201320,17202215-79d4-4a92-9f8d-54921c79623a,>$1000
2019-10-04 17:37:58+00:00,purchase,5800275,2.0530135539457723e+18,electronics.audio.subwoofer,mystery,172.46,514196337,b533a704-e5e1-4ac9-b9e5-22137835ae74,$100-200
2019-10-04 17:39:37+00:00,purchase,9300012,2.0530135545245865e+18,unknown,lg,150.53,556805308,7255aae0-f60f-4539-80a9-5859d7307959,$100-200
2019-10-04 18:47:45+00:00,purchase,5801345,2.0530135539457723e+18,electronics.audio.subwoofer,,58.95,542216296,bdc069be-f700-47fe-9cd9-daf3096743b9,$50-100
2019-10-04 19:38:08+00:00,purchase,1002548,2.0530135556318828e+18,electronics.smartphone,apple,561.1,556547388,35f4b822-f21f-447e-8aca-2b024d15085d,$500-1000
2019-10-04 19:38:58+00:00,purchase,1002548,2.0530135556318828e+18,electronics.smartphone,apple,561.1,556547388,35f4b822-f21f-447e-8aca-2b024d15085d,$500-1000
2019-10-04 20:04:53+00:00,purchase,1004246,2.0530135556318828e+18,electronics.smartphone,apple,733.41,512493295,7e6b4c65-c5cd-4ba7-b237-3ef32aa76547,$500-1000
2019-10-04 20:58:10+00:00,purchase,9600124,2.0530135611851412e+18,unknown,dji,1612.37,512760019,46ad1a41-4952-4d73-a6c3-c4a1b52b072a,>$1000
2019-10-04 21:30:08+00:00,purchase,1004565,2.0530135556318828e+18,electronics.smartphone,huawei,169.86,551740013,809bf596-7370-4536-9f44-49c4be37d705,$100-200
2019-10-04 21:48:25+00:00,purchase,4804055,2.053013554658804e+18,electronics.audio.headphone,apple,190.48,548018172,d8522417-dce2-4b1a-b1be-3e55bf6c24eb,$100-200
2019-10-04 23:16:24+00:00,purchase,1004767,2.0530135556318828e+18,electronics.smartphone,samsung,252.63,540196070,45d33ed8-d65a-450a-8b86-2ffceae88871,$200-500
2019-10-05 02:54:22+00:00,purchase,12706258,2.0530135535598963e+18,unknown,nokian,60.23,514488518,354ae9db-fe13-4517-8ea8-c07f9caf632b,$50-100
2019-10-05 03:33:51+00:00,purchase,28101520,2.0530135649180723e+18,unknown,kartal,200.78,514997951,d8593e56-b4e0-42b4-9625-6f636b1abe7b,$200-500
2019-10-05 03:45:17+00:00,purchase,12703015,2.0530135535598963e+18,unknown,cordiant,42.99,515722642,16163c94-2ee9-46ef-a44b-b7c18de4cad7,<$50
2019-10-05 03:55:56+00:00,purchase,1004858,2.0530135556318828e+18,electronics.smartphone,samsung,132.56,534194406,d7a838db-fa7c-41c7-b3da-136989d8eda2,$100-200
2019-10-05 03:59:05+00:00,purchase,12703015,2.0530135535598963e+18,unknown,cordiant,42.99,515722642,adaf3f85-5a6e-4656-a630-c74b4d629a8c,<$50
2019-10-05 04:00:11+00:00,purchase,12703015,2.0530135535598963e+18,unknown,cordiant,42.99,515722642,adaf3f85-5a6e-4656-a630-c74b4d629a8c,<$50
2019-10-05 04:00:59+00:00,purchase,1004751,2.0530135556318828e+18,electronics.smartphone,samsung,197.15,516084646,cbe034eb-5298-40a1-b244-dcfbd6a22391,$100-200
2019-10-05 04:01:37+00:00,purchase,12703015,2.0530135535598963e+18,unknown,cordiant,42.99,515722642,adaf3f85-5a6e-4656-a630-c74b4d629a8c,<$50
2019-10-05 04:02:25+00:00,purchase,12703015,2.0530135535598963e+18,unknown,cordiant,42.99,515722642,adaf3f85-5a6e-4656-a630-c74b4d629a8c,<$50
2019-10-05 04:07:23+00:00,purchase,1004833,2.0530135556318828e+18,electronics.smartphone,samsung,172.72,524669656,d5590217-527b-4fa7-a749-a637762808aa,$100-200
2019-10-05 04:21:21+00:00,purchase,1004990,2.0530135556318828e+18,electronics.smartphone,oppo,256.87,518767949,016d9007-766f-4d3a-88e6-894065b3b465,$200-500
2019-10-05 04:24:24+00:00,purchase,1004990,2.0530135556318828e+18,electronics.smartphone,oppo,256.87,518767949,016d9007-766f-4d3a-88e6-894065b3b465,$200-500
2019-10-05 04:40:09+00:00,purchase,4804295,2.053013554658804e+18,electronics.audio.headphone,xiaomi,22.34,526817466,5448720b-cce7-4ed1-ad18-c19e123582ec,<$50
2019-10-05 05:23:17+00:00,purchase,1004874,2.0530135556318828e+18,electronics.smartphone,samsung,380.61,523713000,13601a24-ea6f-4d78-98f5-7f82dc6b8e05,$200-500
2019-10-05 05:42:48+00:00,purchase,12710449,2.0530135535598963e+18,unknown,triangle,41.96,551055433,7ea11a5c-90b3-442e-b11b-6da714daf41e,<$50
2019-10-05 05:46:19+00:00,purchase,1005017,2.0530135556318828e+18,electronics.smartphone,huawei,94.72,519294966,4e01b688-a236-4bb9-9e95-d49563337e4e,$50-100
2019-10-05 05:46:36+00:00,purchase,3701447,2.0530135659834253e+18,appliances.environment.vacuum,xiaomi,81.86,548860124,ab7ce03e-b990-41a3-97bf-c895d35ef3a6,$50-100
2019-10-05 05:53:43+00:00,purchase,5100503,2.053013553375347e+18,unknown,xiaomi,23.09,528371712,094a230f-ae42-462f-8183-5c5ac3606d67,<$50
2019-10-05 06:08:27+00:00,purchase,1004237,2.0530135556318828e+18,electronics.smartphone,apple,1087.54,516770413,022ecb19-fec7-4d08-8ae1-40610c3e6a0f,>$1000
2019-10-05 06:10:22+00:00,purchase,18300169,2.053013558945383e+18,accessories.bag,hp,17.91,519084125,9871779c-ddcd-4783-913e-09a7d26fd87c,<$50
2019-10-05 06:13:05+00:00,purchase,5100816,2.053013553375347e+18,unknown,xiaomi,28.55,555292256,19e50aa9-8778-4a1e-86c9-27728a5bd305,<$50
2019-10-05 06:19:43+00:00,purchase,1004874,2.0530135556318828e+18,electronics.smartphone,samsung,380.61,533202180,ac97e7bd-14d0-492f-94b1-bb83e3f9e24f,$200-500
2019-10-05 06:19:59+00:00,purchase,9100458,2.053013552888808e+18,computers.peripherals.mouse,logitech,14.13,519084125,9871779c-ddcd-4783-913e-09a7d26fd87c,<$50
2019-10-05 06:28:26+00:00,purchase,1002544,2.0530135556318828e+18,electronics.smartphone,apple,462.39,556079769,274fa15d-fa1f-40fa-9e56-e8b891dda03e,$200-500
2019-10-05 06:42:05+00:00,purchase,37500019,2.0767153642044132e+18,unknown,,27.03,531251311,9b6f7cea-c5b2-48f7-b1af-a6bf117f0e39,<$50
2019-10-05 06:45:31+00:00,purchase,1004870,2.0530135556318828e+18,electronics.smartphone,samsung,290.93,515880953,15a0580c-2b0b-4624-80c8-db9d7a67e290,$200-500
2019-10-05 07:01:23+00:00,purchase,12711006,2.0530135535598963e+18,unknown,cordiant,32.95,535579938,5c201109-462d-479e-9f3e-5392ff47f4aa,<$50
2019-10-05 07:06:05+00:00,purchase,1004856,2.0530135556318828e+18,electronics.smartphone,samsung,131.92,519272284,98397033-dc14-4ae6-aafa-d27884f60e78,$100-200
2019-10-05 07:31:23+00:00,purchase,12100790,2.053013555816432e+18,kids.skates,,45.79,519150232,86773862-80c7-4d17-a9b3-7871982b7b02,<$50
2019-10-05 07:34:39+00:00,purchase,1005105,2.0530135556318828e+18,electronics.smartphone,apple,1415.48,551321178,b772a99f-f2de-48f4-b1ae-bb1e6728920b,>$1000
2019-10-05 07:37:40+00:00,purchase,1801690,2.0530135544155343e+18,electronics.video.tv,samsung,370.56,533704189,3389025f-6c06-4b81-a189-166f79f2ee0e,$200-500
2019-10-05 07:39:21+00:00,purchase,1004767,2.0530135556318828e+18,electronics.smartphone,samsung,252.23,550364066,502ebd46-b821-4dd6-973b-ef52cf378006,$200-500
2019-10-05 07:43:22+00:00,purchase,1004247,2.0530135556318828e+18,electronics.smartphone,apple,803.06,523516613,8636689c-0af3-453c-ae68-878c36438b80,$500-1000
2019-10-05 07:45:16+00:00,purchase,1004247,2.0530135556318828e+18,electronics.smartphone,apple,803.06,523516613,13337bda-f095-461b-a4f8-76e109c78c60,$500-1000
2019-10-05 08:04:21+00:00,purchase,1004990,2.0530135556318828e+18,electronics.smartphone,oppo,256.87,518767949,b2d0be15-d078-488e-85ad-a105da1029e9,$200-500
2019-10-05 08:09:20+00:00,purchase,1005113,2.0530135556318828e+18,electronics.smartphone,apple,1027.05,524678237,6d643c56-fbad-41e6-bff4-3c13abecedc0,>$1000
2019-10-05 08:16:28+00:00,purchase,1004578,2.0530135556318828e+18,electronics.smartphone,oppo,257.38,551065323,27576c27-9ee0-410f-bc67-1edd30058624,$200-500
2019-10-05 08:19:59+00:00,purchase,26500134,2.053013563550729e+18,unknown,lucente,84.69,541033436,98ff39d2-b405-41b8-87e8-1912cf5ac385,$50-100
2019-10-05 08:22:52+00:00,purchase,5300213,2.0530135631732416e+18,unknown,rowenta,41.47,541033436,98ff39d2-b405-41b8-87e8-1912cf5ac385,<$50
2019-10-05 08:36:58+00:00,purchase,1005115,2.0530135556318828e+18,electronics.smartphone,apple,975.56,550179457,0b7db8b0-4a4f-4ffe-8726-8dd3bc6f5fe6,$500-1000
2019-10-05 09:06:45+00:00,purchase,1004709,2.0530135556318828e+18,electronics.smartphone,huawei,152.08,519265916,f42119fa-b208-4630-88df-b8c584b9f518,$100-200
2019-10-05 09:07:06+00:00,purchase,1004872,2.0530135556318828e+18,electronics.smartphone,samsung,292.02,530035826,15eaac64-51a5-4f9e-9dd4-622233db480b,$200-500
2019-10-05 09:11:15+00:00,purchase,1004856,2.0530135556318828e+18,electronics.smartphone,samsung,131.92,517326472,3049a3fe-dd06-4a4e-8491-2d2b8cc45c9f,$100-200
2019-10-05 09:15:18+00:00,purchase,42000012,2.1023076503802355e+18,unknown,pt-group,167.31,514077900,5cc77f17-fded-44ba-813a-23f8c31909b7,$100-200
2019-10-05 09:18:18+00:00,purchase,1004858,2.0530135556318828e+18,electronics.smartphone,samsung,132.56,556983378,d2cf1038-ae0c-4c5a-9c62-2c4462a29c96,$100-200
2019-10-05 09:20:05+00:00,purchase,1004858,2.0530135556318828e+18,electronics.smartphone,samsung,132.56,556983378,d2cf1038-ae0c-4c5a-9c62-2c4462a29c96,$100-200
2019-10-05 09:22:51+00:00,purchase,1004785,2.0530135556318828e+18,electronics.smartphone,huawei,272.59,543144058,cfc9383b-2fe8-4d55-86b2-237ea21fbc1f,$200-500
2019-10-05 09:26:18+00:00,purchase,5800865,2.0530135539457723e+18,electronics.audio.subwoofer,edge,163.45,518018191,9e0e68a0-01ff-4bf9-a5a5-9cc898bcef18,$100-200
2019-10-05 09:34:18+00:00,purchase,16500004,2.053013556462355e+18,unknown,omron,54.6,535733535,43e6d527-8f8d-4f37-bd59-f2d2b7360d0f,$50-100
2019-10-05 09:35:25+00:00,purchase,1004785,2.0530135556318828e+18,electronics.smartphone,huawei,272.59,543144058,bb9d4ae5-01e5-465f-bae4-70d80cdb5b60,$200-500
2019-10-05 09:42:46+00:00,purchase,4804295,2.053013554658804e+18,electronics.audio.headphone,xiaomi,22.34,556079769,039529ad-0d12-4684-8107-b74b61ef017e,<$50
2019-10-05 10:33:09+00:00,purchase,12710449,2.0530135535598963e+18,unknown,triangle,41.96,515749183,7a869350-312b-4d95-8896-636f7e034682,<$50
2019-10-05 10:53:43+00:00,purchase,1004659,2.0530135556318828e+18,electronics.smartphone,samsung,731.04,518691613,8f2c974e-9eb1-4876-9cc3-8a2984f1757d,$500-1000
2019-10-05 10:56:00+00:00,purchase,1004836,2.0530135556318828e+18,electronics.smartphone,samsung,230.59,557010297,26fbca68-1bbb-4365-8794-1fb3854be974,$200-500
2019-10-05 11:06:37+00:00,purchase,12703366,2.0530135535598963e+18,unknown,maxxis,88.42,540272176,2e7144fd-b6c6-4b17-8841-18ba6272ba2d,$50-100
2019-10-05 11:30:11+00:00,purchase,1305844,2.053013558920217e+18,computers.notebook,dell,1443.8,556949099,288e1595-73e2-467f-91d8-02cd57b4563a,>$1000
2019-10-05 11:31:44+00:00,purchase,1305844,2.053013558920217e+18,computers.notebook,dell,1443.8,556949099,288e1595-73e2-467f-91d8-02cd57b4563a,>$1000
2019-10-05 11:36:17+00:00,purchase,1004863,2.0530135556318828e+18,electronics.smartphone,samsung,174.05,557020737,bb9fa1a4-9be9-4842-91d7-3801d8d2b33b,$100-200
2019-10-05 11:41:56+00:00,purchase,1004249,2.0530135556318828e+18,electronics.smartphone,apple,730.26,530482376,f2a5f775-c1a5-4a8e-a6d0-53d91976e4b9,$500-1000
2019-10-05 11:55:25+00:00,purchase,1005135,2.0530135556318828e+18,electronics.smartphone,apple,1747.79,554000365,022e1585-f743-427a-82b7-c32bca0ee739,>$1000
2019-10-05 11:56:54+00:00,purchase,1005135,2.0530135556318828e+18,electronics.smartphone,apple,1747.79,554000365,022e1585-f743-427a-82b7-c32bca0ee739,>$1000
2019-10-05 12:00:45+00:00,purchase,2800396,2.0530135638359416e+18,appliances.kitchen.refrigerators,,174.52,554074125,4786c496-10ef-44fc-a40f-c1661bd7fec7,$100-200
2019-10-05 12:08:56+00:00,purchase,29900075,2.059484601444729e+18,unknown,peda,1415.74,552091658,f04e839b-b5d4-44fb-98dd-906698dd3df1,>$1000
2019-10-05 12:09:06+00:00,purchase,1005115,2.0530135556318828e+18,electronics.smartphone,apple,975.56,512744051,6bab19f9-c37c-42ef-b103-347763fd0e90,$500-1000
2019-10-05 12:10:10+00:00,purchase,1004249,2.0530135556318828e+18,electronics.smartphone,apple,730.26,512744051,6bab19f9-c37c-42ef-b103-347763fd0e90,$500-1000
2019-10-05 12:18:00+00:00,purchase,1004856,2.0530135556318828e+18,electronics.smartphone,samsung,131.79,554880563,3e36d3ea-899b-4fbc-96a6-e88378fd56c8,$100-200
2019-10-05 12:32:45+00:00,purchase,1005121,2.0530135556318828e+18,electronics.smartphone,apple,975.57,556711021,5bdc2ec7-a089-4f86-84b9-3c92039a935b,$500-1000
2019-10-05 13:07:46+00:00,purchase,5000403,2.053013566100866e+18,appliances.sewing_machine,brother,97.56,546702419,b3444eb0-a3eb-4f1a-aeb6-28942363c7c2,$50-100
2019-10-05 13:14:11+00:00,purchase,1004767,2.0530135556318828e+18,electronics.smartphone,samsung,252.13,513805831,ecc7488b-0189-4799-bcf2-32f850501d98,$200-500
2019-10-05 13:19:42+00:00,purchase,4804056,2.053013554658804e+18,electronics.audio.headphone,apple,161.83,513805831,ecc7488b-0189-4799-bcf2-32f850501d98,$100-200
2019-10-05 13:21:01+00:00,purchase,1005115,2.0530135556318828e+18,electronics.smartphone,apple,975.56,545929980,34ed8656-7ab8-4737-944f-387d30e6427f,$500-1000
2019-10-05 13:48:50+00:00,purchase,1002524,2.0530135556318828e+18,electronics.smartphone,apple,511.72,552067735,24131325-0b5c-40f2-87d8-219ab2aaa3a8,$500-1000
2019-10-05 13:49:44+00:00,purchase,3601212,2.053013563810776e+18,appliances.kitchen.washer,lg,411.59,548512853,a3b7d353-516c-4fd8-b6d4-ef8480303715,$200-500
2019-10-05 13:54:56+00:00,purchase,1003316,2.0530135556318828e+18,electronics.smartphone,apple,931.81,534615225,cacf26b8-cfd9-468a-9503-df3f7f42146d,$500-1000
2019-10-05 14:08:32+00:00,purchase,1801805,2.0530135544155343e+18,electronics.video.tv,artel,239.7,537626995,a599c16a-f02f-47b8-b2df-b41fe081449d,$200-500
2019-10-05 14:12:58+00:00,purchase,4804056,2.053013554658804e+18,electronics.audio.headphone,apple,161.83,550831865,791a5a50-adb3-4a5b-bc10-7d1ec07fe093,$100-200
2019-10-05 14:14:55+00:00,purchase,1003317,2.0530135556318828e+18,electronics.smartphone,apple,965.02,537626995,a599c16a-f02f-47b8-b2df-b41fe081449d,$500-1000
2019-10-05 14:16:06+00:00,purchase,1801766,2.0530135544155343e+18,electronics.video.tv,artel,150.45,531568559,bac41d47-8771-42ac-9d9e-f011e57d1b96,$100-200
2019-10-05 14:22:49+00:00,purchase,1801766,2.0530135544155343e+18,electronics.video.tv,artel,150.45,531568559,bac41d47-8771-42ac-9d9e-f011e57d1b96,$100-200
2019-10-05 14:28:38+00:00,purchase,1002544,2.0530135556318828e+18,electronics.smartphone,apple,462.39,521828922,7c7670a0-5020-4950-9af9-21f83173e96b,$200-500
2019-10-05 14:31:24+00:00,purchase,1005100,2.0530135556318828e+18,electronics.smartphone,samsung,153.13,557069176,babe3686-8ffc-4f48-805b-cd99e4e7dc12,$100-200
2019-10-05 14:50:43+00:00,purchase,10900114,2.0530135550698455e+18,appliances.kitchen.mixer,saturn,19.41,545522139,1617ec99-23be-4e9b-965f-91dc10bcf783,<$50
2019-10-05 14:58:14+00:00,purchase,1004940,2.0530135556318828e+18,electronics.smartphone,vivo,140.78,557075556,b83e0605-3b0c-47bf-b3aa-cfe97e9868df,$100-200
2019-10-05 14:59:27+00:00,purchase,10800177,2.0530135549943483e+18,unknown,redmond,77.2,545522139,1617ec99-23be-4e9b-965f-91dc10bcf783,$50-100
2019-10-05 15:05:55+00:00,purchase,1005115,2.0530135556318828e+18,electronics.smartphone,apple,975.56,517509341,bfc12736-241b-4c92-916e-fd787ebd1cfa,$500-1000
2019-10-05 15:06:44+00:00,purchase,2900536,2.0530135547762445e+18,appliances.kitchen.microwave,elenberg,51.46,545522139,1617ec99-23be-4e9b-965f-91dc10bcf783,$50-100
2019-10-05 15:07:20+00:00,purchase,1004856,2.0530135556318828e+18,electronics.smartphone,samsung,131.79,557078057,fe8e5f78-779e-4050-850f-61176c3b54a8,$100-200
2019-10-05 15:14:12+00:00,purchase,28714357,2.0530135650690675e+18,apparel.shoes.keds,fly,155.71,557003823,07ba8704-22ee-4792-98cc-e7ab0531a2f9,$100-200
2019-10-05 15:21:16+00:00,purchase,1005115,2.0530135556318828e+18,electronics.smartphone,apple,975.56,517509341,bfc12736-241b-4c92-916e-fd787ebd1cfa,$500-1000
2019-10-05 15:30:04+00:00,purchase,25200057,2.0530135620827223e+18,unknown,,15.42,537712482,1149a6f7-4e54-421c-9bc2-0535e915f46c,<$50
2019-10-05 15:32:56+00:00,purchase,1801805,2.0530135544155343e+18,electronics.video.tv,artel,239.7,557085210,da326220-bbf7-42e6-9a20-73ebe5e15306,$200-500
2019-10-05 15:49:01+00:00,purchase,8700218,2.053013563097744e+18,appliances.personal.hair_cutter,braun,46.31,551287127,ebef2f9e-1cc3-4351-aa06-a2369178bb5e,<$50
2019-10-05 15:55:20+00:00,purchase,22700078,2.0530135561687537e+18,unknown,stels,180.18,557091743,40f9b847-ce12-424a-97de-c4b46815a050,$100-200
2019-10-05 15:56:32+00:00,purchase,22700078,2.0530135561687537e+18,unknown,stels,180.18,557091743,40f9b847-ce12-424a-97de-c4b46815a050,$100-200
2019-10-05 15:59:29+00:00,purchase,4300439,2.0530135523854912e+18,unknown,fanline,220.34,557091743,40f9b847-ce12-424a-97de-c4b46815a050,$200-500
2019-10-05 17:03:23+00:00,purchase,1004833,2.0530135556318828e+18,electronics.smartphone,samsung,173.93,553875809,ecd01b7c-9e2b-420a-969c-afbac8f9e5e8,$100-200
2019-10-05 17:09:06+00:00,purchase,1004794,2.0530135556318828e+18,electronics.smartphone,xiaomi,228.56,512966352,da73f2c6-5f29-4914-bda8-6af63b1d241f,$200-500
2019-10-05 17:10:04+00:00,purchase,38900017,2.0857186361561585e+18,unknown,,69.5,516744457,89050e54-bb43-487d-9c15-89caf48b3beb,$50-100
2019-10-05 17:14:47+00:00,purchase,12710449,2.0530135535598963e+18,unknown,triangle,42.21,536685914,66a87d6d-ed1e-48ea-b559-5dcd1531a018,<$50
2019-10-05 18:57:16+00:00,purchase,4804056,2.053013554658804e+18,electronics.audio.headphone,apple,161.83,554413034,278bd0f6-39f9-4e20-b424-b000f0f32d4d,$100-200
2019-10-05 19:11:16+00:00,purchase,1004856,2.0530135556318828e+18,electronics.smartphone,samsung,131.79,522871388,1d99b93f-24bb-4e91-a912-f27440f1f3da,$100-200
2019-10-05 19:31:46+00:00,purchase,8800754,2.0530135555731625e+18,electronics.telephone,prestigio,9.76,519511293,e72a581f-da3b-491a-90f9-92631e8af5d2,<$50
2019-10-05 19:32:57+00:00,purchase,1480160,2.0530135610928668e+18,computers.desktop,acer,257.38,540769753,a6704fa0-22b4-4d10-8e34-2903bf2cd903,$200-500
2019-10-05 19:33:37+00:00,purchase,15100251,2.053013557024392e+18,unknown,,529.46,553206003,8e55a050-8444-4a56-855e-20fa0e482d89,$500-1000
2019-10-05 19:38:10+00:00,purchase,6800719,2.0530135542225964e+18,computers.components.hdd,,62.46,540769753,a6704fa0-22b4-4d10-8e34-2903bf2cd903,$50-100
2019-10-05 19:45:41+00:00,purchase,1480160,2.0530135610928668e+18,computers.desktop,acer,257.38,540769753,4ff78027-0f4c-40a4-b3a2-2841c21d34b0,$200-500
2019-10-05 19:47:57+00:00,purchase,12709556,2.0530135535598963e+18,unknown,viatti,40.16,514303670,2f9454b0-dfdd-4ab9-b1e3-4476aa43e37a,<$50
2019-10-05 20:20:56+00:00,purchase,5300589,2.0530135631732416e+18,unknown,vitek,11.81,516997888,aef3e518-447b-41a9-9df9-8581b1b5325a,<$50
2019-10-05 21:15:34+00:00,purchase,1480160,2.0530135610928668e+18,computers.desktop,acer,257.38,540769753,c63cb073-001c-4671-8d3a-6d172efce833,$200-500
2019-10-05 21:23:33+00:00,purchase,1004209,2.0530135556318828e+18,electronics.smartphone,samsung,89.84,538437301,8f0dd35f-7fed-489c-bbdf-2aebefc16a0a,$50-100
2019-10-05 22:51:42+00:00,purchase,1004856,2.0530135556318828e+18,electronics.smartphone,samsung,131.79,544697516,69fb5491-c710-4a9e-b6e5-06e57f4c0c5d,$100-200
2019-10-06 02:32:38+00:00,purchase,1004211,2.0530135556318828e+18,electronics.smartphone,samsung,97.79,518473542,023b63ef-9f76-4723-bfa3-37d6a487286f,$50-100
2019-10-06 02:45:35+00:00,purchase,2702521,2.053013563911439e+18,appliances.kitchen.refrigerators,dauscher,131.25,531187035,ccd9b840-cb8f-4021-b89a-e4c9193e15ff,$100-200
2019-10-06 02:46:47+00:00,purchase,2702521,2.053013563911439e+18,appliances.kitchen.refrigerators,dauscher,131.25,531187035,ccd9b840-cb8f-4021-b89a-e4c9193e15ff,$100-200
2019-10-06 04:09:24+00:00,purchase,1004856,2.0530135556318828e+18,electronics.smartphone,samsung,131.77,551287127,9ab2e8cd-d525-44b5-9569-4aeb6bcc0f97,$100-200
2019-10-06 04:10:00+00:00,purchase,1005115,2.0530135556318828e+18,electronics.smartphone,apple,975.56,554563277,8f03ac91-f9a8-440a-b331-d093cc8b03a3,$500-1000
2019-10-06 04:12:52+00:00,purchase,1004249,2.0530135556318828e+18,electronics.smartphone,apple,730.26,554563277,8f03ac91-f9a8-440a-b331-d093cc8b03a3,$500-1000
2019-10-06 04:14:25+00:00,purchase,1004249,2.0530135556318828e+18,electronics.smartphone,apple,730.26,554563277,8f03ac91-f9a8-440a-b331-d093cc8b03a3,$500-1000
2019-10-06 04:24:25+00:00,purchase,1005139,2.0530135556318828e+18,electronics.smartphone,apple,2072.1,512709586,d34d6a92-b877-48b9-a9e7-fa57665d841e,>$1000
2019-10-06 04:25:27+00:00,purchase,1005137,2.0530135556318828e+18,electronics.smartphone,apple,1541.87,512709586,d34d6a92-b877-48b9-a9e7-fa57665d841e,>$1000
2019-10-06 04:58:24+00:00,purchase,3900702,2.053013552326771e+18,appliances.environment.water_heater,thermex,115.75,529035447,78c1fc8a-825c-4415-bbaa-6096e91b34a1,$100-200
2019-10-06 05:13:02+00:00,purchase,1004858,2.0530135556318828e+18,electronics.smartphone,samsung,131.77,557239149,c44f7ee2-095c-4f32-aa67-8c4b4cf020b6,$100-200
2019-10-06 05:17:53+00:00,purchase,1005122,2.0530135556318828e+18,electronics.smartphone,apple,1027.05,522104793,e8067088-53ee-4b05-b298-1ee0c63b7b4f,>$1000
2019-10-06 05:20:57+00:00,purchase,5100866,2.0530135533417925e+18,electronics.clocks,samsung,411.83,522104793,e8067088-53ee-4b05-b298-1ee0c63b7b4f,$200-500
2019-10-06 05:21:18+00:00,purchase,1004708,2.0530135556318828e+18,electronics.smartphone,huawei,153.86,557239149,c44f7ee2-095c-4f32-aa67-8c4b4cf020b6,$100-200
2019-10-06 05:29:07+00:00,purchase,1004858,2.0530135556318828e+18,electronics.smartphone,samsung,131.77,557239149,a731b783-c2b9-4996-9bde-9fa967e176eb,$100-200
2019-10-06 05:41:56+00:00,purchase,1004858,2.0530135556318828e+18,electronics.smartphone,samsung,131.77,557239149,565c3f02-f0f3-4fd6-95ed-b95e418e9cb7,$100-200
2019-10-06 05:48:58+00:00,purchase,3600890,2.053013563810776e+18,appliances.kitchen.washer,indesit,221.34,536910485,a460ee0c-ab4f-40e4-a0ab-f6c8f853e327,$200-500
2019-10-06 05:51:08+00:00,purchase,1004659,2.0530135556318828e+18,electronics.smartphone,samsung,731.04,518691613,05650ad6-36c2-45ca-9a8c-41eb55e29af9,$500-1000
2019-10-06 06:00:26+00:00,purchase,1004795,2.0530135556318828e+18,electronics.smartphone,xiaomi,244.25,557244724,1ac9db8a-0e60-43f3-886c-da049836134f,$200-500
2019-10-06 06:11:06+00:00,purchase,2800594,2.0530135638359416e+18,appliances.kitchen.refrigerators,indesit,313.93,521408258,7b8360ba-9db2-4e51-bcb3-dceab30ed883,$200-500
2019-10-06 06:13:40+00:00,purchase,1004766,2.0530135556318828e+18,electronics.smartphone,samsung,252.26,512631258,980cf875-6a6f-43e2-bfdd-1f7eb8cf1c2f,$200-500
2019-10-06 06:14:34+00:00,purchase,1004766,2.0530135556318828e+18,electronics.smartphone,samsung,252.26,512631258,980cf875-6a6f-43e2-bfdd-1f7eb8cf1c2f,$200-500
2019-10-06 06:16:43+00:00,purchase,3600163,2.053013563810776e+18,appliances.kitchen.washer,indesit,185.05,540931984,f699bcfd-4429-4aaf-a62c-372859a09eab,$100-200
2019-10-06 06:18:05+00:00,purchase,3900380,2.053013552326771e+18,appliances.environment.water_heater,,76.19,516723434,b249e1d3-f266-4aa3-b16b-4e2454d45eb8,$50-100
2019-10-06 06:24:03+00:00,purchase,1004665,2.0530135556318828e+18,electronics.smartphone,samsung,859.14,557009480,41a3e3fb-ee21-404b-a80c-a84303cd4433,$500-1000
2019-10-06 06:29:11+00:00,purchase,1004766,2.0530135556318828e+18,electronics.smartphone,samsung,252.26,512631258,c8467b4f-1e64-4f5d-bf54-d067fc21c14c,$200-500
2019-10-06 06:29:16+00:00,purchase,1004834,2.0530135556318828e+18,electronics.smartphone,samsung,174.05,524755745,d025b8f0-ecab-4b3c-9848-0aa0b85656ec,$100-200
2019-10-06 06:30:36+00:00,purchase,1005100,2.0530135556318828e+18,electronics.smartphone,samsung,152.75,540797212,63211db3-7347-4d4d-90bd-463d410fd8bd,$100-200
2019-10-06 06:30:37+00:00,purchase,12704525,2.0530135535598963e+18,unknown,tunga,28.31,535874956,b0a6bee0-b06e-424b-b58e-67f47a6e07b4,<$50
2019-10-06 06:43:33+00:00,purchase,1004836,2.0530135556318828e+18,electronics.smartphone,samsung,230.59,512402349,6f6ac523-e5cd-4a21-a4bc-f8c8aa43ada6,$200-500
2019-10-06 07:09:58+00:00,purchase,12720364,2.0530135535598963e+18,unknown,roadx,75.42,550119916,3feb40d3-b538-4952-9639-ec758efc43cc,$50-100
2019-10-06 07:13:29+00:00,purchase,1480422,2.0530135610928668e+18,computers.desktop,acer,308.86,540769753,2fd22248-c596-436f-9f04-969b4e6150d2,$200-500
2019-10-06 07:16:36+00:00,purchase,1004136,2.0530135556318828e+18,electronics.smartphone,xiaomi,128.42,557265650,7b87fc50-ca71-4705-b0fb-dbbcf73dfdf3,$100-200
2019-10-06 07:27:00+00:00,purchase,1004237,2.0530135556318828e+18,electronics.smartphone,apple,1086.23,514458824,ec18a16e-2892-43b9-bc31-94c067c54531,>$1000
2019-10-06 07:39:27+00:00,purchase,8800773,2.0530135555731625e+18,electronics.telephone,nokia,73.49,512631258,446f2010-b956-46ba-862b-76334c3a3f27,$50-100
2019-10-06 07:46:41+00:00,purchase,12704648,2.0530135535598963e+18,unknown,michelin,155.73,523575649,91475b1b-49be-41a0-8556-82abfbba84ba,$100-200
2019-10-06 07:49:55+00:00,purchase,5100816,2.053013553375347e+18,unknown,xiaomi,28.8,519050372,668ba1ec-0c2c-4c07-a7ad-9ad3769a889d,<$50
2019-10-06 08:07:14+00:00,purchase,13300066,2.053013557166998e+18,unknown,,345.44,515451218,4b14de63-bc74-47ea-a304-02b70fc06c8c,$200-500
2019-10-06 08:30:48+00:00,purchase,4804295,2.053013554658804e+18,electronics.audio.headphone,xiaomi,23.1,514340570,8f35eadd-84d5-48d5-b776-c83437a3351a,<$50
2019-10-06 08:47:37+00:00,purchase,1004741,2.0530135556318828e+18,electronics.smartphone,xiaomi,190.97,517037919,40213150-4b73-4a04-a624-bca5bb7ec48a,$100-200
2019-10-06 08:48:18+00:00,purchase,1004741,2.0530135556318828e+18,electronics.smartphone,xiaomi,190.97,517037919,40213150-4b73-4a04-a624-bca5bb7ec48a,$100-200
2019-10-06 09:02:46+00:00,purchase,11500445,2.0530135546252493e+18,unknown,xiaomi,24.45,540769753,a60b3195-9793-4e63-ac03-8f0fcf9b974a,<$50
2019-10-06 09:13:07+00:00,purchase,1004857,2.0530135556318828e+18,electronics.smartphone,samsung,130.25,545769281,d5bcd181-e3d8-4894-a3f5-3dd30841de2e,$100-200
2019-10-06 09:14:49+00:00,purchase,3700338,2.0530135659834253e+18,appliances.environment.vacuum,samsung,66.9,519186270,aa9aa52f-9d92-4ebd-bbcd-e1fb7eba916c,$50-100
2019-10-06 09:14:50+00:00,purchase,4000194,2.053013566142809e+18,construction.tools.generator,scarlett,72.05,530270894,fe71174a-75f2-420f-856f-2982182d2810,$50-100
2019-10-06 09:50:16+00:00,purchase,3601461,2.053013563810776e+18,appliances.kitchen.washer,samsung,419.54,540749410,ec4dc20b-333e-4083-9bcc-4d7081bde528,$200-500
2019-10-06 09:58:45+00:00,purchase,3600661,2.053013563810776e+18,appliances.kitchen.washer,samsung,296.53,557307464,8b885de8-ee7d-46ec-8584-2c7dd5d8e821,$200-500
2019-10-06 10:02:22+00:00,purchase,26400217,2.0530135636513925e+18,unknown,,214.42,557313326,9f1baa99-7bf5-4c64-b413-a4b0a0e973ed,$200-500
2019-10-06 10:22:56+00:00,purchase,1004874,2.0530135556318828e+18,electronics.smartphone,samsung,380.25,520361921,71a04bf0-23f5-4978-845d-0438ee84686f,$200-500
2019-10-06 10:24:37+00:00,purchase,1004708,2.0530135556318828e+18,electronics.smartphone,huawei,153.86,520361921,71a04bf0-23f5-4978-845d-0438ee84686f,$100-200
2019-10-06 10:38:22+00:00,purchase,3300349,2.0530135553550587e+18,unknown,redmond,64.32,539615486,affea300-8e34-4798-a88f-8ccc41ec6b28,$50-100
2019-10-06 10:55:49+00:00,purchase,3900003,2.053013552326771e+18,appliances.environment.water_heater,ariston,120.38,516780905,b415fbb0-b9f3-4ef0-a0c5-e83cbba4654b,$100-200
2019-10-06 10:56:18+00:00,purchase,1002544,2.0530135556318828e+18,electronics.smartphone,apple,462.39,515878408,838d9048-5b37-4bf9-851b-fe613175c1f5,$200-500
2019-10-06 10:56:34+00:00,purchase,3900003,2.053013552326771e+18,appliances.environment.water_heater,ariston,120.38,516780905,b415fbb0-b9f3-4ef0-a0c5-e83cbba4654b,$100-200
2019-10-06 10:59:05+00:00,purchase,2601792,2.0530135639701596e+18,unknown,hansa,411.59,533799459,2434b527-55e6-451b-b23c-b595a62b5d52,$200-500
2019-10-06 10:59:48+00:00,purchase,3900535,2.053013552326771e+18,appliances.environment.water_heater,electrolux,102.94,516780905,b415fbb0-b9f3-4ef0-a0c5-e83cbba4654b,$100-200
2019-10-06 11:00:05+00:00,purchase,26500134,2.053013563550729e+18,unknown,lucente,84.69,544379722,1400b2be-336d-4b91-888c-28552532bd0f,$50-100
2019-10-06 11:01:31+00:00,purchase,1002547,2.0530135556318828e+18,electronics.smartphone,apple,460.72,515878408,838d9048-5b37-4bf9-851b-fe613175c1f5,$200-500
2019-10-06 11:01:37+00:00,purchase,2601792,2.0530135639701596e+18,unknown,hansa,411.59,533799459,2434b527-55e6-451b-b23c-b595a62b5d52,$200-500
2019-10-06 11:03:27+00:00,purchase,1002544,2.0530135556318828e+18,electronics.smartphone,apple,462.39,515878408,d025ff69-1c64-4827-b8e8-e120edef0e14,$200-500
2019-10-06 11:19:18+00:00,purchase,1005166,2.0530135556318828e+18,electronics.smartphone,xiaomi,319.16,557329404,f9356dc9-59e4-4a99-ab43-aa087126f397,$200-500
2019-10-06 11:42:51+00:00,purchase,1004237,2.0530135556318828e+18,electronics.smartphone,apple,1086.13,535049502,393f34a2-4e77-4d18-80f5-e7282f7a6511,>$1000
2019-10-06 11:51:12+00:00,purchase,1004249,2.0530135556318828e+18,electronics.smartphone,apple,730.26,554563277,cfb9e42f-c640-44ec-8a4d-1f3e01f61994,$500-1000
2019-10-06 12:00:03+00:00,purchase,1002544,2.0530135556318828e+18,electronics.smartphone,apple,462.35,541543957,bff9eabb-9cf3-47a6-8f8a-b55964ce218b,$200-500
2019-10-06 12:12:29+00:00,purchase,1004858,2.0530135556318828e+18,electronics.smartphone,samsung,131.76,537003715,e7297a82-1e21-46fd-8b31-72b243fd58ad,$100-200
2019-10-06 12:28:09+00:00,purchase,5100577,2.0530135533417925e+18,electronics.clocks,samsung,294.99,531775577,3cd46730-e877-4a77-9c63-fad9e068bdc7,$200-500
2019-10-06 12:33:38+00:00,purchase,5701084,2.053013553970938e+18,auto.accessories.player,kenwood,140.54,513923621,c9f77760-4d80-4e39-ab55-14a3574a9b8f,$100-200
2019-10-06 13:10:46+00:00,purchase,38900084,2.0857186361561585e+18,unknown,,64.09,519057783,ff0c706e-19cd-4c20-ba1e-455dce21a40f,$50-100
2019-10-06 13:14:08+00:00,purchase,12710449,2.0530135535598963e+18,unknown,triangle,42.21,557366866,dd12a167-3323-4c80-97f4-d47fb27882c2,<$50
2019-10-06 13:21:30+00:00,purchase,5600364,2.0530135629131948e+18,unknown,braun,72.05,522485267,e28a97cf-b4bc-4792-ac7c-1ca57be44df8,$50-100
2019-10-06 13:37:14+00:00,purchase,3600661,2.053013563810776e+18,appliances.kitchen.washer,samsung,296.53,556263976,f515ea88-f543-40b2-8563-998b9bb7bbd3,$200-500
2019-10-06 13:46:58+00:00,purchase,2701683,2.053013563911439e+18,appliances.kitchen.refrigerators,beko,228.81,557374252,811d78a7-e868-47a3-b63c-bd4fccaaa1c5,$200-500
2019-10-06 14:01:05+00:00,purchase,1004870,2.0530135556318828e+18,electronics.smartphone,samsung,289.52,514241846,37a38f0f-44f1-44f8-9720-edfa881c8dfa,$200-500
2019-10-06 14:05:49+00:00,purchase,4804055,2.053013554658804e+18,electronics.audio.headphone,apple,192.53,557383164,9bf413d9-cac2-491e-b6bf-e656d9353cf0,$100-200
2019-10-06 14:36:33+00:00,purchase,12703015,2.0530135535598963e+18,unknown,cordiant,42.99,519230787,e3c13221-8e0d-4211-b86f-86d6013aa2bb,<$50
2019-10-06 14:39:31+00:00,purchase,2201094,2.053013560555996e+18,unknown,nikon,411.59,557393912,d2a0b842-7c13-4eb8-9465-657f080586c6,$200-500
2019-10-06 14:40:42+00:00,purchase,3700926,2.0530135659834253e+18,appliances.environment.vacuum,samsung,64.02,547530581,4b4a048c-839f-484d-b10b-fea82f0a4891,$50-100
2019-10-06 14:40:47+00:00,purchase,1004856,2.0530135556318828e+18,electronics.smartphone,samsung,131.76,521922215,46b08c91-c623-4d29-a6ce-666baf9018c4,$100-200
2019-10-06 14:57:51+00:00,purchase,1004209,2.0530135556318828e+18,electronics.smartphone,samsung,89.84,526787425,d1a4537b-cb26-448f-bb79-6ba72b13c008,$50-100
2019-10-06 16:06:27+00:00,purchase,1005014,2.0530135556318828e+18,electronics.smartphone,samsung,603.36,538979070,3f8d62a6-628a-4ea7-9a33-1d29a5cca47d,$500-1000
2019-10-06 16:10:46+00:00,purchase,1004433,2.0530135556318828e+18,electronics.smartphone,samsung,257.15,538979070,3f8d62a6-628a-4ea7-9a33-1d29a5cca47d,$200-500
2019-10-06 16:17:00+00:00,purchase,4804055,2.053013554658804e+18,electronics.audio.headphone,apple,192.53,513530435,4a2760b7-7c1f-48d1-a3c8-d4ecbc6e7820,$100-200
2019-10-06 16:47:06+00:00,purchase,1004856,2.0530135556318828e+18,electronics.smartphone,samsung,130.76,543915919,527177e5-0f98-4a97-8851-1e5b3145866f,$100-200
2019-10-06 16:54:55+00:00,purchase,1004741,2.0530135556318828e+18,electronics.smartphone,xiaomi,190.97,557437166,1c5a234f-5fb9-408f-8101-96ebebf6252f,$100-200
2019-10-06 17:02:33+00:00,purchase,26500133,2.053013563550729e+18,unknown,lucente,104.51,544379722,6a3011a5-56f4-4621-a7ce-71654426ee42,$100-200
2019-10-06 18:15:04+00:00,purchase,1004246,2.0530135556318828e+18,electronics.smartphone,apple,736.03,556547388,a52cf1c3-b2ac-4956-9bc8-0a167a3460e4,$500-1000
2019-10-06 19:31:43+00:00,purchase,1005115,2.0530135556318828e+18,electronics.smartphone,apple,975.56,557486070,124bbc72-9aef-48a2-9b21-e8e8d7daf465,$500-1000
2019-10-06 19:36:07+00:00,purchase,1004839,2.0530135556318828e+18,electronics.smartphone,oppo,177.84,557486070,5e5b705c-96bc-4e53-a464-e24a32398745,$100-200
2019-10-06 19:40:54+00:00,purchase,1004858,2.0530135556318828e+18,electronics.smartphone,samsung,131.76,557486070,e5a77509-6710-4afe-8c89-f077a0e6fcce,$100-200
2019-10-06 19:45:34+00:00,purchase,4900181,2.053013555220841e+18,appliances.kitchen.juicer,elenberg,25.71,557486070,d7f54e4f-f5e9-4498-9092-f669267361c1,<$50
2019-10-06 20:23:21+00:00,purchase,1003801,2.0530135556318828e+18,electronics.smartphone,apple,643.49,539559784,4fa6d3a4-cef0-4cfd-a140-34e822d7a517,$500-1000
2019-10-06 21:02:59+00:00,purchase,1004836,2.0530135556318828e+18,electronics.smartphone,samsung,230.59,557507984,5b004be0-0166-4997-9a8d-ab660da65b12,$200-500
2019-10-06 21:06:00+00:00,purchase,1004836,2.0530135556318828e+18,electronics.smartphone,samsung,230.59,557507984,5b004be0-0166-4997-9a8d-ab660da65b12,$200-500
2019-10-06 21:51:50+00:00,purchase,5100737,2.0530135533417925e+18,electronics.clocks,samsung,150.95,531775577,2e672ad3-f778-48f3-a567-a8856bdac03c,$100-200
2019-10-06 23:45:01+00:00,purchase,22700084,2.0530135561687537e+18,unknown,force,239.38,557530028,ce448285-49d4-4366-b978-cb2c37547c01,$200-500
2019-10-07 01:06:30+00:00,purchase,1004872,2.0530135556318828e+18,electronics.smartphone,samsung,291.96,512549654,a1a798d4-a206-4501-970e-7732fb4b7cd9,$200-500
2019-10-07 01:22:31+00:00,purchase,1004835,2.0530135556318828e+18,electronics.smartphone,samsung,230.63,542135134,8b300ff7-3898-4148-b751-936d56a419e6,$200-500
2019-10-07 02:13:55+00:00,purchase,4804056,2.053013554658804e+18,electronics.audio.headphone,apple,161.75,515357891,efb6bb1b-1da2-43fa-b668-b40d50c23e35,$100-200
2019-10-07 02:14:18+00:00,purchase,4804056,2.053013554658804e+18,electronics.audio.headphone,apple,161.75,515357891,efb6bb1b-1da2-43fa-b668-b40d50c23e35,$100-200
2019-10-07 03:04:33+00:00,purchase,1004750,2.0530135556318828e+18,electronics.smartphone,samsung,197.74,557560802,35186e7a-8cba-4703-b7fa-079ee7d6fe51,$100-200
2019-10-07 03:05:22+00:00,purchase,5300032,2.0530135631732416e+18,unknown,rowenta,66.35,528255525,9057e2ed-cd67-446c-87b0-6fffd0da6483,$50-100
2019-10-07 03:24:08+00:00,purchase,26403421,2.0530135636513925e+18,unknown,,65.64,513033062,e8310396-9b42-4f2c-a4e5-516e9feee387,$50-100
2019-10-07 03:28:38+00:00,purchase,1005179,2.0530135556318828e+18,electronics.smartphone,samsung,900.38,518865697,7e6141d0-86a9-5eca-7fa1-14ef95eadbc4,$500-1000
2019-10-07 03:42:18+00:00,purchase,2702522,2.053013563911439e+18,appliances.kitchen.refrigerators,dauscher,177.59,557564865,c3eb2663-0515-4364-825f-15601eab94fe,$100-200
2019-10-07 03:58:11+00:00,purchase,26201000,2.0530135636933356e+18,unknown,lucente,106.31,557058565,24d217b3-7ef6-4f53-8dfd-e76a5273ad19,$100-200
2019-10-07 04:11:00+00:00,purchase,4803981,2.053013554658804e+18,electronics.audio.headphone,huawei,41.16,532454585,be4b4c79-5998-4d7f-8313-9b12a9c52876,<$50
2019-10-07 04:25:15+00:00,purchase,26400185,2.0530135636513925e+18,unknown,,172.46,531251311,7db3388a-45ea-4a42-82e9-663341a8b9d1,$100-200
2019-10-07 04:50:24+00:00,purchase,4700589,2.0530135608999288e+18,auto.accessories.videoregister,xiaomi,71.56,524060484,96ec9457-1301-4f8f-ba3b-b9afdb92dbf0,$50-100
2019-10-07 04:51:57+00:00,purchase,4700589,2.0530135608999288e+18,auto.accessories.videoregister,xiaomi,71.56,524060484,96ec9457-1301-4f8f-ba3b-b9afdb92dbf0,$50-100
2019-10-07 04:52:07+00:00,purchase,3701244,2.0530135659834253e+18,appliances.environment.vacuum,elenberg,33.44,517873827,9d938e43-e94d-4e66-97c4-676ac5d3518d,<$50
2019-10-07 04:57:37+00:00,purchase,1003304,2.0530135556318828e+18,electronics.smartphone,apple,580.33,557582770,30c84412-f9f3-4a78-a17f-65d03f895aa1,$500-1000
2019-10-07 05:00:01+00:00,purchase,1003304,2.0530135556318828e+18,electronics.smartphone,apple,580.33,557582770,30c84412-f9f3-4a78-a17f-65d03f895aa1,$500-1000
2019-10-07 05:00:38+00:00,purchase,1004249,2.0530135556318828e+18,electronics.smartphone,apple,730.26,554563277,c7b6c4c5-a73e-4412-870e-9a71c412c03b,$500-1000
2019-10-07 05:08:39+00:00,purchase,1004788,2.0530135556318828e+18,electronics.smartphone,xiaomi,133.52,525036219,10a1dceb-e0fd-4473-ab4f-8b081da0aa80,$100-200
2019-10-07 05:30:44+00:00,purchase,1005129,2.0530135556318828e+18,electronics.smartphone,apple,1413.16,529526476,c2814e1a-ec19-4ad3-9f10-3c5ac26d1b1a,>$1000
2019-10-07 05:42:43+00:00,purchase,1005116,2.0530135556318828e+18,electronics.smartphone,apple,1052.79,542998674,e6635388-0b12-4a82-87da-6c9e28f5d28b,>$1000
2019-10-07 06:10:16+00:00,purchase,3601585,2.053013563810776e+18,appliances.kitchen.washer,candy,371.93,547796248,be48c016-9a81-4a37-94a7-a367b562520a,$200-500
2019-10-07 06:11:46+00:00,purchase,12703015,2.0530135535598963e+18,unknown,cordiant,42.99,515722642,8a36b20d-49cc-4b48-902c-9d815bd6d39f,<$50
2019-10-07 06:12:17+00:00,purchase,3601127,2.053013563810776e+18,appliances.kitchen.washer,haier,321.73,547796248,be48c016-9a81-4a37-94a7-a367b562520a,$200-500
2019-10-07 06:12:50+00:00,purchase,1004767,2.0530135556318828e+18,electronics.smartphone,samsung,251.47,557600187,b3eb7b22-f6ba-487c-8277-83c4360ca810,$200-500
2019-10-07 06:30:30+00:00,purchase,13100446,2.053013553526342e+18,unknown,,96.37,521501629,3b83be67-e8ef-4275-8d07-50265a6b0332,$50-100
2019-10-07 06:38:07+00:00,purchase,1004888,2.0530135556318828e+18,electronics.smartphone,samsung,230.89,542135134,5d5a78e8-6921-4321-8822-68b33c3ddb60,$200-500
2019-10-07 06:44:08+00:00,purchase,5100737,2.0530135533417925e+18,electronics.clocks,samsung,150.95,531775577,ea66635f-7a1c-4abd-a691-a5bdd9734cd3,$100-200
2019-10-07 06:44:46+00:00,purchase,13400099,2.0530135570663347e+18,unknown,,171.69,515944653,39719947-492e-4ab9-ba52-5e0cf672cb1c,$100-200
2019-10-07 06:59:28+00:00,purchase,3600163,2.053013563810776e+18,appliances.kitchen.washer,indesit,185.05,553864601,32086da2-63fc-49e5-a965-c2c05567cc8e,$100-200
2019-10-07 07:13:51+00:00,purchase,1004750,2.0530135556318828e+18,electronics.smartphone,samsung,197.77,533604671,fbef1135-8fb7-4080-a7c8-0f512cbf81aa,$100-200
2019-10-07 07:18:11+00:00,purchase,1004767,2.0530135556318828e+18,electronics.smartphone,samsung,251.45,549560924,07bc4dc8-9de5-4655-9c7d-1c2c1e0a5080,$200-500
2019-10-07 07:26:40+00:00,purchase,4804056,2.053013554658804e+18,electronics.audio.headphone,apple,161.22,535619789,ce376a5a-a3de-480e-96df-402587d9072d,$100-200
2019-10-07 07:34:10+00:00,purchase,8500123,2.053013552259662e+18,unknown,,191.08,516972598,037baf5b-d472-4749-8166-14c4eaaac1bf,$100-200
2019-10-07 07:41:08+00:00,purchase,1004870,2.0530135556318828e+18,electronics.smartphone,samsung,289.51,513618909,d4ac8497-0f0c-49ac-81c8-3d00c0aa5bda,$200-500
2019-10-07 07:42:53+00:00,purchase,1004870,2.0530135556318828e+18,electronics.smartphone,samsung,289.51,551317429,4ee876a4-cb6a-41fc-913b-987bc45fd587,$200-500
2019-10-07 07:46:38+00:00,purchase,1004836,2.0530135556318828e+18,electronics.smartphone,samsung,230.59,524807261,b810b9b2-ea66-41b8-a1d6-617691624e3d,$200-500
2019-10-07 08:20:46+00:00,purchase,12711630,2.0530135535598963e+18,unknown,yokohama,74.65,534607233,967b242d-9084-4476-b2d7-cd23244af7d4,$50-100
2019-10-07 08:25:07+00:00,purchase,5100718,2.0530135533417925e+18,electronics.clocks,samsung,150.95,551417698,59ec239b-7e6c-438f-b9a8-b76cd9afc3fa,$100-200
2019-10-07 08:33:59+00:00,purchase,1004856,2.0530135556318828e+18,electronics.smartphone,samsung,131.76,557639513,8516906a-a542-4c4e-8390-8e6072648509,$100-200
2019-10-07 08:52:46+00:00,purchase,13104605,2.053013553526342e+18,unknown,trebl,98.33,521501629,a1eaa11d-1058-490e-a5c3-2cc9410c113d,$50-100
2019-10-07 09:06:39+00:00,purchase,1002633,2.0530135556318828e+18,electronics.smartphone,apple,358.57,513114508,d69d7dea-e62b-4f6d-9d1f-f5bc636a4e97,$200-500
2019-10-07 09:13:49+00:00,purchase,3601241,2.053013563810776e+18,appliances.kitchen.washer,lg,350.63,519261372,6d34b58b-335f-4a04-9f7e-6e196fe64c4a,$200-500
2019-10-07 09:14:05+00:00,purchase,1004833,2.0530135556318828e+18,electronics.smartphone,samsung,173.88,534084773,3fd453db-cee8-4b28-98f4-a9a747543e46,$100-200
2019-10-07 09:14:51+00:00,purchase,1801690,2.0530135544155343e+18,electronics.video.tv,samsung,370.5,556089620,9576c55b-ae9f-4537-bbce-c0d613997ec1,$200-500
2019-10-07 09:26:56+00:00,purchase,1004741,2.0530135556318828e+18,electronics.smartphone,xiaomi,190.97,557650233,30e83485-481c-4b57-9494-5bae449786e9,$100-200
2019-10-07 09:33:40+00:00,purchase,1005161,2.0530135556318828e+18,electronics.smartphone,xiaomi,231.41,515656866,1fac4add-7065-477c-82f5-95aab9dca093,$200-500
2019-10-07 09:40:42+00:00,purchase,20900598,2.053013561453577e+18,unknown,,55.09,514491344,4a7359ea-4b5a-4cd5-ab07-a3062923d621,$50-100
2019-10-07 10:11:26+00:00,purchase,1307074,2.053013558920217e+18,computers.notebook,acer,720.22,542012116,bb4e9b43-38f2-42c1-9b04-fc0ac644c01e,$500-1000
2019-10-07 10:12:54+00:00,purchase,1004767,2.0530135556318828e+18,electronics.smartphone,samsung,251.45,514749247,2981a1bd-49b9-4224-8fbc-8aa7a132ee24,$200-500
2019-10-07 10:28:47+00:00,purchase,1004857,2.0530135556318828e+18,electronics.smartphone,samsung,130.25,553845980,79c38e7c-2bd6-4ef7-9696-c9d7d4087cdc,$100-200
2019-10-07 11:08:08+00:00,purchase,26200211,2.0530135636933356e+18,unknown,,277.74,525247856,88f9c429-c7eb-4fae-b36f-c669fb41a934,$200-500
2019-10-07 11:18:33+00:00,purchase,17302978,2.0530135538534976e+18,unknown,montale,19.31,517421717,1b3656d2-c701-4262-858e-05140fb92a4c,<$50
2019-10-07 11:44:58+00:00,purchase,1004872,2.0530135556318828e+18,electronics.smartphone,samsung,291.93,553451701,48619a0c-0876-4e90-9d70-2a0aff70908b,$200-500
2019-10-07 12:05:35+00:00,purchase,4700422,2.0530135608999288e+18,auto.accessories.videoregister,neoline,110.39,527951814,b40b7b22-9bc4-48a0-b587-a568257a1475,$100-200
2019-10-07 12:25:08+00:00,purchase,3900590,2.053013552326771e+18,appliances.environment.water_heater,electrolux,128.68,525390824,c37a26c5-8c45-4129-bb4d-b5920c35c5d0,$100-200
2019-10-07 12:32:32+00:00,purchase,1004856,2.0530135556318828e+18,electronics.smartphone,samsung,131.76,516839290,3ecf551c-4260-4c27-9c19-ff788e125917,$100-200
2019-10-07 12:34:47+00:00,purchase,15200237,2.0530135534843988e+18,unknown,akom,77.22,523996336,d8cb5c17-ba18-440b-9e0f-5eb4c83f1c58,$50-100
2019-10-07 12:37:02+00:00,purchase,1004858,2.0530135556318828e+18,electronics.smartphone,samsung,131.76,516839290,d3740312-c7ce-47cf-a7e1-44bda0bef475,$100-200
2019-10-07 12:38:16+00:00,purchase,1004856,2.0530135556318828e+18,electronics.smartphone,samsung,131.76,516839290,1f3b0c48-b02e-4d61-bd5f-02e8d1dfe37d,$100-200
2019-10-07 12:47:29+00:00,purchase,1480422,2.0530135610928668e+18,computers.desktop,acer,308.86,552067735,5533d61d-37bc-4991-af9e-341bd64fb146,$200-500
2019-10-07 12:57:32+00:00,purchase,2702347,2.053013563911439e+18,appliances.kitchen.refrigerators,lg,552.08,552067735,5533d61d-37bc-4991-af9e-341bd64fb146,$500-1000
2019-10-07 13:03:40+00:00,purchase,1004887,2.0530135556318828e+18,electronics.smartphone,oppo,151.84,549522034,84497057-ad6b-4556-8ce7-7cf04371388b,$100-200
2019-10-07 13:07:26+00:00,purchase,1480428,2.0530135610928668e+18,computers.desktop,acer,231.59,552067735,3eaaedf7-6525-45e1-847b-bb4a74aee487,$200-500
2019-10-07 13:54:09+00:00,purchase,26401613,2.0530135636513925e+18,unknown,,157.02,531251311,32ff38e0-6640-4b17-888c-57e72522e0b3,$100-200
2019-10-07 14:06:01+00:00,purchase,1005116,2.0530135556318828e+18,electronics.smartphone,apple,1052.79,517509341,25b86034-fe3e-4e4e-97a2-119c80d7872d,>$1000
2019-10-07 14:09:03+00:00,purchase,1003317,2.0530135556318828e+18,electronics.smartphone,apple,952.28,517509341,25b86034-fe3e-4e4e-97a2-119c80d7872d,$500-1000
2019-10-07 14:11:26+00:00,purchase,11900069,2.084217994270999e+18,unknown,,86.49,557738871,a425291a-fc01-4bf5-8567-cb0ee8441cd5,$50-100
2019-10-07 14:35:02+00:00,purchase,18400124,2.0530135539122176e+18,unknown,,1230.69,525896340,6115e2a3-51e4-4f27-977b-efdfc69d3dac,>$1000
2019-10-07 14:48:49+00:00,purchase,4804056,2.053013554658804e+18,electronics.audio.headphone,apple,160.36,513792722,147638eb-e754-4815-935d-b9628c602f52,$100-200
2019-10-07 14:53:23+00:00,purchase,5100337,2.0530135533417925e+18,electronics.clocks,apple,321.48,543040105,8c30b27e-4588-4ae0-be8d-f7b504d67263,$200-500
2019-10-07 15:02:09+00:00,purchase,1307233,2.053013558920217e+18,computers.notebook,asus,1383.83,552505576,86497f9b-01b1-458e-bbf6-d7650907d4d5,>$1000
2019-10-07 15:09:06+00:00,purchase,26016675,2.0530135628376973e+18,unknown,,8.55,518068784,8b884c65-953b-486f-b411-60fb96c279cc,<$50
2019-10-07 15:10:11+00:00,purchase,10501275,2.0530135531991864e+18,unknown,mattel,15.93,521802197,54d7afbb-6277-4380-a535-8d7c899de9d8,<$50
2019-10-07 15:16:59+00:00,purchase,1005168,2.0530135556318828e+18,electronics.smartphone,samsung,233.66,545256701,a8cd3563-2176-4094-98d2-f70b0add06b6,$200-500
2019-10-07 15:41:26+00:00,purchase,5701107,2.053013553970938e+18,auto.accessories.player,pioneer,141.57,513923621,75b9d9e6-b095-45a8-9b03-90fc29e3f4d9,$100-200
2019-10-07 15:54:57+00:00,purchase,5300453,2.0530135631732416e+18,unknown,rowenta,52.77,557769987,88b35703-f628-4ec0-8da5-f04cb26ac4b5,$50-100
2019-10-07 16:09:28+00:00,purchase,12700979,2.0530135535598963e+18,unknown,nokian,74.13,427908425,062015be-9961-4dd8-8e9f-ca07c415ccc3,$50-100
2019-10-07 16:11:19+00:00,purchase,3601423,2.053013563810776e+18,appliances.kitchen.washer,candy,231.64,539341975,08d54217-c659-48fe-9038-6c3e0c9277d9,$200-500
2019-10-07 17:26:04+00:00,purchase,1004833,2.0530135556318828e+18,electronics.smartphone,samsung,170.92,515296645,a5c8394c-01b8-49b6-a5ae-a4437df4e0ad,$100-200
2019-10-07 17:57:49+00:00,purchase,22700128,2.0530135561687537e+18,unknown,stels,65.64,557804835,281f82dc-054a-4228-9f9d-dda0ee10663a,$50-100
2019-10-07 18:04:55+00:00,purchase,1004767,2.0530135556318828e+18,electronics.smartphone,samsung,250.97,519303683,ecea58f2-1c55-4d10-a5ac-f89fc2d68623,$200-500
2019-10-07 18:09:50+00:00,purchase,6301260,2.0530135548349647e+18,appliances.kitchen.kettle,marta,14.16,516849874,f2e02e7c-54fb-406e-95e4-ffd1151f2894,<$50
2019-10-07 18:10:37+00:00,purchase,1004767,2.0530135556318828e+18,electronics.smartphone,samsung,250.97,515296645,8b4bcb16-fe14-4660-ab9f-44e194497f93,$200-500
2019-10-07 18:13:49+00:00,purchase,1003312,2.0530135556318828e+18,electronics.smartphone,apple,702.23,550804847,ba4f8fc6-a941-4f58-92a4-290d5fbb2371,$500-1000
2019-10-07 18:46:09+00:00,purchase,1004246,2.0530135556318828e+18,electronics.smartphone,apple,736.03,532786569,2b20d29a-e48d-48ae-b4a1-8cf1e1e5cec0,$500-1000
2019-10-07 18:46:50+00:00,purchase,5100577,2.0530135533417925e+18,electronics.clocks,samsung,294.92,536777905,ebe2270d-8f7f-499d-abc0-224644c849e9,$200-500
2019-10-07 18:49:26+00:00,purchase,12703015,2.0530135535598963e+18,unknown,cordiant,42.99,536777905,ebe2270d-8f7f-499d-abc0-224644c849e9,<$50
2019-10-07 19:16:41+00:00,purchase,1002524,2.0530135556318828e+18,electronics.smartphone,apple,521.25,518817805,97aaa643-aa7b-436e-b63c-99f917d4e0b1,$500-1000
2019-10-07 19:18:56+00:00,purchase,1002524,2.0530135556318828e+18,electronics.smartphone,apple,521.25,518817805,97aaa643-aa7b-436e-b63c-99f917d4e0b1,$500-1000
2019-10-07 20:11:39+00:00,purchase,5100816,2.053013553375347e+18,unknown,xiaomi,28.73,557839103,534bb24c-f4ec-421d-8bc3-450f91a10b88,<$50
2019-10-07 21:57:00+00:00,purchase,11500238,2.0530135546252493e+18,unknown,sony,45.82,550247193,d5e2402a-15a8-4bcc-84a9-e381f3b4c350,<$50
2019-10-07 22:53:27+00:00,purchase,1307187,2.053013558920217e+18,computers.notebook,acer,855.59,555049393,fae924fd-2e32-4d63-aaf2-d04148e0fbb1,$500-1000
2019-10-07 22:55:18+00:00,purchase,1307187,2.053013558920217e+18,computers.notebook,acer,855.59,555049393,fae924fd-2e32-4d63-aaf2-d04148e0fbb1,$500-1000
2019-10-08 02:07:24+00:00,purchase,1005003,2.0530135556318828e+18,electronics.smartphone,huawei,252.39,543638041,6f706612-d266-0868-3e78-8c34c6b474bf,$200-500
2019-10-08 02:16:58+00:00,purchase,1801689,2.0530135544155343e+18,electronics.video.tv,samsung,261.73,514096484,b85a591e-7db4-4bfa-b2de-de54beb22feb,$200-500
2019-10-08 03:01:52+00:00,purchase,1480373,2.0530135610928668e+18,computers.desktop,lenovo,513.49,557900094,e8bac8f3-2fa6-4eaf-87e7-9cd45cbe48be,$500-1000
2019-10-08 03:22:07+00:00,purchase,12710984,2.0530135535598963e+18,unknown,powertrac,39.25,557903436,569c0c0c-5db2-47fb-8863-d254c1242110,<$50
2019-10-08 03:40:02+00:00,purchase,4803878,2.053013554658804e+18,electronics.audio.headphone,xiaomi,43.24,544962721,c0ff3fc5-a85c-4d4d-9fa3-62f150c02385,<$50
2019-10-08 04:07:54+00:00,purchase,1004788,2.0530135556318828e+18,electronics.smartphone,xiaomi,133.52,525036219,9d834889-cfa1-4a44-b5bb-23dfe720997a,$100-200
2019-10-08 04:15:46+00:00,purchase,5100816,2.053013553375347e+18,unknown,xiaomi,28.73,515612855,1a52fb70-69b8-4d64-a6ea-e8ad585167f7,<$50
2019-10-08 04:23:41+00:00,purchase,8000099,2.0530135565797957e+18,unknown,chicco,122.32,516220963,f274a1b8-5572-4151-b913-c2d103cecf07,$100-200
2019-10-08 04:31:57+00:00,purchase,1005073,2.0530135556318828e+18,electronics.smartphone,samsung,1151.95,542555216,a80e211d-2790-4d45-b55d-bfef74b9c468,>$1000
2019-10-08 04:52:22+00:00,purchase,26402365,2.0530135636513925e+18,unknown,lucente,103.73,548007785,f7458a57-5bfb-4790-8b15-27ede5cdff09,$100-200
2019-10-08 05:00:11+00:00,purchase,1801848,2.0530135544155343e+18,electronics.video.tv,tcl,269.2,549699192,df077190-3eae-446d-8f83-086187cb21ec,$200-500
2019-10-08 05:09:30+00:00,purchase,1005105,2.0530135556318828e+18,electronics.smartphone,apple,1415.48,522104793,da59e4c5-0772-4c18-873a-ae55fd5d558b,>$1000
2019-10-08 05:14:13+00:00,purchase,1005122,2.0530135556318828e+18,electronics.smartphone,apple,1027.05,522104793,da59e4c5-0772-4c18-873a-ae55fd5d558b,>$1000
2019-10-08 05:33:19+00:00,purchase,12703415,2.0530135535598963e+18,unknown,cordiant,48.91,514333653,f571f3c5-5b47-404f-b6e6-8a26eb59def5,<$50
2019-10-08 05:35:23+00:00,purchase,1004788,2.0530135556318828e+18,electronics.smartphone,xiaomi,133.52,525036219,643f79a5-00d8-482d-937f-69a23ddd62f0,$100-200
2019-10-08 05:45:37+00:00,purchase,1004858,2.0530135556318828e+18,electronics.smartphone,samsung,131.02,533243502,9bc3dff4-7dad-463c-8bfa-90b22e3f2ef6,$100-200
2019-10-08 06:29:50+00:00,purchase,1307067,2.053013558920217e+18,computers.notebook,lenovo,252.0,557948241,b202f76d-25dc-4c93-a846-8bc2ceea2766,$200-500
2019-10-08 06:34:22+00:00,purchase,16500004,2.053013556462355e+18,unknown,omron,63.81,535733535,4f753b23-b591-4ab9-bd09-b503aff01615,$50-100
2019-10-08 06:54:59+00:00,purchase,17300721,2.0530135538534976e+18,unknown,mancera,106.4,536373754,cb64662b-2985-422f-9a08-aa2d9390548e,$100-200
2019-10-08 06:57:26+00:00,purchase,1005115,2.0530135556318828e+18,electronics.smartphone,apple,1015.46,512744051,a8594344-913b-4352-82e4-b98f6afa9263,>$1000
2019-10-08 06:58:34+00:00,purchase,5701107,2.053013553970938e+18,auto.accessories.player,pioneer,141.57,513923621,bdc2890c-b305-4010-9403-cea6a1d53abe,$100-200
2019-10-08 07:03:05+00:00,purchase,1004874,2.0530135556318828e+18,electronics.smartphone,samsung,380.05,557958535,e1fa8311-5f7c-4838-ba4a-70fd5c1c77ec,$200-500
2019-10-08 07:05:13+00:00,purchase,1004875,2.0530135556318828e+18,electronics.smartphone,samsung,388.08,557958535,e1fa8311-5f7c-4838-ba4a-70fd5c1c77ec,$200-500
2019-10-08 07:07:26+00:00,purchase,1005168,2.0530135556318828e+18,electronics.smartphone,samsung,233.18,557958535,e1fa8311-5f7c-4838-ba4a-70fd5c1c77ec,$200-500
2019-10-08 07:09:24+00:00,purchase,1002544,2.0530135556318828e+18,electronics.smartphone,apple,460.63,557958535,e1fa8311-5f7c-4838-ba4a-70fd5c1c77ec,$200-500
2019-10-08 07:19:18+00:00,purchase,1004833,2.0530135556318828e+18,electronics.smartphone,samsung,170.92,541033436,71a539d7-90ed-4826-962d-c6e3fb1a1eef,$100-200
2019-10-08 07:26:53+00:00,purchase,26403733,2.0530135636513925e+18,unknown,,309.4,531251311,d5f22367-5d86-4ef0-ab43-71617cd64655,$200-500
2019-10-08 07:37:34+00:00,purchase,4803404,2.053013554658804e+18,electronics.audio.headphone,samsung,11.04,540246250,02b45f24-012b-4f34-a233-891f4403a56b,<$50
2019-10-08 07:56:03+00:00,purchase,11800008,2.0530135612438615e+18,unknown,,46.54,516303486,4ea19bec-ca95-4227-8f2a-7dd82860c692,<$50
2019-10-08 08:34:03+00:00,purchase,12703366,2.0530135535598963e+18,unknown,maxxis,88.42,540272176,a11dc559-07a5-40ff-90d6-7d95ff1f00dd,$50-100
2019-10-08 08:34:19+00:00,purchase,3900002,2.053013552326771e+18,appliances.environment.water_heater,ariston,103.08,557324845,04c686c2-c814-42f4-a386-5d3c98bc67fe,$100-200
2019-10-08 08:35:04+00:00,purchase,17800342,2.05301355986813e+18,computers.desktop,zeta,64.84,516214868,3a206b1e-1d13-4269-93de-7b2c9128cf45,$50-100
2019-10-08 08:35:52+00:00,purchase,3600231,2.053013563810776e+18,appliances.kitchen.washer,midea,97.3,518657085,44fbdb41-9da8-4b02-a9d0-1647420667b3,$50-100
2019-10-08 08:37:34+00:00,purchase,12705690,2.0530135535598963e+18,unknown,triangle,50.19,540272176,a11dc559-07a5-40ff-90d6-7d95ff1f00dd,$50-100
2019-10-08 08:38:36+00:00,purchase,22700528,2.0530135561687537e+18,unknown,force,97.81,557987440,b98480c1-5885-4336-bc4d-3070a9495c4a,$50-100
2019-10-08 08:41:03+00:00,purchase,3600231,2.053013563810776e+18,appliances.kitchen.washer,midea,97.3,518657085,44fbdb41-9da8-4b02-a9d0-1647420667b3,$50-100
2019-10-08 08:44:53+00:00,purchase,1004767,2.0530135556318828e+18,electronics.smartphone,samsung,250.96,518747001,baebfbc9-9cd1-497d-9386-2c87cb3096ba,$200-500
2019-10-08 09:14:49+00:00,purchase,1004739,2.0530135556318828e+18,electronics.smartphone,xiaomi,190.21,557998400,e40c4308-7f71-42d2-8a85-a3982d5cd355,$100-200
2019-10-08 09:32:04+00:00,purchase,5000503,2.053013566100866e+18,appliances.sewing_machine,janome,269.99,555710746,01173c0f-ab37-4613-8dcb-fe15309c4693,$200-500
2019-10-08 09:53:11+00:00,purchase,3601127,2.053013563810776e+18,appliances.kitchen.washer,haier,321.73,553864601,53baada9-82f3-4d6f-97b8-e39a05049346,$200-500
2019-10-08 10:00:20+00:00,purchase,3600163,2.053013563810776e+18,appliances.kitchen.washer,indesit,179.93,553864601,48daaf84-a654-418c-a5f9-31e53c1a204e,$100-200
2019-10-08 10:10:27+00:00,purchase,1003316,2.0530135556318828e+18,electronics.smartphone,apple,931.8,545769281,4201340b-ba55-43fa-b4bb-8c47b0f73f8a,$500-1000
2019-10-08 10:15:53+00:00,purchase,1004750,2.0530135556318828e+18,electronics.smartphone,samsung,197.42,557560802,6df5817d-d80e-4401-a464-f841eddfd9d7,$100-200
2019-10-08 10:42:33+00:00,purchase,22700208,2.0530135561687537e+18,unknown,stels,72.07,558029667,8636c9b7-8f7b-4436-a9d6-2ff58a691ee3,$50-100
2019-10-08 10:48:31+00:00,purchase,13100745,2.053013553526342e+18,unknown,skad,177.1,557900094,41d38c3b-39b6-41b0-b211-de5b86e47327,$100-200
2019-10-08 10:49:46+00:00,purchase,3600937,2.053013563810776e+18,appliances.kitchen.washer,samsung,331.8,533268306,a5ea68b7-6fd9-4fa0-9edd-11965d7f2259,$200-500
2019-10-08 10:51:54+00:00,purchase,1480163,2.0530135610928668e+18,computers.desktop,acer,617.0,557900094,41d38c3b-39b6-41b0-b211-de5b86e47327,$500-1000
2019-10-08 11:32:18+00:00,purchase,1003304,2.0530135556318828e+18,electronics.smartphone,apple,579.73,522517307,450dcc9b-7e1e-4e76-8764-6a6929623fe1,$500-1000
2019-10-08 11:50:03+00:00,purchase,26201254,2.0530135636933356e+18,unknown,lucente,119.95,548007785,f9d2d7eb-31c2-4896-a220-55c9f098c371,$100-200
2019-10-08 11:50:12+00:00,purchase,4700466,2.0530135608999288e+18,auto.accessories.videoregister,navitel,95.19,522893444,7859a5b6-3fb7-442d-bdb2-4992487a1c1b,$50-100
2019-10-08 12:00:58+00:00,purchase,26201633,2.0530135636933356e+18,unknown,,156.76,548007785,f9d2d7eb-31c2-4896-a220-55c9f098c371,$100-200
2019-10-08 12:01:39+00:00,purchase,26201633,2.0530135636933356e+18,unknown,,156.76,548007785,f9d2d7eb-31c2-4896-a220-55c9f098c371,$100-200
2019-10-08 12:01:41+00:00,purchase,12711806,2.0530135535598963e+18,unknown,powertrac,36.29,547399817,3ae993a3-9aac-41af-83a7-2891eadaf3f8,<$50
2019-10-08 12:07:29+00:00,purchase,12711346,2.0530135535598963e+18,unknown,powertrac,37.32,533707054,da163302-1001-4441-a614-c0e7a9a373d1,<$50
2019-10-08 12:10:56+00:00,purchase,1005115,2.0530135556318828e+18,electronics.smartphone,apple,1015.46,555091319,f7a909ad-80c9-424b-bfc7-4f962113cad4,>$1000
2019-10-08 12:13:41+00:00,purchase,1004659,2.0530135556318828e+18,electronics.smartphone,samsung,731.04,518691613,59cc6dc2-d0b6-4ea3-aa08-0c2723d7ac57,$500-1000
2019-10-08 12:15:30+00:00,purchase,15200519,2.0530135534843988e+18,unknown,bars,53.69,523591415,38b60333-c80e-4a5c-8582-f6cb2c05a18a,$50-100
2019-10-08 12:16:21+00:00,purchase,15200519,2.0530135534843988e+18,unknown,bars,53.69,523591415,38b60333-c80e-4a5c-8582-f6cb2c05a18a,$50-100
2019-10-08 12:20:12+00:00,purchase,12711568,2.0530135535598963e+18,unknown,triangle,54.06,523591415,b75b5ac8-6c65-438a-83aa-28fe0291a162,$50-100
2019-10-08 12:38:46+00:00,purchase,1004836,2.0530135556318828e+18,electronics.smartphone,samsung,240.93,524807261,154c1aa1-0218-4af7-a2a4-8e891d5da918,$200-500
2019-10-08 12:57:48+00:00,purchase,1004836,2.0530135556318828e+18,electronics.smartphone,samsung,240.93,558039713,5264ff5a-3e57-4895-b5c5-2642602ee77c,$200-500
2019-10-08 13:24:26+00:00,purchase,1005115,2.0530135556318828e+18,electronics.smartphone,apple,1015.46,537104518,4ddf89eb-7075-4c1c-8e86-d7def88e2c59,>$1000
2019-10-08 13:39:50+00:00,purchase,17300031,2.0530135538534976e+18,unknown,,45.14,541066036,0e5cd513-ac4e-4726-826c-589f2ff667d3,<$50
2019-10-08 13:47:35+00:00,purchase,1002634,2.0530135556318828e+18,electronics.smartphone,apple,369.83,524807261,5d633811-9678-44de-8833-7de6aef623e3,$200-500
2019-10-08 14:28:07+00:00,purchase,1005073,2.0530135556318828e+18,electronics.smartphone,samsung,1151.92,521201320,66b3ab93-1117-400b-ab66-004d25c26d99,>$1000
2019-10-08 14:36:19+00:00,purchase,1002629,2.0530135556318828e+18,electronics.smartphone,apple,360.31,524807261,deb04aa4-7185-4ac8-b260-9adb3ab23154,$200-500
2019-10-08 14:38:58+00:00,purchase,1002629,2.0530135556318828e+18,electronics.smartphone,apple,360.31,524807261,deb04aa4-7185-4ac8-b260-9adb3ab23154,$200-500
2019-10-08 14:40:34+00:00,purchase,1002629,2.0530135556318828e+18,electronics.smartphone,apple,360.31,524807261,deb04aa4-7185-4ac8-b260-9adb3ab23154,$200-500
2019-10-08 14:43:39+00:00,purchase,1002634,2.0530135556318828e+18,electronics.smartphone,apple,369.83,524807261,05116569-fa42-4136-a665-2631030390b9,$200-500
2019-10-08 14:49:10+00:00,purchase,12706259,2.0530135535598963e+18,unknown,nokian,53.54,513673846,da4bbc7f-0d92-499a-a7fc-fb5a991556fa,$50-100
2019-10-08 15:03:35+00:00,purchase,6000032,2.053013560807654e+18,auto.accessories.alarm,cenmax,69.82,529870539,9cecc839-4fae-437a-8ad6-225e5da1df36,$50-100
2019-10-08 15:13:23+00:00,purchase,1005112,2.0530135556318828e+18,electronics.smartphone,apple,1015.46,521346247,86a481cd-9787-4d5f-b7e0-99a7c417179d,>$1000
2019-10-08 15:47:42+00:00,purchase,1004785,2.0530135556318828e+18,electronics.smartphone,huawei,272.08,558131261,9af1f32f-075a-4c0d-a912-4a9ffca328b5,$200-500
2019-10-08 16:03:09+00:00,purchase,30900004,2.0530135540044923e+18,computers.components.cooler,,103.73,512884833,7973c832-5467-42e9-a2cb-f8dbe5073427,$100-200
2019-10-08 16:08:58+00:00,purchase,1005107,2.0530135556318828e+18,electronics.smartphone,apple,1027.05,516775357,6e25e2d6-5441-446b-abce-366f4db3de0f,>$1000
2019-10-08 16:41:11+00:00,purchase,1005141,2.0530135556318828e+18,electronics.smartphone,apple,1746.5,543312921,3347850b-210b-43e9-86e6-eb477cecc84e,>$1000
2019-10-08 16:43:55+00:00,purchase,1005141,2.0530135556318828e+18,electronics.smartphone,apple,1746.5,543312921,3347850b-210b-43e9-86e6-eb477cecc84e,>$1000
2019-10-08 16:47:40+00:00,purchase,3701244,2.0530135659834253e+18,appliances.environment.vacuum,elenberg,33.44,537484346,265716f7-8b6b-4dcd-b328-97e2a6286d72,<$50
2019-10-08 16:50:07+00:00,purchase,1005112,2.0530135556318828e+18,electronics.smartphone,apple,1015.46,557608772,6e9384d8-1a30-4efd-b291-81cbcc0ec9d0,>$1000
2019-10-08 16:53:43+00:00,purchase,3200480,2.0530135553215045e+18,appliances.kitchen.meat_grinder,scarlett,40.89,537484346,9e7bdaea-0c94-44b7-a84e-465bc42008cd,<$50
2019-10-08 16:58:15+00:00,purchase,1004792,2.0530135556318828e+18,electronics.smartphone,xiaomi,473.27,557608772,c8798504-4866-4e38-9f34-a4338ba1277e,$200-500
2019-10-08 16:58:30+00:00,purchase,6301991,2.0530135548349647e+18,appliances.kitchen.kettle,dauscher,38.59,537484346,9e7bdaea-0c94-44b7-a84e-465bc42008cd,<$50
2019-10-08 17:03:45+00:00,purchase,4804056,2.053013554658804e+18,electronics.audio.headphone,apple,160.24,558155694,7b4b1fb2-7c70-4763-b863-2df35444f86c,$100-200
2019-10-08 17:06:31+00:00,purchase,3300495,2.0530135553550587e+18,unknown,dauscher,41.16,537484346,5d841fe2-e67d-4b10-92e4-14fd8b7f1ee3,<$50
2019-10-08 17:07:25+00:00,purchase,26200067,2.0530135636933356e+18,unknown,,172.98,519157938,6f5b571f-a879-4e2f-b4f5-1a11b9d0c3b1,$100-200
2019-10-08 17:22:34+00:00,purchase,1002544,2.0530135556318828e+18,electronics.smartphone,apple,460.63,558158334,0092017e-6457-49fe-b197-4e0ba8465f20,$200-500
2019-10-08 17:26:44+00:00,purchase,26400489,2.0530135636513925e+18,unknown,,191.0,519157938,6f5b571f-a879-4e2f-b4f5-1a11b9d0c3b1,$100-200
2019-10-08 17:27:43+00:00,purchase,5701107,2.053013553970938e+18,auto.accessories.player,pioneer,141.57,513923621,1e0cd236-7997-4a54-a53d-9be643007260,$100-200
2019-10-08 17:35:11+00:00,purchase,12702021,2.0530135535598963e+18,unknown,cordiant,39.25,535797293,51236aaf-0a50-45eb-92ff-21d6c217bbb2,<$50
2019-10-08 17:36:47+00:00,purchase,1002629,2.0530135556318828e+18,electronics.smartphone,apple,360.31,524807261,abf874bb-982c-4a70-b339-f47bf3d46205,$200-500
2019-10-08 17:39:09+00:00,purchase,1002544,2.0530135556318828e+18,electronics.smartphone,apple,460.63,558158334,0092017e-6457-49fe-b197-4e0ba8465f20,$200-500
2019-10-08 18:08:46+00:00,purchase,1005203,2.0530135556318828e+18,electronics.smartphone,,149.3,551305097,b84849a1-a1b6-4f56-b676-d2e6eb4c7cba,$100-200
2019-10-08 20:33:20+00:00,purchase,1004856,2.0530135556318828e+18,electronics.smartphone,samsung,131.02,558216719,6b3b6fb7-cb18-4355-9f5c-74874a6b0545,$100-200
2019-10-08 20:43:37+00:00,purchase,16400235,2.0530135582491284e+18,unknown,bergner,66.78,513212705,1e46b02f-f0ae-4abe-bd25-a989c7826a5f,$50-100
2019-10-08 21:13:44+00:00,purchase,1004856,2.0530135556318828e+18,electronics.smartphone,samsung,131.02,541247076,45cd5391-1c4b-4ef3-9529-286e96f310b9,$100-200
2019-10-09 03:44:21+00:00,purchase,12701424,2.0530135535598963e+18,unknown,,49.68,531510866,795e7515-c9d3-4562-819c-2250eb79d1a2,<$50
2019-10-09 03:51:52+00:00,purchase,12719466,2.0530135535598963e+18,unknown,yokohama,116.61,543281796,8253e790-3c59-4977-8628-9eaa851e81d4,$100-200
2019-10-09 03:53:16+00:00,purchase,12719466,2.0530135535598963e+18,unknown,yokohama,116.61,543281796,8253e790-3c59-4977-8628-9eaa851e81d4,$100-200
2019-10-09 03:54:40+00:00,purchase,12719466,2.0530135535598963e+18,unknown,yokohama,116.61,543281796,8253e790-3c59-4977-8628-9eaa851e81d4,$100-200
2019-10-09 03:59:24+00:00,purchase,12719466,2.0530135535598963e+18,unknown,yokohama,116.61,543281796,b37f5ea6-cea9-462c-87d7-77da96f7fc7f,$100-200
2019-10-09 04:04:45+00:00,purchase,13101515,2.053013553526342e+18,unknown,skad,242.17,515722642,4b257cad-e2c4-4800-9316-8df3acc6dc3a,$200-500
2019-10-09 04:09:05+00:00,purchase,12718728,2.0530135535598963e+18,unknown,yokohama,128.7,543281796,126f63c1-919f-488f-96e5-5575832e2887,$100-200
2019-10-09 04:12:04+00:00,purchase,1005105,2.0530135556318828e+18,electronics.smartphone,apple,1415.48,519511293,229fbd91-d620-42b6-9074-c3b18a4b58b0,>$1000
2019-10-09 04:14:05+00:00,purchase,12718728,2.0530135535598963e+18,unknown,yokohama,128.7,543281796,319b9486-0e47-4176-94e3-9fe82ed490ae,$100-200
2019-10-09 04:22:06+00:00,purchase,26200589,2.0530135636933356e+18,unknown,,216.22,548007785,f1738a87-9219-4a74-b276-6da8dd5f0f49,$200-500
2019-10-09 04:32:59+00:00,purchase,3900339,2.053013552326771e+18,appliances.environment.water_heater,aqua,30.86,537517071,b91c5350-578d-4e5b-a8ce-c1c1407ba4b1,<$50
2019-10-09 04:44:41+00:00,purchase,2701647,2.053013563911439e+18,appliances.kitchen.refrigerators,indesit,290.61,552817470,5a899159-6665-48ff-877f-47e821db919c,$200-500
2019-10-09 04:47:11+00:00,purchase,1004856,2.0530135556318828e+18,electronics.smartphone,samsung,131.02,541247076,7477d4f9-25e5-4896-8bea-3caa5e5c82a4,$100-200
2019-10-09 05:02:45+00:00,purchase,1005115,2.0530135556318828e+18,electronics.smartphone,apple,1015.46,516849874,844d949d-b013-49f5-bfd8-105e9475cb7b,>$1000
2019-10-09 05:08:58+00:00,purchase,11200064,2.053013562946749e+18,appliances.personal.scales,saturn,10.48,531396731,68d9d40d-f27d-450b-8fa8-c9d345a4a509,<$50
2019-10-09 05:18:48+00:00,purchase,16400025,2.0530135582491284e+18,unknown,tefal,90.07,517929158,2051d37d-8ba2-4b6e-89c3-e05eca86b0fa,$50-100
2019-10-09 05:20:06+00:00,purchase,1004209,2.0530135556318828e+18,electronics.smartphone,samsung,88.81,557913286,f78474e7-b0e4-4cbf-b1e1-712b03b55df5,$50-100
2019-10-09 05:22:10+00:00,purchase,1004957,2.0530135556318828e+18,electronics.smartphone,xiaomi,346.7,556466979,3842c2da-3c9a-4224-9a6a-7e89d1e79a97,$200-500
2019-10-09 05:38:28+00:00,purchase,1003316,2.0530135556318828e+18,electronics.smartphone,apple,931.8,545769281,89f01857-4c03-4d59-a012-ec993cf16603,$500-1000
2019-10-09 05:45:25+00:00,purchase,3701004,2.0530135659834253e+18,appliances.environment.vacuum,midea,36.01,517873827,26432914-775c-4b1f-8ce3-07cf1e5252bd,<$50
2019-10-09 05:46:26+00:00,purchase,1005160,2.0530135556318828e+18,electronics.smartphone,xiaomi,244.27,532597172,76c1f977-8048-4ddf-81ff-25e3d840ed0b,$200-500
2019-10-09 05:51:58+00:00,purchase,1004659,2.0530135556318828e+18,electronics.smartphone,samsung,731.04,545769281,83bae82e-eaf7-4612-a01e-f1918771f790,$500-1000
2019-10-09 05:53:56+00:00,purchase,1004250,2.0530135556318828e+18,electronics.smartphone,apple,801.82,550831865,ec2efec1-137a-4c38-b8f6-49b002316fb6,$500-1000
2019-10-09 06:34:22+00:00,purchase,1004741,2.0530135556318828e+18,electronics.smartphone,xiaomi,192.77,557437166,17cc2a8c-29d7-488b-8c0e-23e789cf693f,$100-200
2019-10-09 06:36:25+00:00,purchase,1002544,2.0530135556318828e+18,electronics.smartphone,apple,460.63,517615296,7f806c82-29a6-41df-bd08-01549791476f,$200-500
2019-10-09 06:40:19+00:00,purchase,1004937,2.0530135556318828e+18,electronics.smartphone,vivo,167.29,527700673,77b8afee-2725-4f4a-89dd-86b8470de40c,$100-200
2019-10-09 06:51:43+00:00,purchase,1004562,2.0530135556318828e+18,electronics.smartphone,meizu,100.36,520424328,ee42bf3b-b991-403d-86ba-014e3552b766,$100-200
2019-10-09 07:03:44+00:00,purchase,1801690,2.0530135544155343e+18,electronics.video.tv,samsung,370.4,533704189,b88a8ebc-0056-40cf-99f7-d3f64e01f21d,$200-500
2019-10-09 07:15:29+00:00,purchase,1004209,2.0530135556318828e+18,electronics.smartphone,samsung,88.81,522257627,22c432b0-da50-481a-afbf-00a54daa876c,$50-100
2019-10-09 07:19:38+00:00,purchase,1004665,2.0530135556318828e+18,electronics.smartphone,samsung,858.83,557009480,b4497801-17c7-4e8a-bf22-e9cb18e0936d,$500-1000
2019-10-09 07:35:40+00:00,purchase,1801690,2.0530135544155343e+18,electronics.video.tv,samsung,370.4,533704189,c0da83f7-00f6-43d0-aa27-cf94dcff58ce,$200-500
2019-10-09 07:39:36+00:00,purchase,1004578,2.0530135556318828e+18,electronics.smartphone,oppo,257.38,518767949,b7ba6075-717c-44b8-b870-f2b34b627d17,$200-500
2019-10-09 08:16:34+00:00,purchase,1003319,2.0530135556318828e+18,electronics.smartphone,apple,1067.67,514129259,45b15b8c-9a57-4c69-87e1-b3f7f689a75b,>$1000
2019-10-09 08:27:54+00:00,purchase,1002524,2.0530135556318828e+18,electronics.smartphone,apple,521.25,518817805,5973dc62-84d4-4b5b-a11a-4771cde5db05,$500-1000
2019-10-09 08:31:22+00:00,purchase,1002524,2.0530135556318828e+18,electronics.smartphone,apple,521.25,518817805,3a6f081f-df25-4795-ac51-60da985961c3,$500-1000
2019-10-09 08:47:45+00:00,purchase,4700549,2.0530135608999288e+18,auto.accessories.videoregister,neoline,143.89,522893444,18fa7392-60b5-0bb6-4496-02185c1064ba,$100-200
2019-10-09 09:01:19+00:00,purchase,6302040,2.0530135548349647e+18,appliances.kitchen.kettle,dauscher,38.59,551287127,8e7b7913-e3ca-4602-978c-75537190857b,<$50
2019-10-09 09:15:53+00:00,purchase,1002629,2.0530135556318828e+18,electronics.smartphone,apple,360.31,524807261,ef90570f-2fbc-4fc5-b02d-6fe845de6842,$200-500
2019-10-09 09:17:12+00:00,purchase,1002629,2.0530135556318828e+18,electronics.smartphone,apple,360.31,524807261,ef90570f-2fbc-4fc5-b02d-6fe845de6842,$200-500
2019-10-09 09:19:22+00:00,purchase,1004958,2.0530135556318828e+18,electronics.smartphone,xiaomi,359.91,558182351,31edcadf-f134-4e41-97b7-43464e96cbfc,$200-500
2019-10-09 09:21:59+00:00,purchase,1005113,2.0530135556318828e+18,electronics.smartphone,apple,1027.05,522104793,8ee4d3ee-88b8-4fc9-b0e0-ea6c266d2aba,>$1000
2019-10-09 09:46:23+00:00,purchase,1004237,2.0530135556318828e+18,electronics.smartphone,apple,1086.0,547731809,e53d1914-88ff-44b2-92ba-2024f9d66c20,>$1000
2019-10-09 09:47:47+00:00,purchase,1004957,2.0530135556318828e+18,electronics.smartphone,xiaomi,346.7,558182351,34660a6b-a1d0-4cb0-b88b-3ec958a2dca2,$200-500
2019-10-09 09:50:09+00:00,purchase,2800433,2.0530135638359416e+18,appliances.kitchen.refrigerators,haier,282.86,543436579,e1b2dc3d-059a-48f1-a975-ded5f3826b65,$200-500
2019-10-09 10:22:38+00:00,purchase,17200531,2.0530135597926328e+18,furniture.living_room.sofa,,450.46,536928771,25bdc713-40e7-4ad0-a4db-2b5bdbad788a,$200-500
2019-10-09 10:24:49+00:00,purchase,1004767,2.0530135556318828e+18,electronics.smartphone,samsung,250.96,514355755,e2e7316b-a7bc-435c-b819-30a2040ec8be,$200-500
2019-10-09 10:25:05+00:00,purchase,2401464,2.053013563743667e+18,appliances.kitchen.hood,elikor,63.55,520395721,79cce3e6-e737-40cf-8f63-2edecd3a2e09,$50-100
2019-10-09 10:37:23+00:00,purchase,2702525,2.053013563911439e+18,appliances.kitchen.refrigerators,dauscher,684.68,520395721,e42d7279-e469-4e98-8a0a-1a7ebb7c6bc0,$500-1000
2019-10-09 10:39:49+00:00,purchase,2900802,2.0530135547762445e+18,appliances.kitchen.microwave,samsung,113.77,515954341,60b8b67d-f95a-4e7d-9756-d9632328172e,$100-200
2019-10-09 10:40:55+00:00,purchase,1004873,2.0530135556318828e+18,electronics.smartphone,samsung,380.19,538404496,11502f93-e09f-4f43-b3af-b761b1ee9c78,$200-500
2019-10-09 10:43:38+00:00,purchase,1004873,2.0530135556318828e+18,electronics.smartphone,samsung,380.19,538404496,11502f93-e09f-4f43-b3af-b761b1ee9c78,$200-500
2019-10-09 10:44:01+00:00,purchase,12719926,2.0530135535598963e+18,unknown,toyo,167.31,520395721,ba32a574-77fd-440b-8613-5a76ec977db2,$100-200
2019-10-09 10:47:24+00:00,purchase,3700829,2.0530135659834253e+18,appliances.environment.vacuum,samsung,127.16,515954341,60b8b67d-f95a-4e7d-9756-d9632328172e,$100-200
2019-10-09 10:50:33+00:00,purchase,1004873,2.0530135556318828e+18,electronics.smartphone,samsung,380.19,538404496,cbb124fa-b3ab-45b5-88a7-176f1b0f8391,$200-500
2019-10-09 10:57:06+00:00,purchase,1005016,2.0530135556318828e+18,electronics.smartphone,samsung,602.07,515779967,61e758b0-94fd-4ca3-98a6-0d02d491ec8c,$500-1000
2019-10-09 10:59:31+00:00,purchase,17302702,2.0530135538534976e+18,unknown,montale,19.31,517421717,80bca967-0020-4d59-918a-367732a1446b,<$50
2019-10-09 11:02:15+00:00,purchase,1004766,2.0530135556318828e+18,electronics.smartphone,samsung,250.93,515779967,61e758b0-94fd-4ca3-98a6-0d02d491ec8c,$200-500
2019-10-09 11:30:50+00:00,purchase,12703015,2.0530135535598963e+18,unknown,cordiant,42.99,553301466,b0fcc501-91ff-4291-9776-4f7700cd3f6f,<$50
2019-10-09 11:54:34+00:00,purchase,3601343,2.053013563810776e+18,appliances.kitchen.washer,samsung,437.57,558423432,8d00aa02-b67f-483c-a47b-f9efc6d77a4f,$200-500
2019-10-09 12:00:46+00:00,purchase,1004659,2.0530135556318828e+18,electronics.smartphone,samsung,730.98,518691613,daac679a-1b2d-4547-8b4a-7a8f5cf50aa8,$500-1000
2019-10-09 12:10:03+00:00,purchase,5801482,2.0530135539457723e+18,electronics.audio.subwoofer,pioneer,48.39,555852905,2cf01c50-4c3a-4b2e-af14-19d7e852ed48,<$50
2019-10-09 12:13:20+00:00,purchase,1004888,2.0530135556318828e+18,electronics.smartphone,samsung,223.69,512402349,f4052680-e43b-449c-a270-876cc8c66946,$200-500
2019-10-09 12:26:12+00:00,purchase,8801085,2.0530135555731625e+18,electronics.telephone,nokia,22.88,513315287,1b1dc9d0-6377-43c1-8477-dabc38022a78,<$50
2019-10-09 12:44:35+00:00,purchase,1004767,2.0530135556318828e+18,electronics.smartphone,samsung,250.93,525110179,57c42db0-1624-49ed-b7dc-26430a12fc6d,$200-500
2019-10-09 12:47:43+00:00,purchase,4804295,2.053013554658804e+18,electronics.audio.headphone,xiaomi,23.06,525110179,57c42db0-1624-49ed-b7dc-26430a12fc6d,<$50
2019-10-09 12:50:13+00:00,purchase,1005115,2.0530135556318828e+18,electronics.smartphone,apple,1003.86,547409750,b1c4b6d4-ec5e-4dc4-95a7-fecb7079aa93,>$1000
2019-10-09 12:58:16+00:00,purchase,17601426,2.0530135588950515e+18,unknown,acm,8.11,556713861,381fd43f-90da-4365-ac1d-5f83b959ca92,<$50
2019-10-09 13:01:30+00:00,purchase,1004870,2.0530135556318828e+18,electronics.smartphone,samsung,287.97,518713270,1c405495-f451-4188-9411-b06bfb21364b,$200-500
2019-10-09 13:39:44+00:00,purchase,1004741,2.0530135556318828e+18,electronics.smartphone,xiaomi,194.34,517063630,41cccc66-3ea5-4a2b-804f-debfc1d3c755,$100-200
2019-10-09 13:48:25+00:00,purchase,1004794,2.0530135556318828e+18,electronics.smartphone,xiaomi,217.51,541205166,1a81f5d9-903e-41d3-948e-d2188b757240,$200-500
2019-10-09 13:50:47+00:00,purchase,1004856,2.0530135556318828e+18,electronics.smartphone,samsung,130.49,558216719,a389e2cb-909c-436b-b41b-6a14e5c901fe,$100-200
2019-10-09 13:57:19+00:00,purchase,2601792,2.0530135639701596e+18,unknown,hansa,411.59,533799459,c68712a7-cc98-41ff-be76-63695bd7ff90,$200-500
2019-10-09 14:14:13+00:00,purchase,2601792,2.0530135639701596e+18,unknown,hansa,411.59,533799459,bbb3b452-6cca-48d7-8c1e-340b7b050c4c,$200-500
2019-10-09 15:00:19+00:00,purchase,1005115,2.0530135556318828e+18,electronics.smartphone,apple,1003.86,547394750,18c96ec7-baa7-400a-a542-1058e328ed8a,>$1000
2019-10-09 15:55:31+00:00,purchase,1800930,2.0530135544155343e+18,electronics.video.tv,sony,321.73,518747001,3916e069-aada-4716-a29b-0a0ecf0c2c50,$200-500
2019-10-09 16:13:53+00:00,purchase,1004250,2.0530135556318828e+18,electronics.smartphone,apple,800.92,514908932,bfdb813f-6b0c-4277-b0f1-46fb5930d511,$500-1000
2019-10-09 16:15:38+00:00,purchase,10900314,2.0530135550698455e+18,appliances.kitchen.mixer,scarlett,21.36,558512673,a591550c-c0da-4aeb-ab15-58df4c3962ac,<$50
2019-10-09 16:15:44+00:00,purchase,47800038,2.1274254397763756e+18,unknown,,35.75,515806044,47a7c801-7bb7-4232-8212-cbda23b9d686,<$50
2019-10-09 16:28:33+00:00,purchase,1004767,2.0530135556318828e+18,electronics.smartphone,samsung,250.93,518865697,d3ffe841-aaf5-4259-a405-8ca9c37bead1,$200-500
2019-10-09 16:41:38+00:00,purchase,22700528,2.0530135561687537e+18,unknown,force,97.81,558191596,0e43ff4d-5b34-4e62-95a4-3856ee5a4575,$50-100
2019-10-09 16:43:36+00:00,purchase,5100562,2.0530135533417925e+18,electronics.clocks,apple,295.76,512607231,65126f82-ae73-4b55-9632-97f65ae28b9e,$200-500
2019-10-09 16:48:00+00:00,purchase,13103900,2.053013553526342e+18,unknown,kipardo,200.78,513601442,2536c779-a84d-4d1e-9536-8e2267c419df,$200-500
2019-10-09 17:04:09+00:00,purchase,1002634,2.0530135556318828e+18,electronics.smartphone,apple,360.34,524807261,ab88e89a-5a84-40a5-af18-0309f0d37698,$200-500
2019-10-09 17:50:23+00:00,purchase,1002544,2.0530135556318828e+18,electronics.smartphone,apple,460.62,558435908,48304961-e8a8-4e1d-87ee-e577961612ef,$200-500
2019-10-09 17:58:15+00:00,purchase,5100861,2.0530135533417925e+18,electronics.clocks,samsung,377.62,514531212,45a2f857-f991-4a7a-ba2d-607b506ef875,$200-500
2019-10-09 18:10:24+00:00,purchase,5100861,2.0530135533417925e+18,electronics.clocks,samsung,377.62,514531212,48cd443d-682c-4580-8c9b-865378845ad1,$200-500
2019-10-09 18:14:04+00:00,purchase,1004767,2.0530135556318828e+18,electronics.smartphone,samsung,250.93,526916379,e91e81fa-8b91-4adb-a14f-c2230d44918c,$200-500
2019-10-09 18:21:51+00:00,purchase,5100816,2.053013553375347e+18,unknown,xiaomi,28.69,556672150,1cdeb90a-92a4-40f0-b20e-75839aba3220,<$50
2019-10-09 18:22:48+00:00,purchase,5100816,2.053013553375347e+18,unknown,xiaomi,28.69,556672150,1cdeb90a-92a4-40f0-b20e-75839aba3220,<$50
2019-10-09 18:42:33+00:00,purchase,12701602,2.0530135535598963e+18,unknown,matador,39.9,554407137,3ac19eb2-34bc-42c7-b3ac-38a48970bc41,<$50
2019-10-09 18:44:52+00:00,purchase,1004750,2.0530135556318828e+18,electronics.smartphone,samsung,197.14,558560892,73a743cb-a46b-405e-85c2-5879435e2b34,$100-200
2019-10-09 18:53:10+00:00,purchase,1004858,2.0530135556318828e+18,electronics.smartphone,samsung,131.74,518706089,d773acb3-798e-4f1c-a7d2-cd86239fba6e,$100-200
2019-10-09 18:56:15+00:00,purchase,1004858,2.0530135556318828e+18,electronics.smartphone,samsung,131.74,518706089,d773acb3-798e-4f1c-a7d2-cd86239fba6e,$100-200
2019-10-09 19:01:02+00:00,purchase,3601509,2.053013563810776e+18,appliances.kitchen.washer,hansa,283.07,553864601,0965fa68-a4b5-4ec3-a72c-024d0ff40400,$200-500
2019-10-09 19:21:52+00:00,purchase,19200049,2.053013556202308e+18,construction.tools.saw,eurolux,76.68,553864601,0965fa68-a4b5-4ec3-a72c-024d0ff40400,$50-100
2019-10-09 19:30:49+00:00,purchase,5100572,2.0530135533417925e+18,electronics.clocks,apple,418.69,513225684,b750fa8f-de64-4dd1-a33e-6301b682f4f8,$200-500
2019-10-09 20:29:47+00:00,purchase,5700282,2.053013553970938e+18,auto.accessories.player,alpine,159.59,543648680,74ae3d0b-3f8f-4e1a-bdbb-5e6f32ea089b,$100-200
2019-10-09 21:34:13+00:00,purchase,12701421,2.0530135535598963e+18,unknown,,34.11,558601050,9b8374f5-0c8f-4e3a-9649-9617923e18c6,<$50
2019-10-09 23:51:44+00:00,purchase,12720364,2.0530135535598963e+18,unknown,roadx,75.42,550119916,396048d8-dc4a-4e5a-961c-7e32e32142bb,$50-100
2019-10-10 00:59:30+00:00,purchase,1005161,2.0530135556318828e+18,electronics.smartphone,xiaomi,230.89,557650233,ce3464df-783f-42a1-afcb-b00f03fdf3b0,$200-500
2019-10-10 02:07:26+00:00,purchase,26200567,2.0530135636933356e+18,unknown,,133.59,548007785,d2a168c5-a77a-4368-bec8-6a990424703c,$100-200
2019-10-10 02:30:09+00:00,purchase,12702958,2.0530135535598963e+18,unknown,cordiant,42.47,512905103,7541cb55-9600-4bb1-853e-5b571cc81a80,<$50
2019-10-10 02:50:33+00:00,purchase,1005116,2.0530135556318828e+18,electronics.smartphone,apple,1091.12,516910561,7bfc01b0-0d89-48e5-8ee9-65703c3761e4,>$1000
2019-10-10 02:51:48+00:00,purchase,1004856,2.0530135556318828e+18,electronics.smartphone,samsung,130.49,514724890,cce47c5c-14bf-41c6-9f73-5b50b00104c4,$100-200
2019-10-10 03:53:16+00:00,purchase,12702824,2.0530135535598963e+18,unknown,cordiant,61.78,554908757,bcf6f90f-56dc-45dd-bdc5-fbf81eebb568,$50-100
2019-10-10 03:55:45+00:00,purchase,22700129,2.0530135561687537e+18,unknown,stels,66.93,512423274,fb2c0306-e7ee-4c5d-9de2-3713a5ec04eb,$50-100
2019-10-10 04:11:04+00:00,purchase,11400446,2.053013558458844e+18,unknown,xiaomi,13.69,529823447,55831c79-2d83-4f5d-a439-a05a589e33eb,<$50
2019-10-10 04:13:08+00:00,purchase,12712571,2.0530135535598963e+18,unknown,yokohama,73.49,515909478,76d488a7-38e0-4b78-90bb-758c5cf95f1a,$50-100
2019-10-10 04:27:35+00:00,purchase,49800019,2.1266796548016049e+18,accessories.bag,ritmix,3.93,512432519,7316e698-1a95-491f-8206-8df78c9fef75,<$50
2019-10-10 04:29:06+00:00,purchase,1004856,2.0530135556318828e+18,electronics.smartphone,samsung,130.49,548007785,78f27b98-e2d7-4fab-bd34-81fe11d2da5e,$100-200
2019-10-10 04:30:53+00:00,purchase,2501889,2.0530135640037135e+18,appliances.kitchen.oven,asel,64.09,515338478,039cb808-4cd4-4acd-93a8-1fd76098f565,$50-100
2019-10-10 04:31:57+00:00,purchase,2501889,2.0530135640037135e+18,appliances.kitchen.oven,asel,64.09,515338478,039cb808-4cd4-4acd-93a8-1fd76098f565,$50-100
2019-10-10 04:33:15+00:00,purchase,19100336,2.053013556227474e+18,construction.tools.saw,alteco,208.5,533751482,987a60b7-3a04-42f8-a791-f22da0de80a4,$200-500
2019-10-10 04:34:02+00:00,purchase,1004566,2.0530135556318828e+18,electronics.smartphone,huawei,169.35,517819289,5035749e-0a2e-4d60-9016-df30c3ea7786,$100-200
2019-10-10 04:35:59+00:00,purchase,1004767,2.0530135556318828e+18,electronics.smartphone,samsung,250.93,515779967,77c8be5e-94e6-440b-bc9a-a3d3a237763e,$200-500
2019-10-10 04:37:41+00:00,purchase,19100326,2.053013556227474e+18,construction.tools.saw,dewalt,188.52,533751482,987a60b7-3a04-42f8-a791-f22da0de80a4,$100-200
2019-10-10 04:42:48+00:00,purchase,4803174,2.053013554658804e+18,electronics.audio.headphone,olto,1.0,512432519,7c3083f8-a04c-4540-ba3e-d6944d4c4fdd,<$50
2019-10-10 04:43:13+00:00,purchase,1002544,2.0530135556318828e+18,electronics.smartphone,apple,460.55,527037229,24b7bb3d-3dc8-4de8-9d9a-ae3bef40cfd3,$200-500
2019-10-10 04:52:49+00:00,purchase,4803174,2.053013554658804e+18,electronics.audio.headphone,olto,1.0,512432519,7c3083f8-a04c-4540-ba3e-d6944d4c4fdd,<$50
2019-10-10 05:29:35+00:00,purchase,1004766,2.0530135556318828e+18,electronics.smartphone,samsung,250.93,558079066,800f310c-9633-4f5e-8faa-683ea04a1f0b,$200-500
2019-10-10 05:31:49+00:00,purchase,1004873,2.0530135556318828e+18,electronics.smartphone,samsung,379.16,522418163,342059c0-0365-4379-9a27-db5b4590622a,$200-500
2019-10-10 05:49:59+00:00,purchase,3600661,2.053013563810776e+18,appliances.kitchen.washer,samsung,293.18,558680000,1fa658b6-a1f9-4574-9a03-0ad7ed3eb656,$200-500
2019-10-10 05:56:14+00:00,purchase,1004659,2.0530135556318828e+18,electronics.smartphone,samsung,730.78,545769281,7a40f577-8140-4922-aed2-b20c3e381189,$500-1000
2019-10-10 06:31:38+00:00,purchase,38900027,2.0857186361561585e+18,unknown,,64.33,519057783,490ccb54-95ec-4bb0-b064-0f633a11bd31,$50-100
2019-10-10 06:34:20+00:00,purchase,1005160,2.0530135556318828e+18,electronics.smartphone,xiaomi,230.88,532597172,890f5b99-8b7b-4844-a7c0-e044808dae8f,$200-500
2019-10-10 06:38:36+00:00,purchase,3700709,2.0530135659834253e+18,appliances.environment.vacuum,karcher,109.4,513641024,f39df8a5-a4ec-4a54-bef9-2a964939b416,$100-200
2019-10-10 06:42:41+00:00,purchase,9100253,2.053013552888808e+18,computers.peripherals.mouse,,30.76,516675780,cdb2e032-bca0-4a41-a74b-d609b87e7a9e,<$50
2019-10-10 06:48:10+00:00,purchase,1801882,2.0530135544155343e+18,electronics.video.tv,samsung,463.07,554079694,90a222b5-c6ee-4b11-a832-ef0b72260971,$200-500
2019-10-10 06:49:35+00:00,purchase,1801581,2.0530135544155343e+18,electronics.video.tv,yasin,374.37,554079694,90a222b5-c6ee-4b11-a832-ef0b72260971,$200-500
2019-10-10 06:54:48+00:00,purchase,25600039,2.053013559675192e+18,unknown,mart,257.38,554079694,90a222b5-c6ee-4b11-a832-ef0b72260971,$200-500
2019-10-10 06:57:05+00:00,purchase,10701052,2.053013561277416e+18,unknown,,53.54,554079694,90a222b5-c6ee-4b11-a832-ef0b72260971,$50-100
2019-10-10 07:04:49+00:00,purchase,1004873,2.0530135556318828e+18,electronics.smartphone,samsung,379.11,513618909,9c5269cb-f821-4bfc-86e8-59e8c151fcb7,$200-500
2019-10-10 07:09:01+00:00,purchase,5100748,2.0530135533417925e+18,electronics.clocks,canyon,54.8,554079694,90a222b5-c6ee-4b11-a832-ef0b72260971,$50-100
2019-10-10 07:10:22+00:00,purchase,51600003,2.134904980736312e+18,electronics.clocks,,12.84,554079694,90a222b5-c6ee-4b11-a832-ef0b72260971,<$50
2019-10-10 07:15:29+00:00,purchase,8700572,2.053013563097744e+18,appliances.personal.hair_cutter,wahl,24.4,523354869,9a88ac57-0ab0-4db5-9e85-7414310980c7,<$50
2019-10-10 07:30:36+00:00,purchase,1004566,2.0530135556318828e+18,electronics.smartphone,huawei,169.35,512773613,c1b24209-142f-48e9-92d4-ee08303649f2,$100-200
2019-10-10 07:34:22+00:00,purchase,4804056,2.053013554658804e+18,electronics.audio.headphone,apple,161.88,523170952,eacd987e-e893-495d-ad62-692b628ee93f,$100-200
2019-10-10 07:36:57+00:00,purchase,1004856,2.0530135556318828e+18,electronics.smartphone,samsung,130.47,554241210,fb907386-622e-440a-a478-86bda2181cb1,$100-200
2019-10-10 08:02:02+00:00,purchase,28101291,2.0530135649180723e+18,unknown,confetti,7.72,556035550,7fe7f045-a362-4d0c-80e0-f4815503cbc2,<$50
2019-10-10 08:04:56+00:00,purchase,28101289,2.0530135649180723e+18,unknown,confetti,7.72,556035550,65d31796-4648-4c56-ac5e-3fba3ab987c4,<$50
2019-10-10 08:17:50+00:00,purchase,1004961,2.0530135556318828e+18,electronics.smartphone,oppo,180.15,512773613,03415f42-9062-4144-a5b1-4c1108c0dfcd,$100-200
2019-10-10 08:25:53+00:00,purchase,1004856,2.0530135556318828e+18,electronics.smartphone,samsung,130.47,512793178,c128e773-f6c3-4ea5-980a-048e94e0fe0f,$100-200
2019-10-10 08:32:39+00:00,purchase,5000090,2.053013566100866e+18,appliances.sewing_machine,janome,114.59,558696886,91989628-f346-41ac-96a8-ce889d10896d,$100-200
2019-10-10 08:38:50+00:00,purchase,17300817,2.0530135538534976e+18,unknown,,42.46,512995854,c8beb697-4026-4a52-8e8d-81298e1aac0d,<$50
2019-10-10 08:44:36+00:00,purchase,25200410,2.0530135620827223e+18,unknown,,20.57,512773613,866ed6aa-7cb1-41e4-86c5-c41b4e0a4222,<$50
2019-10-10 08:51:21+00:00,purchase,4804130,2.053013554658804e+18,electronics.audio.headphone,huawei,10.17,512773613,866ed6aa-7cb1-41e4-86c5-c41b4e0a4222,<$50
2019-10-10 09:21:49+00:00,purchase,1801883,2.0530135544155343e+18,electronics.video.tv,philips,257.38,544119626,ed897bfb-1f3b-4414-be63-1fa38f8cde67,$200-500
2019-10-10 09:30:58+00:00,purchase,1004578,2.0530135556318828e+18,electronics.smartphone,oppo,257.38,518694331,38eaee3d-7ce0-4a70-a4fd-7465ae94b207,$200-500
2019-10-10 09:44:13+00:00,purchase,27800054,2.079713978300236e+18,unknown,,119.69,516780905,6c47d4f5-2dd9-4496-8985-ba256d55f2d6,$100-200
2019-10-10 09:49:49+00:00,purchase,1002524,2.0530135556318828e+18,electronics.smartphone,apple,540.3,558749736,f78b4ee3-f715-4a58-aa76-d91c3c3c4b1a,$500-1000
2019-10-10 09:58:47+00:00,purchase,1004875,2.0530135556318828e+18,electronics.smartphone,samsung,387.14,512704259,f80667de-12d9-469e-a81e-6137e3342366,$200-500
2019-10-10 10:01:42+00:00,purchase,1004665,2.0530135556318828e+18,electronics.smartphone,samsung,857.57,542826414,314c20b5-06d6-4f9d-9658-c0e0f9bddd05,$500-1000
2019-10-10 10:03:44+00:00,purchase,1005115,2.0530135556318828e+18,electronics.smartphone,apple,1003.85,525057976,bf55ef72-c246-49fd-9099-ecd80c91af65,>$1000
2019-10-10 10:29:27+00:00,purchase,1002544,2.0530135556318828e+18,electronics.smartphone,apple,460.55,545769281,1832148d-a25e-4282-ba4a-d9d3081ba44b,$200-500
2019-10-10 11:00:09+00:00,purchase,2800387,2.0530135638359416e+18,appliances.kitchen.refrigerators,,280.32,539953340,d404e0af-f228-4d5d-9899-a4cc13370fac,$200-500
2019-10-10 11:01:26+00:00,purchase,1002532,2.0530135556318828e+18,electronics.smartphone,apple,591.78,557918921,cdfec339-60ff-4e63-b887-2fcd7a3bcde1,$500-1000
2019-10-10 11:13:43+00:00,purchase,12703390,2.0530135535598963e+18,unknown,nokian,194.08,553219466,ba383d76-d678-4b8e-b312-75d9ad7227a0,$100-200
2019-10-10 11:18:49+00:00,purchase,1004869,2.0530135556318828e+18,electronics.smartphone,xiaomi,419.32,557562856,3f1e59db-bdd2-422c-9c71-f783a577dbc5,$200-500
2019-10-10 11:22:03+00:00,purchase,3601405,2.053013563810776e+18,appliances.kitchen.washer,beko,180.16,539953340,a1af3b37-037d-455f-82b2-ca86592d619c,$100-200
2019-10-10 11:41:47+00:00,purchase,1005115,2.0530135556318828e+18,electronics.smartphone,apple,1003.85,522104793,da3d4db2-a236-40b3-b777-dff73e2c9988,>$1000
2019-10-10 11:50:11+00:00,purchase,1004856,2.0530135556318828e+18,electronics.smartphone,samsung,130.47,543584771,d064e9d8-d79f-40d8-a4cb-f9c11e5b2a4e,$100-200
2019-10-10 12:08:53+00:00,purchase,13300159,2.053013557166998e+18,unknown,swisshome,100.39,518921543,27963562-7aad-4e1b-881b-bcb3de8e58fd,$100-200
2019-10-10 12:10:58+00:00,purchase,12703009,2.0530135535598963e+18,unknown,bridgestone,61.78,552992724,cc244a21-9693-4922-890d-24d1a3b601bd,$50-100
2019-10-10 12:36:30+00:00,purchase,2701683,2.053013563911439e+18,appliances.kitchen.refrigerators,beko,228.8,557374252,69274425-726a-45bc-9864-4d484d7f947c,$200-500
2019-10-10 12:43:48+00:00,purchase,1004249,2.0530135556318828e+18,electronics.smartphone,apple,746.17,523516613,e37f3798-b8ec-4b84-b81e-98dc49b1b9aa,$500-1000
2019-10-10 12:51:22+00:00,purchase,1004739,2.0530135556318828e+18,electronics.smartphone,xiaomi,189.67,558738371,8eeaf5f7-cc5c-43ea-a42c-27c7dc2c9676,$100-200
2019-10-10 13:05:44+00:00,purchase,1004863,2.0530135556318828e+18,electronics.smartphone,samsung,170.92,524755745,66831971-e911-4797-852d-28071ccfd3c6,$100-200
2019-10-10 13:10:35+00:00,purchase,4700549,2.0530135608999288e+18,auto.accessories.videoregister,neoline,143.89,522893444,aa01b11a-dc31-40f4-884d-661cbabbe958,$100-200
2019-10-10 13:12:10+00:00,purchase,5300481,2.0530135631732416e+18,unknown,vitek,19.82,513743483,14051bff-24a9-4b54-8556-3114cd74831a,<$50
2019-10-10 13:13:19+00:00,purchase,10800128,2.0530135549943483e+18,unknown,gorenje,17.99,513743483,14051bff-24a9-4b54-8556-3114cd74831a,<$50
2019-10-10 13:28:59+00:00,purchase,10701101,2.053013561277416e+18,unknown,ea,74.36,548471564,cade7085-0e74-447d-94a7-ee392c76b3bd,$50-100
2019-10-10 13:40:02+00:00,purchase,1004767,2.0530135556318828e+18,electronics.smartphone,samsung,250.93,543755694,c3982b88-b29c-4b71-8d73-47c6ea94f60a,$200-500
2019-10-10 13:40:18+00:00,purchase,1003306,2.0530135556318828e+18,electronics.smartphone,apple,581.61,549560924,da88813b-c7a5-4227-b4df-66d8391fb9ee,$500-1000
2019-10-10 13:59:15+00:00,purchase,2700618,2.053013563911439e+18,appliances.kitchen.refrigerators,indesit,349.75,515778941,dfd7bb4d-66a7-47e8-af24-b6a7e117e000,$200-500
2019-10-10 15:04:47+00:00,purchase,1004750,2.0530135556318828e+18,electronics.smartphone,samsung,196.89,558560892,87dd5059-7610-4192-add2-29febe2c401a,$100-200
2019-10-10 15:22:17+00:00,purchase,8500131,2.053013552259662e+18,unknown,navien,534.09,516839809,c13a9916-e55f-4e7a-83f2-8a2165b575b8,$500-1000
2019-10-10 15:36:06+00:00,purchase,1005115,2.0530135556318828e+18,electronics.smartphone,apple,1003.85,516849874,d54ec032-afa6-4a8f-8c58-fe158b105740,>$1000
2019-10-10 15:37:13+00:00,purchase,3700912,2.0530135659834253e+18,appliances.environment.vacuum,samsung,102.71,553182684,97cfe91f-3d75-4393-9a09-c8e0a19ba898,$100-200
2019-10-10 15:52:41+00:00,purchase,1005003,2.0530135556318828e+18,electronics.smartphone,huawei,252.26,519462659,b27f894e-5543-455e-b9b0-f088e3c2f9f6,$200-500
2019-10-10 16:00:31+00:00,purchase,1004565,2.0530135556318828e+18,electronics.smartphone,huawei,169.57,558868109,a94c9ce5-08d7-48f8-bf8a-24cee4586389,$100-200
2019-10-10 16:12:06+00:00,purchase,12719534,2.0530135535598963e+18,unknown,yokohama,45.69,527424308,16990735-cac9-440e-b278-ec3d929ffb45,<$50
2019-10-10 16:18:49+00:00,purchase,3801204,2.0530135661763635e+18,appliances.iron,redmond,69.47,513035863,20ed9210-2aea-469c-b18d-b102622aea0d,$50-100
2019-10-10 16:35:46+00:00,purchase,12706555,2.0530135535598963e+18,unknown,,39.64,524162203,7d70559e-711e-4c49-9422-88d2f81db9d0,<$50
2019-10-10 17:04:05+00:00,purchase,5100562,2.0530135533417925e+18,electronics.clocks,apple,295.76,512607231,ba9b3391-7db1-4f21-8aa6-12a35d381c63,$200-500
2019-10-10 17:28:04+00:00,purchase,1004777,2.0530135556318828e+18,electronics.smartphone,xiaomi,135.01,513090947,55e6de26-2daa-45f9-92c4-ffa8b28aa7b5,$100-200
2019-10-10 17:37:28+00:00,purchase,1002544,2.0530135556318828e+18,electronics.smartphone,apple,460.55,558435908,a5222499-334f-4c59-b701-dd1b0fed30d7,$200-500
2019-10-10 17:41:34+00:00,purchase,1004870,2.0530135556318828e+18,electronics.smartphone,samsung,286.22,558435908,a5222499-334f-4c59-b701-dd1b0fed30d7,$200-500
2019-10-10 17:43:51+00:00,purchase,12703670,2.0530135535598963e+18,unknown,goodyear,59.2,552418247,f53aad3c-68bb-4021-b2f5-e4d4b98a4b91,$50-100
2019-10-10 18:13:44+00:00,purchase,5100816,2.053013553375347e+18,unknown,xiaomi,28.58,556672150,cf634443-c7c1-44c7-9c2f-b6afe6b73aaa,<$50
2019-10-10 18:43:51+00:00,purchase,2701333,2.053013563911439e+18,appliances.kitchen.refrigerators,samsung,952.38,537559906,2e91cf73-3688-4ab6-9cc9-fa565665abc1,$500-1000
2019-10-10 18:50:43+00:00,purchase,6801093,2.0530135542225964e+18,computers.components.hdd,kingston,134.06,522485267,f2414bc3-264c-4b08-8ab7-00503eceaa57,$100-200
2019-10-10 19:08:48+00:00,purchase,12702872,2.0530135535598963e+18,unknown,bridgestone,111.15,539796081,c9c30ed1-eeae-4789-bcb4-3c1845371bb4,$100-200
2019-10-10 19:17:59+00:00,purchase,1201504,2.172371436436456e+18,electronics.tablet,samsung,163.63,558926448,dedb8144-9136-4222-98a1-a5e92d7e9e22,$100-200
2019-10-10 19:20:48+00:00,purchase,1005137,2.0530135556318828e+18,electronics.smartphone,apple,1541.87,512709586,1c631801-5d5b-4e6d-9e59-264d4e21b635,>$1000
2019-10-10 19:29:16+00:00,purchase,1005015,2.0530135556318828e+18,electronics.smartphone,samsung,595.64,532786569,e0eb1953-2f04-4984-b8a3-a3382f244e9f,$500-1000
2019-10-10 19:39:48+00:00,purchase,4700272,2.0530135608999288e+18,auto.accessories.videoregister,neoline,277.97,521828922,cea31f52-9cff-40b6-99c2-c767ad2c4aed,$200-500
2019-10-10 20:49:03+00:00,purchase,16200280,2.0530135563449144e+18,kids.fmcg.diapers,huggies,4.92,512748208,e556f4d8-e619-4d13-9914-1ed3111d0ebd,<$50
2019-10-10 21:53:54+00:00,purchase,1004863,2.0530135556318828e+18,electronics.smartphone,samsung,173.8,557600187,b016364b-4901-4fd9-85ec-8961b6bd2170,$100-200
2019-10-10 22:22:32+00:00,purchase,5801694,2.0530135539457723e+18,electronics.audio.subwoofer,pride,249.68,530459748,606e983a-8225-4c2a-8745-e7a24ad64c25,$200-500
2019-10-10 22:27:20+00:00,purchase,5801694,2.0530135539457723e+18,electronics.audio.subwoofer,pride,249.68,530459748,606e983a-8225-4c2a-8745-e7a24ad64c25,$200-500
2019-10-10 23:32:20+00:00,purchase,12720364,2.0530135535598963e+18,unknown,roadx,75.42,550119916,a143ee9f-ef2c-4889-9353-e9d911618d28,$50-100
2019-10-10 23:36:52+00:00,purchase,12703761,2.0530135535598963e+18,unknown,tigar,103.61,550119916,a143ee9f-ef2c-4889-9353-e9d911618d28,$100-200
2019-10-11 01:19:57+00:00,purchase,2800387,2.0530135638359416e+18,appliances.kitchen.refrigerators,,280.32,540266188,8f073b60-a9fe-4e60-876b-1193463e7088,$200-500
2019-10-11 02:03:54+00:00,purchase,1004856,2.0530135556318828e+18,electronics.smartphone,samsung,130.48,558985542,bdf9a56e-0f8e-4a15-99bc-437f4bf3b39b,$100-200
2019-10-11 02:18:09+00:00,purchase,26400673,2.0530135636513925e+18,unknown,lucente,372.98,533420330,45e19326-5817-4be3-b479-aea5ac594df5,$200-500
2019-10-11 03:57:20+00:00,purchase,12711949,2.0530135535598963e+18,unknown,triangle,46.85,524961020,39890c94-6aac-42ee-8be5-10f22eac3bcf,<$50
2019-10-11 04:01:19+00:00,purchase,26300094,2.0530135635842836e+18,unknown,lucente,562.69,519967953,bf3cc962-640d-49a5-a275-ae6a792ed64e,$500-1000
2019-10-11 04:07:47+00:00,purchase,26300353,2.0530135635842836e+18,unknown,lucente,169.89,559010217,4014c860-17a2-4b02-b1f7-042519a114c2,$100-200
2019-10-11 04:09:11+00:00,purchase,26400764,2.0530135636513925e+18,unknown,lucente,121.24,519967953,bf3cc962-640d-49a5-a275-ae6a792ed64e,$100-200
2019-10-11 04:12:11+00:00,purchase,1801690,2.0530135544155343e+18,electronics.video.tv,samsung,369.38,552642807,6068be0a-888b-40c0-b7fd-0e88bb110c78,$200-500
2019-10-11 04:12:22+00:00,purchase,22100099,2.053013561302582e+18,unknown,,32.95,512535911,bdb0d6e2-b6e2-46ae-9d24-d23e9094a0ec,<$50
2019-10-11 04:19:33+00:00,purchase,10800198,2.0530135549943483e+18,unknown,maxwell,41.16,559010217,3a2ca0ed-b7d6-42af-a664-e8d5cb56a1c2,<$50
2019-10-11 04:25:43+00:00,purchase,3800548,2.0530135661763635e+18,appliances.iron,vitek,28.06,559011609,0ebee07f-b1da-4f98-91c1-98b37c9cbd36,<$50
2019-10-11 04:37:50+00:00,purchase,1004767,2.0530135556318828e+18,electronics.smartphone,samsung,250.91,517615296,fe0a72b9-ffd1-4236-9f61-4d594754fb9b,$200-500
2019-10-11 04:44:14+00:00,purchase,1004777,2.0530135556318828e+18,electronics.smartphone,xiaomi,135.01,514340570,f1fe5152-714e-b46e-2be5-44dc41edbf0f,$100-200
2019-10-11 04:51:43+00:00,purchase,5300106,2.0530135631732416e+18,unknown,philips,77.2,513333347,87c10fba-2b4e-4a21-9a6c-a90104b2afd7,$50-100
2019-10-11 05:07:56+00:00,purchase,12706857,2.0530135535598963e+18,unknown,viatti,38.48,516998801,0aa0b954-3c4d-42aa-8312-8ba7b686a1bb,<$50
2019-10-11 05:08:00+00:00,purchase,1801623,2.0530135544155343e+18,electronics.video.tv,lg,390.04,513601442,fdca160a-1fd7-4048-bff4-b7d5131525cf,$200-500
2019-10-11 05:10:19+00:00,purchase,12702804,2.0530135535598963e+18,unknown,cordiant,43.5,512719231,01b76908-6c92-4abd-82b0-c0ad3277a763,<$50
2019-10-11 05:12:27+00:00,purchase,1004836,2.0530135556318828e+18,electronics.smartphone,samsung,230.3,514724890,135ff9b2-81bc-4fdc-895e-0ad7ebb73d8e,$200-500
2019-10-11 05:18:52+00:00,purchase,1002544,2.0530135556318828e+18,electronics.smartphone,apple,460.54,512493295,8ec63f4e-0c21-481c-9467-65e9a3ecc22e,$200-500
2019-10-11 05:18:58+00:00,purchase,4800236,2.053013554658804e+18,electronics.audio.headphone,samsung,38.19,512432519,1b7cc582-1dbf-4d7c-ac18-ab0e53bb53fa,<$50
2019-10-11 05:21:18+00:00,purchase,3700926,2.0530135659834253e+18,appliances.environment.vacuum,samsung,64.02,512432519,1b7cc582-1dbf-4d7c-ac18-ab0e53bb53fa,$50-100
2019-10-11 05:21:47+00:00,purchase,26202611,2.0530135636933356e+18,unknown,,294.44,544167925,29f18a37-20d5-454b-b339-46f9a532956a,$200-500
2019-10-11 05:22:37+00:00,purchase,26202611,2.0530135636933356e+18,unknown,,294.44,544167925,29f18a37-20d5-454b-b339-46f9a532956a,$200-500
2019-10-11 05:24:46+00:00,purchase,11400317,2.053013558458844e+18,unknown,xiaomi,13.68,515434326,96906a36-e351-481f-b312-b55ae487dd69,<$50
2019-10-11 05:45:14+00:00,purchase,1005115,2.0530135556318828e+18,electronics.smartphone,apple,1003.85,545769281,72249642-dc23-4d47-8392-c3bc49e1e166,>$1000
2019-10-11 06:08:25+00:00,purchase,2900906,2.0530135547762445e+18,appliances.kitchen.microwave,,94.98,536022927,880be83d-92be-4538-ac40-0ead0f3bc558,$50-100
2019-10-11 06:15:38+00:00,purchase,15800012,2.053013560144954e+18,unknown,bosch,74.65,539217062,24a010e5-d8a6-43c2-9ebc-35cfa8b6fdb1,$50-100
2019-10-11 06:25:43+00:00,purchase,1004794,2.0530135556318828e+18,electronics.smartphone,xiaomi,216.99,544088225,90e271b7-06aa-4b41-96c6-4b9e1685e14b,$200-500
2019-10-11 06:28:47+00:00,purchase,1004794,2.0530135556318828e+18,electronics.smartphone,xiaomi,216.99,544088225,90e271b7-06aa-4b41-96c6-4b9e1685e14b,$200-500
2019-10-11 06:33:02+00:00,purchase,12701425,2.0530135535598963e+18,unknown,,58.43,553077246,ef512660-fac1-4f32-a9a8-b74dd684d950,$50-100
2019-10-11 06:38:34+00:00,purchase,17800028,2.05301355986813e+18,computers.desktop,dxracer,282.09,514713117,656ed14a-456e-497f-a6f0-dfb3dad87341,$200-500
2019-10-11 06:40:01+00:00,purchase,1004767,2.0530135556318828e+18,electronics.smartphone,samsung,250.91,543040105,d03421b5-633a-4366-8500-ab29af64ad7c,$200-500
2019-10-11 06:40:25+00:00,purchase,1005112,2.0530135556318828e+18,electronics.smartphone,apple,1003.85,521346247,21a04ef9-1f88-45b1-8e5a-04946a82fe84,>$1000
2019-10-11 06:42:19+00:00,purchase,53900007,2.144916515806249e+18,construction.tools.saw,bosch,89.35,533751482,19ca68ae-01de-4dd6-b2f8-c936894f77c3,$50-100
2019-10-11 06:42:46+00:00,purchase,4804295,2.053013554658804e+18,electronics.audio.headphone,xiaomi,23.05,518753772,c5198700-095a-43cd-83f6-6a6fe27371a5,<$50
2019-10-11 06:47:42+00:00,purchase,26400193,2.0530135636513925e+18,unknown,,253.55,548007785,db5ab4ad-f7df-4e3a-92b5-fc40add9e68e,$200-500
2019-10-11 06:47:59+00:00,purchase,12711630,2.0530135535598963e+18,unknown,yokohama,74.65,534607233,22f8145f-1b06-4323-b7f2-bc7b12960f3a,$50-100
2019-10-11 06:53:44+00:00,purchase,1005122,2.0530135556318828e+18,electronics.smartphone,apple,1055.11,522104793,6b475278-25fb-4713-bb13-2b1dcfafa34d,>$1000
2019-10-11 06:58:43+00:00,purchase,12701072,2.0530135535598963e+18,unknown,pirelli,77.99,512830290,a6bc02d9-a33e-4593-b97e-b8dac88e9057,$50-100
2019-10-11 07:36:00+00:00,purchase,12710984,2.0530135535598963e+18,unknown,powertrac,39.25,557903436,a8c155ed-1531-4ef7-966b-abfabbd619ac,<$50
2019-10-11 07:36:25+00:00,purchase,26403425,2.0530135636513925e+18,unknown,,80.31,558334762,5de294eb-710d-44eb-aa42-7ed16225cf26,$50-100
2019-10-11 07:39:20+00:00,purchase,1004873,2.0530135556318828e+18,electronics.smartphone,samsung,378.93,518763073,6ecc732a-b736-435c-82de-6b32d1241ab0,$200-500
2019-10-11 07:43:17+00:00,purchase,1004659,2.0530135556318828e+18,electronics.smartphone,samsung,730.78,542826414,1106885f-4a1f-4427-8938-bb2406603a7b,$500-1000
2019-10-11 07:55:19+00:00,purchase,1801882,2.0530135544155343e+18,electronics.video.tv,samsung,463.07,513187857,f7790e72-0128-4725-b0b7-c9f40ba19c34,$200-500
2019-10-11 08:23:43+00:00,purchase,10900313,2.0530135550698455e+18,appliances.kitchen.mixer,zelmer,51.6,559048372,da483e6a-bb40-4c6c-9b07-6888c485c66b,$50-100
2019-10-11 08:29:55+00:00,purchase,28400916,2.053013566209918e+18,accessories.bag,,44.79,526222699,48ace781-a306-4d64-be4e-1c3eca7ee757,<$50
2019-10-11 08:43:43+00:00,purchase,1005014,2.0530135556318828e+18,electronics.smartphone,samsung,553.39,559050226,777faa14-fd4b-40b7-a911-4a0333c6d70a,$500-1000
2019-10-11 08:44:04+00:00,purchase,1002524,2.0530135556318828e+18,electronics.smartphone,apple,540.27,518817805,154f6b36-248b-4263-825d-290d9af976ec,$500-1000
2019-10-11 09:23:36+00:00,purchase,1004856,2.0530135556318828e+18,electronics.smartphone,samsung,130.48,543584771,0dfa5596-7736-4642-8fd3-7789c1885b49,$100-200
2019-10-11 09:23:42+00:00,purchase,1005209,2.0530135556318828e+18,electronics.smartphone,apple,424.7,514512259,8db5e716-b27b-44ff-87a0-8af7803fe20b,$200-500
2019-10-11 09:24:31+00:00,purchase,1005105,2.0530135556318828e+18,electronics.smartphone,apple,1428.31,559098216,38c71d44-9313-4254-8ef0-d6264c6f1df8,>$1000
2019-10-11 09:29:23+00:00,purchase,4804295,2.053013554658804e+18,electronics.audio.headphone,xiaomi,23.04,556079769,2c0366e4-41d8-4e0f-abd7-30fe542bf159,<$50
2019-10-11 09:39:19+00:00,purchase,26300094,2.0530135635842836e+18,unknown,lucente,562.69,546238845,b65eedf3-ce37-492e-a1dd-6a9b80555370,$500-1000
2019-10-11 09:49:55+00:00,purchase,1004856,2.0530135556318828e+18,electronics.smartphone,samsung,130.48,558216719,dbb23970-ed00-4121-b4d6-9c4339b28ed4,$100-200
2019-10-11 10:06:15+00:00,purchase,28715113,2.053013565480109e+18,apparel.shoes.keds,escan,44.79,514969299,e1a10f1a-d8a1-494c-b854-e29ab2fb9af4,<$50
2019-10-11 10:17:13+00:00,purchase,1004249,2.0530135556318828e+18,electronics.smartphone,apple,746.17,530397320,938ba05c-7415-4f9d-a64a-96fa1d31087e,$500-1000
2019-10-11 10:25:16+00:00,purchase,6301732,2.0530135548349647e+18,appliances.kitchen.kettle,smeg,181.03,536588408,f2b61c54-d21b-4bb1-a787-77604a76b6f6,$100-200
2019-10-11 10:27:04+00:00,purchase,1004661,2.0530135556318828e+18,electronics.smartphone,samsung,885.42,542826414,77d13d08-759b-4876-b6c2-692d3548cd69,$500-1000
2019-10-11 10:38:38+00:00,purchase,5100721,2.0530135533417925e+18,electronics.clocks,huawei,179.9,542826414,479942de-8c83-44c2-9881-4676d24e7179,$100-200
2019-10-11 10:47:05+00:00,purchase,26400193,2.0530135636513925e+18,unknown,,253.55,548007785,2bfc5d2a-231f-40dc-9629-25e5a336fade,$200-500
2019-10-11 10:47:35+00:00,purchase,1500076,2.0530135529559163e+18,computers.peripherals.printer,samsung,97.79,544694633,466eb754-a92e-4a8c-a4d6-9701a0e1bc37,$50-100
2019-10-11 10:49:52+00:00,purchase,4802095,2.053013554658804e+18,electronics.audio.headphone,kingston,148.51,522408409,ec657094-bdc4-43b0-9be2-db5c730d7f1a,$100-200
2019-10-11 10:51:41+00:00,purchase,1004661,2.0530135556318828e+18,electronics.smartphone,samsung,885.42,542826414,74bc77cb-632a-4880-9376-96ec1ac95b3a,$500-1000
2019-10-11 10:55:14+00:00,purchase,5100816,2.053013553375347e+18,unknown,xiaomi,28.31,533218197,fe385032-ba75-4dda-b5b4-033f870e1504,<$50
2019-10-11 11:34:51+00:00,purchase,1005122,2.0530135556318828e+18,electronics.smartphone,apple,1055.06,533788911,a25269ff-e98d-41de-bead-3133e1c499b6,>$1000
2019-10-11 11:41:02+00:00,purchase,15100288,2.053013557024392e+18,unknown,,656.39,548007785,b39abd36-d7a0-4500-a11f-dc38c2064b2e,$500-1000
2019-10-11 12:05:08+00:00,purchase,34600098,2.0609813205819064e+18,unknown,fenix,154.42,512760019,6406348e-979f-4641-84e3-ac47c7142256,$100-200
2019-10-11 12:06:46+00:00,purchase,1004839,2.0530135556318828e+18,electronics.smartphone,oppo,179.9,515041756,f4dc8267-092d-4835-be19-6fd59b34a7aa,$100-200
2019-10-11 12:08:29+00:00,purchase,34600117,2.0609813205819064e+18,unknown,fenix,368.07,512760019,6406348e-979f-4641-84e3-ac47c7142256,$200-500
2019-10-11 12:09:41+00:00,purchase,34600117,2.0609813205819064e+18,unknown,fenix,368.07,512760019,6406348e-979f-4641-84e3-ac47c7142256,$200-500
2019-10-11 13:00:19+00:00,purchase,1004838,2.0530135556318828e+18,electronics.smartphone,oppo,179.9,515041756,a4b2f4ad-f077-4a52-916d-a9d0af521051,$100-200
2019-10-11 13:16:58+00:00,purchase,2900569,2.0530135547762445e+18,appliances.kitchen.microwave,lg,89.38,548707727,70e99da5-3060-46bd-8bb4-2c891d7319eb,$50-100
2019-10-11 13:42:52+00:00,purchase,1002633,2.0530135556318828e+18,electronics.smartphone,apple,358.57,518817805,ad7b7b03-8e1f-4c42-9c9d-19c041e927d7,$200-500
2019-10-11 14:14:07+00:00,purchase,1307183,2.053013558920217e+18,computers.notebook,lenovo,450.44,518474793,cd438613-4fe8-49f0-9745-ae9cf868cfd9,$200-500
2019-10-11 14:30:04+00:00,purchase,10900029,2.0530135550698455e+18,appliances.kitchen.mixer,bosch,56.6,559011609,bdced16f-7822-4c06-a3e4-c85fbe3d1976,$50-100
2019-10-11 14:40:33+00:00,purchase,1004249,2.0530135556318828e+18,electronics.smartphone,apple,746.17,529230631,3434d957-4e7b-49ab-a37c-b817dadec8a7,$500-1000
2019-10-11 14:41:30+00:00,purchase,3801063,2.0530135661763635e+18,appliances.iron,philips,102.94,559011609,45a63c75-eaf4-496b-b1f6-f598c5aa474c,$100-200
2019-10-11 14:43:25+00:00,purchase,3601027,2.053013563810776e+18,appliances.kitchen.washer,indesit,200.66,522344335,a7a763ea-17c9-448d-b24c-7e48d994da87,$200-500
2019-10-11 15:02:12+00:00,purchase,26401404,2.0530135636513925e+18,unknown,lucente,179.41,524161153,77e49ea5-f9ad-4830-9a77-159a5ee50c62,$100-200
2019-10-11 15:02:25+00:00,purchase,1005062,2.0530135556318828e+18,electronics.smartphone,xiaomi,198.72,534764704,cc162c50-eb58-4e77-b478-241a4751c40e,$100-200
2019-10-11 15:12:49+00:00,purchase,1002544,2.0530135556318828e+18,electronics.smartphone,apple,460.54,522517307,c32b87d3-7de9-4a49-9d57-56ddfa7ebde0,$200-500
2019-10-11 15:14:05+00:00,purchase,1307366,2.053013558920217e+18,computers.notebook,lenovo,248.63,522517307,c32b87d3-7de9-4a49-9d57-56ddfa7ebde0,$200-500
2019-10-11 15:16:42+00:00,purchase,3100929,2.053013555262784e+18,appliances.kitchen.blender,redmond,77.2,516493566,732559c8-e8be-4c81-9798-b967d82857a6,$50-100
2019-10-11 15:35:24+00:00,purchase,5300157,2.0530135631732416e+18,unknown,philips,36.71,514455792,7f447bbb-28a8-4f4e-af21-87adb68ad498,<$50
2019-10-11 15:39:04+00:00,purchase,3701062,2.0530135659834253e+18,appliances.environment.vacuum,gorenje,90.07,515952065,091be92f-7c65-42e2-87e3-4c9d3805bb5e,$50-100
2019-10-11 15:55:09+00:00,purchase,1005105,2.0530135556318828e+18,electronics.smartphone,apple,1428.31,543333321,f5acee6c-a972-41e8-a966-8699752eb89b,>$1000
2019-10-11 16:15:45+00:00,purchase,3800859,2.0530135661763635e+18,appliances.iron,tefal,41.16,513035863,728dba5c-39e0-47ae-8e3d-7c5ea00d34f2,<$50
2019-10-11 16:25:01+00:00,purchase,3601437,2.053013563810776e+18,appliances.kitchen.washer,lg,380.96,559226601,e1911087-82aa-4711-b2f2-ad1d6ccab545,$200-500
2019-10-11 16:27:58+00:00,purchase,3600661,2.053013563810776e+18,appliances.kitchen.washer,samsung,293.18,559226601,e1911087-82aa-4711-b2f2-ad1d6ccab545,$200-500
2019-10-11 16:58:10+00:00,purchase,26300353,2.0530135635842836e+18,unknown,lucente,169.89,519523019,1b394af4-f45a-487c-90ce-842882f247cd,$100-200
2019-10-11 17:35:18+00:00,purchase,1004856,2.0530135556318828e+18,electronics.smartphone,samsung,130.48,520727859,11c024c1-7108-4b96-95ed-c0c6d87562c7,$100-200
2019-10-11 17:37:55+00:00,purchase,1002524,2.0530135556318828e+18,electronics.smartphone,apple,566.96,518681935,6193883e-738e-4737-aa25-6f3cb5078963,$500-1000
2019-10-11 17:45:01+00:00,purchase,1004856,2.0530135556318828e+18,electronics.smartphone,samsung,130.48,520727859,11c024c1-7108-4b96-95ed-c0c6d87562c7,$100-200
2019-10-11 18:08:57+00:00,purchase,1005115,2.0530135556318828e+18,electronics.smartphone,apple,1003.85,523516613,387c0a10-50bc-439a-9f04-0a3039a234e5,>$1000
2019-10-11 20:20:00+00:00,purchase,1005115,2.0530135556318828e+18,electronics.smartphone,apple,1003.85,516910561,66470529-c055-4bbd-a83c-0035ee6898e3,>$1000
2019-10-11 20:29:30+00:00,purchase,1004873,2.0530135556318828e+18,electronics.smartphone,samsung,378.79,559292970,79c7f0de-4324-4287-9915-d73e9f860f96,$200-500
2019-10-11 22:46:58+00:00,purchase,5100816,2.053013553375347e+18,unknown,xiaomi,28.43,517538611,c872c4e2-26a6-4936-a0d0-a186a9cad3c3,<$50
2019-10-11 23:01:56+00:00,purchase,1004741,2.0530135556318828e+18,electronics.smartphone,xiaomi,197.12,557437166,3a9d9bac-d39d-43ec-9caf-3b0519116102,$100-200
2019-10-12 02:38:47+00:00,purchase,5300157,2.0530135631732416e+18,unknown,philips,36.71,530286130,c80b496a-545e-431b-894a-2892dae3d515,<$50
2019-10-12 02:40:12+00:00,purchase,5300157,2.0530135631732416e+18,unknown,philips,36.71,530286130,c80b496a-545e-431b-894a-2892dae3d515,<$50
2019-10-12 03:15:51+00:00,purchase,1004739,2.0530135556318828e+18,electronics.smartphone,xiaomi,187.98,554770329,d0dd19c1-9948-421e-afff-5c283c0c34de,$100-200
2019-10-12 03:31:00+00:00,purchase,1004227,2.0530135556318828e+18,electronics.smartphone,apple,1005.33,515225078,2379a8c7-5f8f-475d-9daf-302f8aef108e,>$1000
2019-10-12 03:40:25+00:00,purchase,1004870,2.0530135556318828e+18,electronics.smartphone,samsung,285.44,551057638,b4808359-015e-4680-b2d4-bdec0a74ca5b,$200-500
2019-10-12 03:44:11+00:00,purchase,22700681,2.0530135561687537e+18,unknown,bosch,19.85,533751482,9e39df1c-0956-4cef-a5ec-9d4fb536b863,<$50
2019-10-12 04:14:09+00:00,purchase,1480494,2.0530135610928668e+18,computers.desktop,acer,900.9,553148248,c7882e80-9014-4e7b-8617-e0bc07f90f78,$500-1000
2019-10-12 04:17:31+00:00,purchase,6200717,2.0530135522932165e+18,appliances.environment.air_heater,oasis,9.01,517725498,83817dc8-8a84-4af3-9b1b-a34cfd33c4f3,<$50
2019-10-12 04:18:44+00:00,purchase,1201505,2.172371436436456e+18,electronics.tablet,samsung,163.59,514627774,46f3ccfc-cc5e-409e-8657-c933afd99785,$100-200
2019-10-12 04:24:17+00:00,purchase,4804056,2.053013554658804e+18,electronics.audio.headphone,apple,160.88,522831395,8d59da1c-5054-43ac-8f01-aa9479570509,$100-200
2019-10-12 04:34:51+00:00,purchase,1004777,2.0530135556318828e+18,electronics.smartphone,xiaomi,135.01,513090947,deeaab50-7775-41ab-8add-52d32870d404,$100-200
2019-10-12 04:56:11+00:00,purchase,1005115,2.0530135556318828e+18,electronics.smartphone,apple,1003.85,512744051,46b7937b-6ed2-47c6-92e3-20625fb21d87,>$1000
2019-10-12 04:56:23+00:00,purchase,1801766,2.0530135544155343e+18,electronics.video.tv,artel,150.17,514631489,09863757-df97-4685-a2b6-9cd1b1b332a4,$100-200
2019-10-12 05:06:33+00:00,purchase,5801496,2.0530135539457723e+18,electronics.audio.subwoofer,kicx,16.99,512432519,7f05d737-2985-42f7-84d9-fa92937f5189,<$50
2019-10-12 05:06:58+00:00,purchase,1002524,2.0530135556318828e+18,electronics.smartphone,apple,513.53,513926131,4c1d66b5-a94e-472a-a969-42c63add0bcb,$500-1000
2019-10-12 05:08:31+00:00,purchase,1002923,2.0530135556318828e+18,electronics.smartphone,huawei,149.3,553864601,7fe9124b-c55e-4ae5-8357-03926eb290c2,$100-200
2019-10-12 05:19:21+00:00,purchase,26400193,2.0530135636513925e+18,unknown,,253.55,548007785,ce192678-d2fd-440a-83c7-9b727cc62f3b,$200-500
2019-10-12 05:24:50+00:00,purchase,1005073,2.0530135556318828e+18,electronics.smartphone,samsung,1144.17,522831395,f25fa670-e8f0-4ab3-b1b0-c938af331e81,>$1000
2019-10-12 05:37:15+00:00,purchase,12717701,2.0530135535598963e+18,unknown,pirelli,65.51,542816145,ffccdd79-23fb-46e8-93d7-3dee02f02635,$50-100
2019-10-12 05:48:08+00:00,purchase,12706655,2.0530135535598963e+18,unknown,nokian,45.82,514497863,ab888c08-7c00-4231-9c9c-602309d329b9,<$50
2019-10-12 05:51:57+00:00,purchase,5801496,2.0530135539457723e+18,electronics.audio.subwoofer,kicx,16.99,512432519,63faac85-0f2f-4884-902a-838dfc2b59c1,<$50
2019-10-12 05:57:33+00:00,purchase,4803174,2.053013554658804e+18,electronics.audio.headphone,olto,1.0,512432519,9e8ee20b-066c-42bc-96d3-466d93caef72,<$50
2019-10-12 06:07:06+00:00,purchase,14701532,2.053013557133444e+18,furniture.living_room.cabinet,,154.42,518301324,dfae19c0-3653-4644-8cdb-b138fb7b7f51,$100-200
2019-10-12 06:10:54+00:00,purchase,3600666,2.053013563810776e+18,appliances.kitchen.washer,samsung,319.14,539953340,7ed30a94-a04c-4448-bd88-55dd9823cbea,$200-500
2019-10-12 06:46:10+00:00,purchase,1004856,2.0530135556318828e+18,electronics.smartphone,samsung,130.48,534084773,ea210020-b818-4af1-b1e9-a2471b902110,$100-200
2019-10-12 06:48:58+00:00,purchase,1305840,2.053013558920217e+18,computers.notebook,dell,1209.55,518452025,42daac2a-797c-48a1-adae-9cb7b4070497,>$1000
2019-10-12 06:54:19+00:00,purchase,12702018,2.0530135535598963e+18,unknown,,25.48,554407137,da89cc00-a799-4dcf-8bbf-4d8a73fed2e7,<$50
2019-10-12 06:57:59+00:00,purchase,1004767,2.0530135556318828e+18,electronics.smartphone,samsung,250.86,517615296,815796e6-dae4-4aee-9574-fac1924a5e36,$200-500
2019-10-12 07:02:12+00:00,purchase,2800594,2.0530135638359416e+18,appliances.kitchen.refrigerators,indesit,313.96,519057783,b477ef96-6b91-447c-88cb-9a62755e0b44,$200-500
2019-10-12 07:12:05+00:00,purchase,12718428,2.0530135535598963e+18,unknown,cordiant,43.5,531503927,13cd1191-ecd1-4b6e-a6b0-27e782fe8cec,<$50
2019-10-12 07:21:21+00:00,purchase,1307004,2.053013558920217e+18,computers.notebook,lenovo,298.57,559395996,290dfc93-6e77-4932-847e-5a71949c5e88,$200-500
2019-10-12 07:41:35+00:00,purchase,1002524,2.0530135556318828e+18,electronics.smartphone,apple,566.96,559200782,9d61e0e7-00be-481a-ab42-5d41e38c0c46,$500-1000
2019-10-12 07:45:06+00:00,purchase,1002544,2.0530135556318828e+18,electronics.smartphone,apple,460.51,559200782,97c1d13e-7a51-433e-9fac-01cad226bf8e,$200-500
2019-10-12 07:46:57+00:00,purchase,3801063,2.0530135661763635e+18,appliances.iron,philips,102.94,559011609,2c826737-130e-49f1-8a39-e9aff9ffbd2f,$100-200
2019-10-12 08:08:53+00:00,purchase,28718919,2.0530135650690675e+18,apparel.shoes.keds,nexpero,71.82,527745947,8c1fa02f-3791-4f87-a314-41f5f0fe7876,$50-100
2019-10-12 08:22:36+00:00,purchase,2601339,2.0530135639701596e+18,unknown,hp,25.71,518688775,f747c25e-4faf-4b75-8cd4-eefc744aef17,<$50
2019-10-12 08:39:14+00:00,purchase,12702928,2.0530135535598963e+18,unknown,matador,37.58,514464356,ea94fd82-e2cc-4f87-941d-2403310c9c52,<$50
2019-10-12 08:50:29+00:00,purchase,1005102,2.0530135556318828e+18,electronics.smartphone,xiaomi,433.68,559091845,8edf7eab-0a21-46e6-9c2d-6ba7e3f6690e,$200-500
2019-10-12 09:01:42+00:00,purchase,1004858,2.0530135556318828e+18,electronics.smartphone,samsung,131.63,537003715,b9550030-7da6-4ccb-80f7-f29c0e2df403,$100-200
2019-10-12 09:01:53+00:00,purchase,1004720,2.0530135556318828e+18,electronics.smartphone,huawei,126.9,559422739,f7d54f12-c0a3-4a0a-86d2-6922a309eab1,$100-200
2019-10-12 09:07:14+00:00,purchase,1004237,2.0530135556318828e+18,electronics.smartphone,apple,1085.97,521211271,07c7765e-19b8-4126-bf49-b9cc990c418a,>$1000
2019-10-12 09:12:40+00:00,purchase,1005135,2.0530135556318828e+18,electronics.smartphone,apple,1747.73,542555216,878d6c65-7873-4e60-bac0-a2e35f3e3d48,>$1000
2019-10-12 09:32:07+00:00,purchase,21404575,2.053013561579406e+18,electronics.clocks,casio,30.76,551057638,11872c7d-5596-4fc2-9841-d4811f791ea2,<$50
2019-10-12 09:36:52+00:00,purchase,13103926,2.053013553526342e+18,unknown,kipardo,344.41,539796081,0b549d12-20fc-4316-bfc3-5f2ed537ea00,$200-500
2019-10-12 09:38:57+00:00,purchase,1004856,2.0530135556318828e+18,electronics.smartphone,samsung,130.48,542384574,b83c5cd6-0f8f-45ca-af7c-b8f1398b6571,$100-200
2019-10-12 10:33:25+00:00,purchase,1004836,2.0530135556318828e+18,electronics.smartphone,samsung,230.08,513586101,2b7d8954-96cd-4406-af29-e61c3b7d41e4,$200-500
2019-10-12 10:45:28+00:00,purchase,1004659,2.0530135556318828e+18,electronics.smartphone,samsung,730.26,548007785,52d8406f-f49f-47d6-8dd2-614631d56f29,$500-1000
2019-10-12 10:50:32+00:00,purchase,1004237,2.0530135556318828e+18,electronics.smartphone,apple,1085.97,522104793,eaa91d7e-55ef-4ae8-b2af-81e3c75f27c9,>$1000
2019-10-12 10:54:19+00:00,purchase,1005122,2.0530135556318828e+18,electronics.smartphone,apple,1055.06,522104793,975aefd5-2f16-41d8-9ee8-0ff71c08f544,>$1000
2019-10-12 11:03:52+00:00,purchase,1005100,2.0530135556318828e+18,electronics.smartphone,samsung,145.32,557173237,0ce2d78c-4f95-4828-9d29-02bf00a7a62e,$100-200
2019-10-12 11:20:24+00:00,purchase,28717370,2.053013565480109e+18,apparel.shoes.keds,escan,35.78,529701707,2b8a6b10-8e77-446a-ba6f-c85c767ac4f6,<$50
2019-10-12 11:40:17+00:00,purchase,1004838,2.0530135556318828e+18,electronics.smartphone,oppo,179.85,559464387,1f60fee4-a155-4ddb-a11d-c7a3044e3bed,$100-200
2019-10-12 11:41:23+00:00,purchase,1801881,2.0530135544155343e+18,electronics.video.tv,samsung,496.41,518652842,32d12410-f761-466f-9a49-7dd0b960192c,$200-500
2019-10-12 11:51:50+00:00,purchase,1004209,2.0530135556318828e+18,electronics.smartphone,samsung,88.26,557600187,086b5f66-426f-4262-9251-f5463026b7c5,$50-100
2019-10-12 11:55:48+00:00,purchase,5701123,2.053013553970938e+18,auto.accessories.player,kenwood,51.48,514355755,18e04bfe-4fbc-46d4-a7e7-f6ddcebdc5b4,$50-100
2019-10-12 11:56:32+00:00,purchase,15100337,2.053013557024392e+18,unknown,,257.15,557609477,815eaf7f-cc35-4f84-b336-d0414e178318,$200-500
2019-10-12 11:58:43+00:00,purchase,29501514,2.0530135664531863e+18,unknown,,22.27,519511293,d67e7a36-0e22-4fc5-86c0-de5bdfa1c299,<$50
2019-10-12 11:59:41+00:00,purchase,29502636,2.145727399348667e+18,unknown,,32.18,519511293,d67e7a36-0e22-4fc5-86c0-de5bdfa1c299,<$50
2019-10-12 11:59:57+00:00,purchase,15100337,2.053013557024392e+18,unknown,,257.15,557609477,815eaf7f-cc35-4f84-b336-d0414e178318,$200-500
2019-10-12 12:00:11+00:00,purchase,29501627,2.0530135664531863e+18,unknown,uniforce,16.47,519511293,d67e7a36-0e22-4fc5-86c0-de5bdfa1c299,<$50
2019-10-12 12:27:07+00:00,purchase,1004768,2.0530135556318828e+18,electronics.smartphone,samsung,250.87,559478725,fadf8fa8-21b0-4d32-a62d-7ad819a0c690,$200-500
2019-10-12 12:38:34+00:00,purchase,1004856,2.0530135556318828e+18,electronics.smartphone,samsung,130.48,554619995,ed92e795-dad4-441d-8ae3-4a6580f554da,$100-200
2019-10-12 12:47:02+00:00,purchase,12700581,2.0530135535598963e+18,unknown,gislaved,51.48,520846652,9bb97b70-f5ab-48a8-a64e-58a2fd060b39,$50-100
2019-10-12 12:54:47+00:00,purchase,1002629,2.0530135556318828e+18,electronics.smartphone,apple,373.5,524807261,cd3b0024-8a54-4d1f-846a-b7935efa19cd,$200-500
2019-10-12 13:16:01+00:00,purchase,1004870,2.0530135556318828e+18,electronics.smartphone,samsung,285.41,558435908,cae15d89-ec66-40a9-93d7-29ece4de93a1,$200-500
2019-10-12 13:18:01+00:00,purchase,1004870,2.0530135556318828e+18,electronics.smartphone,samsung,285.41,558435908,cae15d89-ec66-40a9-93d7-29ece4de93a1,$200-500
2019-10-12 13:21:00+00:00,purchase,17200010,2.0530135597926328e+18,furniture.living_room.sofa,,962.44,514396170,6a27eec4-69a6-46ea-b3dc-cd47ca1cce9f,$500-1000
2019-10-12 14:01:03+00:00,purchase,6800318,2.0530135542225964e+18,computers.components.hdd,toshiba,44.32,513221577,1b809203-78b8-446d-91e6-a71a3ba6641c,<$50
2019-10-12 14:06:38+00:00,purchase,6800374,2.0530135542225964e+18,computers.components.hdd,transcend,43.5,513221577,22012def-84b7-48e2-800a-10722d068944,<$50
2019-10-12 14:12:22+00:00,purchase,28715758,2.0530135650690675e+18,apparel.shoes.keds,nexpero,75.42,529461742,0a4e6978-0f07-4016-8f8b-c98c1e5e4d00,$50-100
2019-10-12 14:12:27+00:00,purchase,1002634,2.0530135556318828e+18,electronics.smartphone,apple,373.5,524807261,a32f48c4-c086-444c-a33e-0d5988d9b87a,$200-500
2019-10-12 14:29:59+00:00,purchase,1802005,2.0530135544155343e+18,electronics.video.tv,lg,437.33,519261372,c3c37fc4-7e11-4181-99aa-8059b769bb4a,$200-500
2019-10-12 14:32:08+00:00,purchase,1002633,2.0530135556318828e+18,electronics.smartphone,apple,358.57,519261372,c3c37fc4-7e11-4181-99aa-8059b769bb4a,$200-500
2019-10-12 14:32:13+00:00,purchase,34700001,2.0617179374205015e+18,unknown,,33.44,531571978,f656ffff-e6e6-4e45-ae8e-f8c922b71b7e,<$50
2019-10-12 14:48:24+00:00,purchase,26200594,2.0530135636933356e+18,unknown,,226.78,525247856,ae4514ad-0c27-402a-b631-9b40b7b33091,$200-500
2019-10-12 14:56:23+00:00,purchase,2701638,2.053013563911439e+18,appliances.kitchen.refrigerators,indesit,247.65,517638710,6f440928-c1c0-41f7-9aff-fdfeb73aec7b,$200-500
2019-10-12 15:12:29+00:00,purchase,1004856,2.0530135556318828e+18,electronics.smartphone,samsung,130.48,559519529,bcbd30ee-59ed-4d4c-85cb-d99b43c79ab7,$100-200
2019-10-12 15:24:26+00:00,purchase,2700197,2.053013563911439e+18,appliances.kitchen.refrigerators,atlant,326.88,540855516,6685d56b-70e0-418f-bbca-ca09219736e7,$200-500
2019-10-12 15:32:03+00:00,purchase,5100816,2.053013553375347e+18,unknown,xiaomi,28.42,556672150,6f231a31-cf88-4d25-8bad-f4c098865a9e,<$50
2019-10-12 15:58:48+00:00,purchase,16300056,2.053013558131688e+18,unknown,,14.84,513669680,a39ecacb-9693-4522-9ce4-bfd5923326e2,<$50
2019-10-12 15:59:12+00:00,purchase,28712684,2.0530135652284508e+18,apparel.shoes,marcomen,88.03,531307142,a97b7a91-4e09-4fa6-876a-15eb6b6cc36f,$50-100
2019-10-12 16:04:40+00:00,purchase,12711593,2.0530135535598963e+18,unknown,triangle,59.2,514841347,768ba687-ef1b-46f5-8a72-5561dd64a530,$50-100
2019-10-12 16:26:16+00:00,purchase,1004833,2.0530135556318828e+18,electronics.smartphone,samsung,172.19,559406446,4946f35c-b784-4022-861b-3ca0f22509d6,$100-200
2019-10-12 16:26:51+00:00,purchase,22700129,2.0530135561687537e+18,unknown,stels,66.93,513646853,5c37332f-268c-4725-8ed2-9baa808b5abb,$50-100
2019-10-12 16:28:19+00:00,purchase,6000254,2.053013560807654e+18,auto.accessories.alarm,starline,196.92,547195134,877d9b5f-c694-464b-b187-641d559697b6,$100-200
2019-10-12 16:44:43+00:00,purchase,3701134,2.0530135659834253e+18,appliances.environment.vacuum,bosch,105.51,543423497,b4f0d0cf-9c05-42e1-a238-56348d6b6ba3,$100-200
2019-10-12 17:25:24+00:00,purchase,1002633,2.0530135556318828e+18,electronics.smartphone,apple,358.57,512607231,f9bc3469-da45-4609-9066-b9af0812a2e6,$200-500
2019-10-12 17:34:10+00:00,purchase,1004249,2.0530135556318828e+18,electronics.smartphone,apple,766.76,536259641,9e5e3168-2ba2-416c-8802-31eeaea00d56,$500-1000
2019-10-12 18:41:37+00:00,purchase,2500740,2.0530135640037135e+18,appliances.kitchen.oven,samsung,360.34,512478676,c4560a07-95ed-4ee2-a207-87fdaf41cb7a,$200-500
2019-10-12 18:42:10+00:00,purchase,22700193,2.0530135561687537e+18,unknown,stels,77.22,559580679,15d1e523-264a-42ee-92c2-9d22f94ee90d,$50-100
2019-10-12 18:43:43+00:00,purchase,4501932,2.053013563877885e+18,appliances.kitchen.hob,electrolux,246.83,512478676,c4560a07-95ed-4ee2-a207-87fdaf41cb7a,$200-500
2019-10-12 18:44:36+00:00,purchase,5800792,2.0530135539457723e+18,electronics.audio.subwoofer,,153.93,550800857,f4e8324b-08ad-4335-bf6a-56db3d444971,$100-200
2019-10-12 20:34:00+00:00,purchase,1003317,2.0530135556318828e+18,electronics.smartphone,apple,940.82,545769281,89629566-0f13-4bcc-85c7-6f695c7f72a9,$500-1000
2019-10-12 20:58:41+00:00,purchase,2800433,2.0530135638359416e+18,appliances.kitchen.refrigerators,haier,282.86,543436579,d55637c5-d57c-4c4d-b55c-69b5c8927668,$200-500
2019-10-12 21:16:28+00:00,purchase,26000276,2.0530135628376973e+18,unknown,,8.66,548159023,7acc4d33-cb3b-4da9-9113-ed86e169db57,<$50
2019-10-12 21:49:51+00:00,purchase,26204430,2.0530135636933356e+18,unknown,sokolov,8.88,512607231,6c24d54c-ff9a-47c0-9e74-0627aa5b5add,<$50
2019-10-12 22:17:34+00:00,purchase,1004659,2.0530135556318828e+18,electronics.smartphone,samsung,730.01,512581033,2905dc27-896f-440c-8f1d-ac7e81e8d786,$500-1000
2019-10-12 23:07:28+00:00,purchase,1003316,2.0530135556318828e+18,electronics.smartphone,apple,940.82,559632136,c732988e-9b8e-49b5-84c2-6caa676c7da4,$500-1000
2019-10-13 02:38:06+00:00,purchase,1004856,2.0530135556318828e+18,electronics.smartphone,samsung,130.48,550119916,e094b197-8d9f-4e76-b39e-518d976fac25,$100-200
2019-10-13 02:41:49+00:00,purchase,1004739,2.0530135556318828e+18,electronics.smartphone,xiaomi,187.9,544088225,8d3cc5e1-f6ad-4542-ade3-424a0fd753bb,$100-200
2019-10-13 02:50:21+00:00,purchase,26201254,2.0530135636933356e+18,unknown,lucente,124.84,512795433,ca8b8505-2d81-4b2d-8439-7719f64224ba,$100-200
2019-10-13 02:54:55+00:00,purchase,5301295,2.0530135631732416e+18,unknown,vitek,28.06,512795433,ca8b8505-2d81-4b2d-8439-7719f64224ba,<$50
2019-10-13 03:28:20+00:00,purchase,1004856,2.0530135556318828e+18,electronics.smartphone,samsung,130.48,512402349,707dcee6-a683-4a66-89b7-86e2ea7ecb4e,$100-200
2019-10-13 03:44:02+00:00,purchase,26300094,2.0530135635842836e+18,unknown,lucente,562.69,527035204,3859f60a-cb90-4ea0-bbb3-ab7e57a9a24a,$500-1000
2019-10-13 03:56:46+00:00,purchase,28716610,2.0530135656394929e+18,apparel.shoes,baden,79.02,512880246,54c30002-2d57-4224-a8ca-b6b560c820f0,$50-100
2019-10-13 04:03:28+00:00,purchase,3700781,2.0530135659834253e+18,appliances.environment.vacuum,polaris,34.72,548860124,fc0021ce-8ac6-4c39-ba18-a8f808a49bd4,<$50
2019-10-13 04:08:08+00:00,purchase,1005100,2.0530135556318828e+18,electronics.smartphone,samsung,145.19,525921810,b645afbd-bc7d-4ae8-8297-a17c19bc1975,$100-200
2019-10-13 04:09:55+00:00,purchase,1004834,2.0530135556318828e+18,electronics.smartphone,samsung,173.59,548007785,55cd3e18-19c5-49c3-9ef2-77e0ec0630ae,$100-200
2019-10-13 04:15:42+00:00,purchase,1005160,2.0530135556318828e+18,electronics.smartphone,xiaomi,230.83,519404118,88b236e0-5661-44e1-bebc-22fbfff4284b,$200-500
2019-10-13 04:25:46+00:00,purchase,12716824,2.0530135535598963e+18,unknown,tigar,56.63,543026867,b1227780-232c-47c2-9f4b-f189de60f0a4,$50-100
2019-10-13 04:47:24+00:00,purchase,22700128,2.0530135561687537e+18,unknown,stels,65.64,558314822,859205cd-95bf-4522-ba6f-78003ba3c46a,$50-100
2019-10-13 04:51:36+00:00,purchase,28718329,2.053013565782099e+18,apparel.shoes,tamaris,80.83,512536813,cda02174-2e6c-431b-b1ed-1ffc1743c4ec,$50-100
2019-10-13 04:51:37+00:00,purchase,11000097,2.0530135549607936e+18,appliances.kitchen.toster,bosch,54.03,514713117,6131f4d1-9954-44a2-8a26-fb1300f0bb35,$50-100
2019-10-13 05:14:38+00:00,purchase,12711053,2.0530135535598963e+18,unknown,tunga,31.66,518651774,f71e3260-c4db-40a7-9eb1-7d3288a88723,<$50
2019-10-13 05:23:57+00:00,purchase,1004750,2.0530135556318828e+18,electronics.smartphone,samsung,196.8,543040105,7067ff03-2d83-4b73-a18c-fec45937a7cd,$100-200
2019-10-13 05:34:54+00:00,purchase,1005021,2.0530135556318828e+18,electronics.smartphone,oppo,386.08,514532779,0dd744f0-5f44-4309-a0f9-394479504903,$200-500
2019-10-13 05:36:40+00:00,purchase,1005021,2.0530135556318828e+18,electronics.smartphone,oppo,386.08,514532779,0dd744f0-5f44-4309-a0f9-394479504903,$200-500
2019-10-13 05:37:25+00:00,purchase,1005021,2.0530135556318828e+18,electronics.smartphone,oppo,386.08,514532779,0dd744f0-5f44-4309-a0f9-394479504903,$200-500
2019-10-13 05:38:08+00:00,purchase,12718331,2.0530135535598963e+18,unknown,yokohama,52.12,539952521,f74e5de8-8125-47fc-a18c-8d0af08199d8,$50-100
2019-10-13 05:39:57+00:00,purchase,5300278,2.0530135631732416e+18,unknown,rowenta,69.47,512749976,b9e6dc9d-1941-41d3-b797-c2328e0e58c4,$50-100
2019-10-13 05:43:14+00:00,purchase,3400036,2.053013555178898e+18,unknown,redmond,182.73,532584132,a5d99a9a-3cec-433a-81ab-2bb4075f1b32,$100-200
2019-10-13 05:43:18+00:00,purchase,1005021,2.0530135556318828e+18,electronics.smartphone,oppo,386.08,514532779,58d72978-d129-47b3-a97a-55183461018e,$200-500
2019-10-13 05:49:12+00:00,purchase,1004939,2.0530135556318828e+18,electronics.smartphone,vivo,128.68,559464387,e9baa549-3b57-48a3-a07b-c0a69014f2a6,$100-200
2019-10-13 05:51:31+00:00,purchase,1004939,2.0530135556318828e+18,electronics.smartphone,vivo,128.68,559464387,e9baa549-3b57-48a3-a07b-c0a69014f2a6,$100-200
2019-10-13 06:00:01+00:00,purchase,1801704,2.0530135544155343e+18,electronics.video.tv,samsung,424.41,552276260,84e1dd68-12fd-47cf-90d5-27ebcfaa525d,$200-500
2019-10-13 06:03:25+00:00,purchase,22700129,2.0530135561687537e+18,unknown,stels,66.93,541481487,6094e635-fbd9-4c1e-84b2-5705a3193789,$50-100
2019-10-13 06:13:11+00:00,purchase,7004509,2.0530135603462807e+18,kids.carriage,belecoo,95.17,559406446,1e73e9db-97a8-4d4e-ab8a-8ede8feb1608,$50-100
2019-10-13 06:28:32+00:00,purchase,5700902,2.053013553970938e+18,auto.accessories.player,kenwood,365.52,531307142,839b2dbf-3aea-459a-be40-8ca6ae46f56e,$200-500
2019-10-13 06:34:35+00:00,purchase,1005100,2.0530135556318828e+18,electronics.smartphone,samsung,145.16,522589491,91063c3c-c9a0-4662-b224-8c04df2bb475,$100-200
2019-10-13 06:36:19+00:00,purchase,1004856,2.0530135556318828e+18,electronics.smartphone,samsung,131.64,558216719,ddc05e62-7831-4d26-90e6-efe47f7c822e,$100-200
2019-10-13 06:46:27+00:00,purchase,12702654,2.0530135535598963e+18,unknown,nexen,70.79,547426629,2c0f32bf-2026-48e4-a001-e0146f9463c8,$50-100
2019-10-13 06:50:48+00:00,purchase,12711088,2.0530135535598963e+18,unknown,tunga,28.83,514599067,f94ae69c-f773-4f7c-8b49-1ff708405bd3,<$50
2019-10-13 07:10:23+00:00,purchase,1005169,2.0530135556318828e+18,electronics.smartphone,samsung,228.11,514355755,2f5e94e0-55f9-4a83-9439-8a64e609b777,$200-500
2019-10-13 07:24:48+00:00,purchase,9300078,2.0530135545245865e+18,unknown,lg,242.58,512929771,c109fc75-91ca-4f6d-a8ba-44ca6f3a291b,$200-500
2019-10-13 07:31:07+00:00,purchase,1002633,2.0530135556318828e+18,electronics.smartphone,apple,358.57,514749247,20361233-75df-48e4-bac2-d2508dd6ba30,$200-500
2019-10-13 07:57:07+00:00,purchase,3700863,2.0530135659834253e+18,appliances.environment.vacuum,bosch,149.3,534361398,cb5283a7-293d-4fb6-9790-6c58691c2bd2,$100-200
2019-10-13 08:02:26+00:00,purchase,2700984,2.053013563911439e+18,appliances.kitchen.refrigerators,samsung,538.88,540479640,ccc830c2-4a73-45fc-ba82-8203526ff79e,$500-1000
2019-10-13 08:02:26+00:00,purchase,1004247,2.0530135556318828e+18,electronics.smartphone,apple,810.81,514501574,27d7d919-c682-431f-8ba9-dbcf6d34fd64,$500-1000
2019-10-13 08:14:12+00:00,purchase,1002544,2.0530135556318828e+18,electronics.smartphone,apple,460.51,514461192,80b0de3c-57ef-416a-90f4-ceb461f52a56,$200-500
2019-10-13 08:20:50+00:00,purchase,1005018,2.0530135556318828e+18,electronics.smartphone,huawei,95.68,535567355,05e0dd97-89c7-48f9-a39e-208006d808df,$50-100
2019-10-13 08:24:00+00:00,purchase,1005018,2.0530135556318828e+18,electronics.smartphone,huawei,95.68,535567355,05e0dd97-89c7-48f9-a39e-208006d808df,$50-100
2019-10-13 08:43:38+00:00,purchase,1005100,2.0530135556318828e+18,electronics.smartphone,samsung,145.16,559406446,2a31ff0b-fa70-4411-8781-5607c296dd2a,$100-200
2019-10-13 08:45:14+00:00,purchase,1801860,2.0530135544155343e+18,electronics.video.tv,kivi,192.8,559406446,2a31ff0b-fa70-4411-8781-5607c296dd2a,$100-200
2019-10-13 08:47:13+00:00,purchase,1480163,2.0530135610928668e+18,computers.desktop,acer,617.0,514840319,3d8cb173-64b6-4d92-ac23-253819570122,$500-1000
2019-10-13 08:55:02+00:00,purchase,1005205,2.0530135556318828e+18,electronics.smartphone,oppo,256.89,514532779,080fb1e1-c468-4abc-9234-171e0120d1b0,$200-500
2019-10-13 09:05:56+00:00,purchase,1480163,2.0530135610928668e+18,computers.desktop,acer,617.0,514840319,f1bd807a-a9ba-4303-9e1c-5e0cd44fc236,$500-1000
2019-10-13 09:13:42+00:00,purchase,17300760,2.0530135538534976e+18,unknown,moschino,65.63,512536813,b3d11ee1-c06e-47a8-a068-cae86c5a22e3,$50-100
2019-10-13 09:19:53+00:00,purchase,1004873,2.0530135556318828e+18,electronics.smartphone,samsung,378.56,512418293,963ffae1-de80-4be4-a651-67d199ae702c,$200-500
2019-10-13 09:23:15+00:00,purchase,1004856,2.0530135556318828e+18,electronics.smartphone,samsung,131.64,549584746,488a5518-3a7c-4768-b2fd-c69dcc6b58d9,$100-200
2019-10-13 09:27:53+00:00,purchase,4804295,2.053013554658804e+18,electronics.audio.headphone,xiaomi,23.02,514659520,3f23920e-0d9a-4921-a900-11137c595bfe,<$50
2019-10-13 09:34:38+00:00,purchase,13200688,2.053013557192164e+18,furniture.bedroom.bed,sv,214.68,553520011,310da896-e137-4f08-95aa-5035edf572c0,$200-500
2019-10-13 09:46:29+00:00,purchase,1004839,2.0530135556318828e+18,electronics.smartphone,oppo,179.84,514355755,d065a46c-3d90-499f-8530-891521f5bfd4,$100-200
2019-10-13 09:54:58+00:00,purchase,12701400,2.0530135535598963e+18,unknown,yokohama,88.81,558078975,7ccb3be4-3b01-4268-a47b-d25d0caff0ef,$50-100
2019-10-13 10:01:14+00:00,purchase,4804055,2.053013554658804e+18,electronics.audio.headphone,apple,191.59,522871388,3750fd9f-9f40-4526-baf8-59c50677bc96,$100-200
2019-10-13 10:17:15+00:00,purchase,1307042,2.053013558920217e+18,computers.notebook,lenovo,1472.85,532597172,118e767c-4a50-4349-9241-cde7e0137791,>$1000
2019-10-13 10:17:25+00:00,purchase,3701306,2.0530135659834253e+18,appliances.environment.vacuum,dyson,571.42,517074994,e29d745b-33ed-4580-a892-e440369154b9,$500-1000
2019-10-13 10:18:00+00:00,purchase,1004767,2.0530135556318828e+18,electronics.smartphone,samsung,250.82,491929644,e3113a77-6981-4085-b0ca-67868a973f7b,$200-500
2019-10-13 10:20:17+00:00,purchase,3601424,2.053013563810776e+18,appliances.kitchen.washer,candy,376.58,518989371,a0822686-47a3-4940-8d84-cf79948144ce,$200-500
2019-10-13 10:22:40+00:00,purchase,1004741,2.0530135556318828e+18,electronics.smartphone,xiaomi,191.77,515909478,7ddea48c-6147-4d80-9d7d-ee06be081f7f,$100-200
2019-10-13 10:35:50+00:00,purchase,5100577,2.0530135533417925e+18,electronics.clocks,samsung,294.47,559759138,1ea27ca8-f116-4a60-83e2-f1cebb4c5ca0,$200-500
2019-10-13 10:36:25+00:00,purchase,12703645,2.0530135535598963e+18,unknown,maxxis,71.82,525542101,79c55081-9014-41ea-a9cb-f4cd59769def,$50-100
2019-10-13 10:38:53+00:00,purchase,1004856,2.0530135556318828e+18,electronics.smartphone,samsung,131.64,551287127,3e21b5f1-d5c4-4d3a-b027-7b3924d650be,$100-200
2019-10-13 10:40:19+00:00,purchase,12717684,2.0530135535598963e+18,unknown,pirelli,73.1,515032407,02846aed-27f3-4ba4-977e-0e226fa23af6,$50-100
2019-10-13 10:40:43+00:00,purchase,1005002,2.0530135556318828e+18,electronics.smartphone,huawei,254.54,544534339,f4e9efab-7c22-4e6e-91ab-8a99b0322f8c,$200-500
2019-10-13 10:44:33+00:00,purchase,13300010,2.053013557166998e+18,unknown,vegas,264.61,519232803,aeb5735e-cf72-437c-b7b5-6e719cd50915,$200-500
2019-10-13 10:55:37+00:00,purchase,1004750,2.0530135556318828e+18,electronics.smartphone,samsung,196.8,543040105,a4e1653a-dd77-4945-ba37-44d9e0a96d26,$100-200
2019-10-13 10:58:34+00:00,purchase,26201661,2.0530135636933356e+18,unknown,,194.6,529018215,c0e6b8ff-05c1-98a6-90a0-5048afb47423,$100-200
2019-10-13 11:00:10+00:00,purchase,12712181,2.0530135535598963e+18,unknown,hankook,58.95,517840205,4e718699-e928-4e87-8812-959d2931d7de,$50-100
2019-10-13 11:01:57+00:00,purchase,3101045,2.053013555262784e+18,appliances.kitchen.blender,redmond,105.02,512403370,725beebf-0df3-435a-a68b-40bcd24d57bf,$100-200
2019-10-13 11:03:50+00:00,purchase,2501539,2.0530135640037135e+18,appliances.kitchen.oven,asel,86.49,526866887,04e7e860-58eb-46cf-9eea-adc7f1c87cf0,$50-100
2019-10-13 11:15:58+00:00,purchase,3900003,2.053013552326771e+18,appliances.environment.water_heater,ariston,117.11,526627645,9c203c71-e5bd-4d4c-bb6d-f34ac1c1e70e,$100-200
2019-10-13 11:19:20+00:00,purchase,3900685,2.053013552326771e+18,appliances.environment.water_heater,ariston,99.46,518666801,11bf293f-2ac2-40b6-9b99-f6388b118233,$50-100
2019-10-13 11:38:47+00:00,purchase,7600336,2.0530135528216988e+18,unknown,tp-link,28.03,531303149,b7ac8240-d731-4a71-b34f-6b11195ea82b,<$50
2019-10-13 11:39:34+00:00,purchase,1004870,2.0530135556318828e+18,electronics.smartphone,samsung,285.4,517326472,a2cd3cc8-9425-4c7d-a471-b4ee3ee7ee05,$200-500
2019-10-13 11:42:15+00:00,purchase,1600600,2.05301355305658e+18,computers.peripherals.printer,hp,148.05,531303149,b7ac8240-d731-4a71-b34f-6b11195ea82b,$100-200
2019-10-13 11:44:41+00:00,purchase,12702789,2.0530135535598963e+18,unknown,matador,104.51,518165937,2322f710-f2fa-4738-8e6d-33c9a3d65235,$100-200
2019-10-13 11:52:54+00:00,purchase,12714112,2.0530135535598963e+18,unknown,triangle,36.81,515095334,83a14d5f-5481-447e-8c05-6d20b2e3e2fb,<$50
2019-10-13 11:58:32+00:00,purchase,6300158,2.0530135548349647e+18,appliances.kitchen.kettle,philips,48.65,516849874,39629044-af68-4c26-bb34-65af4c09a871,<$50
2019-10-13 12:25:21+00:00,purchase,1004241,2.0530135556318828e+18,electronics.smartphone,apple,1178.2,514908932,35d8180d-5ea0-4e00-87d4-e6b78ccfd759,>$1000
2019-10-13 12:37:09+00:00,purchase,1004856,2.0530135556318828e+18,electronics.smartphone,samsung,131.64,543584771,05f094ad-43b8-40bc-a8b0-1259bbedf941,$100-200
2019-10-13 13:26:26+00:00,purchase,19100326,2.053013556227474e+18,construction.tools.saw,dewalt,188.52,533751482,8ea1bc94-4978-474c-886a-b445a647e345,$100-200
2019-10-13 13:29:01+00:00,purchase,4804056,2.053013554658804e+18,electronics.audio.headphone,apple,161.87,512795433,7210aee0-875b-4d5f-91ac-fa8730a7406c,$100-200
2019-10-13 13:38:10+00:00,purchase,5100577,2.0530135533417925e+18,electronics.clocks,samsung,294.47,538138892,28e621bc-14f9-4d2c-bbca-423d05e9c298,$200-500
2019-10-13 13:51:24+00:00,purchase,5800860,2.0530135539457723e+18,electronics.audio.subwoofer,phantom,15.44,512432519,f1c0b7de-f21d-4cab-9eb8-528b7971c07d,<$50
2019-10-13 14:02:40+00:00,purchase,1801860,2.0530135544155343e+18,electronics.video.tv,kivi,192.8,559406446,56977677-1c00-45a2-96aa-91d5bdeb0742,$100-200
2019-10-13 14:07:14+00:00,purchase,2900200,2.0530135547762445e+18,appliances.kitchen.microwave,lg,84.43,514465122,21ebe510-11b3-477c-b53d-dfa159b497ca,$50-100
2019-10-13 14:12:08+00:00,purchase,1801874,2.0530135544155343e+18,electronics.video.tv,kivi,514.79,513683849,3bfe10c0-d38c-4d5e-8997-61c2dd409721,$500-1000
2019-10-13 14:13:51+00:00,purchase,26204096,2.0530135636933356e+18,unknown,,289.91,535541948,a2f47a03-e70d-4b83-827e-79717c66ef51,$200-500
2019-10-13 14:41:17+00:00,purchase,1005115,2.0530135556318828e+18,electronics.smartphone,apple,1003.85,559828770,f34513cc-857e-4d44-b2bc-e2f7697e415f,>$1000
2019-10-13 14:55:39+00:00,purchase,1003312,2.0530135556318828e+18,electronics.smartphone,apple,716.6,559832872,117689bd-a0e3-4438-8bae-c8a8a04a8d34,$500-1000
2019-10-13 14:57:58+00:00,purchase,4803686,2.053013554658804e+18,electronics.audio.headphone,xiaomi,8.21,559832872,117689bd-a0e3-4438-8bae-c8a8a04a8d34,<$50
2019-10-13 14:58:21+00:00,purchase,1004870,2.0530135556318828e+18,electronics.smartphone,samsung,285.4,517814464,7de20582-b98e-4310-8944-83dc2a954bdd,$200-500
2019-10-13 15:18:41+00:00,purchase,1005115,2.0530135556318828e+18,electronics.smartphone,apple,1003.85,514899731,4ad8c3b8-59b1-47f6-989a-38c0433bdfa2,>$1000
2019-10-13 15:28:01+00:00,purchase,1801623,2.0530135544155343e+18,electronics.video.tv,lg,389.94,522418673,3da3d13a-3994-421d-a7e8-a48e1005163b,$200-500
2019-10-13 15:38:46+00:00,purchase,4804056,2.053013554658804e+18,electronics.audio.headphone,apple,161.87,516378998,89730f0f-b114-48ed-8085-82d1da274b17,$100-200
2019-10-13 15:43:15+00:00,purchase,1004833,2.0530135556318828e+18,electronics.smartphone,samsung,172.19,559835801,1bb437da-0e74-440a-be65-9fcb3236dde5,$100-200
2019-10-13 15:43:26+00:00,purchase,1801623,2.0530135544155343e+18,electronics.video.tv,lg,389.94,522418673,e94caaa6-9619-4d85-8fa0-49b092247964,$200-500
2019-10-13 15:44:42+00:00,purchase,12706983,2.0530135535598963e+18,unknown,nokian,52.0,535310087,9e37ca0e-f327-49bd-b5c2-3323a11ad815,$50-100
2019-10-13 16:00:53+00:00,purchase,1005114,2.0530135556318828e+18,electronics.smartphone,apple,1231.9,531037886,b2de86c9-9c1e-429a-9c28-d17c3776d906,>$1000
2019-10-13 16:39:23+00:00,purchase,1004785,2.0530135556318828e+18,electronics.smartphone,huawei,277.42,557546938,45d18bef-3695-4f06-ab21-718b08265b29,$200-500
2019-10-13 16:55:06+00:00,purchase,1004836,2.0530135556318828e+18,electronics.smartphone,samsung,229.99,558680000,44483d27-0212-4f8d-bade-5c51dc455ac3,$200-500
2019-10-13 16:55:58+00:00,purchase,13104601,2.053013553526342e+18,unknown,skad,389.71,522965893,d1ff8baf-909c-49c8-a267-642825135796,$200-500
2019-10-13 17:07:30+00:00,purchase,1005115,2.0530135556318828e+18,electronics.smartphone,apple,1003.85,536552248,94e00ad0-4226-460e-943b-fb8e20f1ebe1,>$1000
2019-10-13 17:09:15+00:00,purchase,19300009,2.0530135660337567e+18,appliances.ironing_board,perilla,38.58,514774569,3800d630-e1f5-4ab6-9994-24124feaeb79,<$50
2019-10-13 17:10:57+00:00,purchase,1005115,2.0530135556318828e+18,electronics.smartphone,apple,1003.85,536552248,94e00ad0-4226-460e-943b-fb8e20f1ebe1,>$1000
2019-10-13 17:13:14+00:00,purchase,3801063,2.0530135661763635e+18,appliances.iron,philips,102.94,514774569,3800d630-e1f5-4ab6-9994-24124feaeb79,$100-200
2019-10-13 17:18:37+00:00,purchase,5100566,2.0530135533417925e+18,electronics.clocks,apple,453.29,514936857,8a151ae0-0297-48a9-9ad5-2903c92c7d78,$200-500
2019-10-13 17:31:36+00:00,purchase,5100503,2.053013553375347e+18,unknown,xiaomi,22.96,556672150,a2deb753-7f30-44cc-9bba-de1193282704,<$50
2019-10-13 17:33:43+00:00,purchase,11500439,2.0530135546252493e+18,unknown,sven,11.81,556672150,a2deb753-7f30-44cc-9bba-de1193282704,<$50
2019-10-13 17:42:55+00:00,purchase,11000212,2.0530135549607936e+18,appliances.kitchen.toster,scarlett,24.17,518613698,c5cf73af-9f2c-4c67-879c-55f613f8e62c,<$50
2019-10-13 17:44:49+00:00,purchase,1004246,2.0530135556318828e+18,electronics.smartphone,apple,764.34,536552248,94e00ad0-4226-460e-943b-fb8e20f1ebe1,$500-1000
2019-10-13 17:55:11+00:00,purchase,5800274,2.0530135539457723e+18,electronics.audio.subwoofer,jbl,51.97,517433545,6fc1dcaf-dad3-4238-a48f-17225f64e63f,$50-100
2019-10-13 17:56:22+00:00,purchase,1005115,2.0530135556318828e+18,electronics.smartphone,apple,1003.85,536552248,a59f8626-30af-4c69-88da-7cc1bce64ff8,>$1000
2019-10-13 18:06:01+00:00,purchase,1004317,2.0530135556318828e+18,electronics.smartphone,meizu,200.75,516204460,07e4f4f7-5980-4a82-9466-eff9319db9c7,$200-500
2019-10-13 18:12:43+00:00,purchase,2800004,2.0530135638359416e+18,appliances.kitchen.refrigerators,indesit,205.69,516204460,ee512c64-fcbd-49aa-a067-9f1a5fa49fe7,$200-500
2019-10-13 18:20:56+00:00,purchase,1005073,2.0530135556318828e+18,electronics.smartphone,samsung,1140.04,545769281,5d69ba93-3584-4dfe-b62d-63d1cba33346,>$1000
2019-10-13 18:32:26+00:00,purchase,1005115,2.0530135556318828e+18,electronics.smartphone,apple,1003.85,518700016,7df347ab-e9e7-4f5c-951c-62a04f036821,>$1000
2019-10-13 18:40:40+00:00,purchase,1004870,2.0530135556318828e+18,electronics.smartphone,samsung,285.4,558435908,9176ad28-aecb-4bef-8c12-446ef029b050,$200-500
2019-10-13 19:47:26+00:00,purchase,5701128,2.053013553970938e+18,auto.accessories.player,,51.48,550800857,48d56028-77be-4c2c-a043-b6f48e477e7d,$50-100
2019-10-13 20:04:32+00:00,purchase,1003305,2.0530135556318828e+18,electronics.smartphone,apple,598.27,519967953,ddc04d2c-a1eb-4712-9588-25f143eb5531,$500-1000
2019-10-13 21:34:53+00:00,purchase,1307051,2.053013558920217e+18,computers.notebook,apple,1773.53,531027690,baf00c57-24c1-4df2-9552-6e446efa8ce5,>$1000
2019-10-13 21:42:51+00:00,purchase,1307051,2.053013558920217e+18,computers.notebook,apple,1773.53,531027690,5e9fab4c-4960-422c-816e-1229fb34ac3b,>$1000
2019-10-13 21:44:38+00:00,purchase,1307051,2.053013558920217e+18,computers.notebook,apple,1773.53,531027690,5e9fab4c-4960-422c-816e-1229fb34ac3b,>$1000
2019-10-13 21:49:07+00:00,purchase,1307053,2.053013558920217e+18,computers.notebook,apple,1919.97,531027690,5e9fab4c-4960-422c-816e-1229fb34ac3b,>$1000
2019-10-13 21:50:56+00:00,purchase,1307055,2.053013558920217e+18,computers.notebook,apple,1583.03,531027690,5e9fab4c-4960-422c-816e-1229fb34ac3b,>$1000
2019-10-13 21:52:15+00:00,purchase,1307338,2.053013558920217e+18,computers.notebook,asus,849.42,552532395,d8268df1-93d0-4360-9037-c8552ebc7e20,$500-1000
2019-10-13 21:55:48+00:00,purchase,1005116,2.0530135556318828e+18,electronics.smartphone,apple,1055.06,552532395,d8268df1-93d0-4360-9037-c8552ebc7e20,>$1000
2019-10-14 01:10:58+00:00,purchase,9800647,2.0530135540716012e+18,unknown,nzxt,186.53,512884833,7ee95ae3-19dc-4d53-8fc5-3f6cdf65c8f4,$100-200
2019-10-14 01:47:55+00:00,purchase,12600004,2.053013554751079e+18,appliances.kitchen.grill,tefal,344.9,531934768,fd57b792-448a-4f27-a90b-66f259457571,$200-500
2019-10-14 02:56:54+00:00,purchase,1004875,2.0530135556318828e+18,electronics.smartphone,samsung,386.29,512760408,f0dfb0d4-8167-49b8-b668-98176a7a7291,$200-500
2019-10-14 02:59:09+00:00,purchase,1801860,2.0530135544155343e+18,electronics.video.tv,kivi,192.8,559406446,b222b499-883e-4676-a15f-127baa7cf9e4,$100-200
2019-10-14 03:09:35+00:00,purchase,1005160,2.0530135556318828e+18,electronics.smartphone,xiaomi,230.79,542331939,e63cb055-8c80-4f69-a8e1-0699b382fdd9,$200-500
2019-10-14 03:20:41+00:00,purchase,1004886,2.0530135556318828e+18,electronics.smartphone,oppo,128.68,559062321,2d06d06d-c795-4559-ac73-9e57411ffa5e,$100-200
2019-10-14 03:25:37+00:00,purchase,1004886,2.0530135556318828e+18,electronics.smartphone,oppo,128.68,559062321,2d06d06d-c795-4559-ac73-9e57411ffa5e,$100-200
2019-10-14 03:38:35+00:00,purchase,1004836,2.0530135556318828e+18,electronics.smartphone,samsung,229.99,513989287,a5c02c24-3fa3-4de8-97a8-4571502835c8,$200-500
2019-10-14 03:47:41+00:00,purchase,1004777,2.0530135556318828e+18,electronics.smartphone,xiaomi,135.01,515916753,289852b2-241d-4057-8d15-1beca3ce58c3,$100-200
2019-10-14 04:00:24+00:00,purchase,2900536,2.0530135547762445e+18,appliances.kitchen.microwave,elenberg,51.46,536022927,5af9f3db-2868-400b-ac0d-b4312578004a,$50-100
2019-10-14 04:06:30+00:00,purchase,26400629,2.0530135636513925e+18,unknown,,305.8,519187644,34203221-536b-4c1f-9a43-b46a99775590,$200-500
2019-10-14 04:25:37+00:00,purchase,1004836,2.0530135556318828e+18,electronics.smartphone,samsung,229.99,512402349,bfe40e2c-38f6-4486-938f-07cebdf222d6,$200-500
2019-10-14 04:25:49+00:00,purchase,1004777,2.0530135556318828e+18,electronics.smartphone,xiaomi,135.01,559988340,e0ffe3ed-7d8a-4947-b953-af43a5a76e48,$100-200
2019-10-14 04:26:44+00:00,purchase,1004856,2.0530135556318828e+18,electronics.smartphone,samsung,131.64,512402349,bfe40e2c-38f6-4486-938f-07cebdf222d6,$100-200
2019-10-14 04:47:47+00:00,purchase,1004661,2.0530135556318828e+18,electronics.smartphone,samsung,885.45,522104793,bad46045-a8aa-44d2-bbf1-f17f47d48e55,$500-1000
2019-10-14 04:58:32+00:00,purchase,1004836,2.0530135556318828e+18,electronics.smartphone,samsung,229.99,533604671,7d4b29c5-0de8-435f-9bbe-ae2992e569c9,$200-500
2019-10-14 05:03:13+00:00,purchase,1005074,2.0530135556318828e+18,electronics.smartphone,samsung,1214.05,522104793,bad46045-a8aa-44d2-bbf1-f17f47d48e55,>$1000
2019-10-14 05:28:35+00:00,purchase,1004834,2.0530135556318828e+18,electronics.smartphone,samsung,173.56,559999522,f54ce96f-91d3-4f05-8272-dba5e75ccd4e,$100-200
2019-10-14 05:40:06+00:00,purchase,6501081,2.0530135541554875e+18,computers.components.motherboard,gigabyte,38.86,539261651,2df3861f-5332-442c-b174-1e7f6b5a8fa4,<$50
2019-10-14 05:41:28+00:00,purchase,13105163,2.053013553526342e+18,unknown,carwel,217.77,560002224,500e3343-029e-4e60-80c0-1ab1b4e81235,$200-500
2019-10-14 05:46:45+00:00,purchase,1500258,2.0530135529559163e+18,computers.peripherals.printer,epson,267.45,546771421,2788488c-3eb3-4294-bcb1-eede16cb5182,$200-500
2019-10-14 05:47:48+00:00,purchase,15200847,2.0530135534843988e+18,unknown,bars,59.2,523591415,be339f21-abe2-4d54-8ebf-3ff4a5661c78,$50-100
2019-10-14 05:48:32+00:00,purchase,1004767,2.0530135556318828e+18,electronics.smartphone,samsung,250.82,546771421,2788488c-3eb3-4294-bcb1-eede16cb5182,$200-500
2019-10-14 05:49:31+00:00,purchase,1600587,2.05301355305658e+18,computers.peripherals.printer,epson,205.41,516439927,fb205935-4bb9-49cb-b65f-9fc86ed40bdc,$200-500
2019-10-14 05:49:39+00:00,purchase,20100166,2.0530135594738652e+18,unknown,pikate,96.53,523111410,ed5f908a-3c64-4f06-bddb-5f8c92044f52,$50-100
2019-10-14 05:57:39+00:00,purchase,1004873,2.0530135556318828e+18,electronics.smartphone,samsung,378.53,512432519,a3eff421-4506-4f09-bc0b-ebee89345dd3,$200-500
2019-10-14 05:59:12+00:00,purchase,11400306,2.053013558458844e+18,unknown,powerplant,4.12,512432519,a3eff421-4506-4f09-bc0b-ebee89345dd3,<$50
2019-10-14 05:59:30+00:00,purchase,1005169,2.0530135556318828e+18,electronics.smartphone,samsung,228.11,534802291,c6bec430-260b-47ce-8763-b4c6d540057c,$200-500
2019-10-14 06:07:22+00:00,purchase,1004751,2.0530135556318828e+18,electronics.smartphone,samsung,196.83,552341986,a46d3512-974b-4ff7-8c4a-82a1b117fe09,$100-200
2019-10-14 06:24:17+00:00,purchase,7901012,2.0530135564875208e+18,furniture.kitchen.chair,lorelli-bertoni,81.33,517829251,32ff8f09-89df-476f-90e5-9b99c0e6d9b7,$50-100
2019-10-14 06:30:53+00:00,purchase,5100576,2.0530135533417925e+18,electronics.clocks,apple,429.84,518701116,c226273f-e65a-4546-8cc3-20e5fec949ed,$200-500
2019-10-14 06:34:01+00:00,purchase,1004836,2.0530135556318828e+18,electronics.smartphone,samsung,229.99,512402349,b5c9920a-7406-406f-9f0d-e0414d9f4be2,$200-500
2019-10-14 07:04:08+00:00,purchase,1004708,2.0530135556318828e+18,electronics.smartphone,huawei,153.84,560025834,cac5ff15-6b57-4569-b4e8-8c93bb518205,$100-200
2019-10-14 07:04:12+00:00,purchase,4804025,2.053013554658804e+18,electronics.audio.headphone,xiaomi,25.21,527700673,9b92fb8f-43ac-4120-b0e5-365f3a10b8a7,<$50
2019-10-14 07:05:29+00:00,purchase,38900088,2.0857186361561585e+18,unknown,brw,149.81,519057783,ae3500eb-90f3-4e5c-96b8-f952a0188dc2,$100-200
2019-10-14 07:06:10+00:00,purchase,4802159,2.053013554658804e+18,electronics.audio.headphone,jbl,8.98,527700673,9b92fb8f-43ac-4120-b0e5-365f3a10b8a7,<$50
2019-10-14 07:15:20+00:00,purchase,1002633,2.0530135556318828e+18,electronics.smartphone,apple,358.57,515081158,5a3c40da-31aa-43ab-93dd-36d91ed7a25e,$200-500
2019-10-14 07:17:32+00:00,purchase,5100874,2.0530135533417925e+18,electronics.clocks,samsung,280.11,542388795,87df4088-93ef-49fb-a28b-6a368bf21488,$200-500
2019-10-14 07:20:37+00:00,purchase,2900803,2.0530135547762445e+18,appliances.kitchen.microwave,samsung,128.45,520395721,a5249518-7375-4aa1-935c-f7ba05871ecc,$100-200
2019-10-14 07:22:11+00:00,purchase,1004794,2.0530135556318828e+18,electronics.smartphone,xiaomi,228.52,518623289,e28e2eed-4730-4e28-aafd-1e254a68ab65,$200-500
2019-10-14 07:26:19+00:00,purchase,12700733,2.0530135535598963e+18,unknown,,32.18,560030596,6c1a3dea-c6ec-4d8c-b4ce-06410a83172b,<$50
2019-10-14 07:27:19+00:00,purchase,1307275,2.053013558920217e+18,computers.notebook,msi,2574.04,551093881,642b39a8-091c-4e3b-b584-4b660b381108,>$1000
2019-10-14 07:30:28+00:00,purchase,18000950,2.0530135585259525e+18,unknown,dub,6.7,530109927,c468805c-a151-444d-b2a0-b642e1779fb6,<$50
2019-10-14 07:43:08+00:00,purchase,7006107,2.0530135603462807e+18,kids.carriage,babykiss,218.8,514217334,65956320-635d-4885-8308-06fea53ec68f,$200-500
2019-10-14 07:51:25+00:00,purchase,4804295,2.053013554658804e+18,electronics.audio.headphone,xiaomi,23.02,512550165,37b00675-342f-45ec-803f-f97873cfe0ad,<$50
2019-10-14 07:51:49+00:00,purchase,3900339,2.053013552326771e+18,appliances.environment.water_heater,aqua,30.86,537517071,d515f40a-aa19-4489-aace-8f6a25b42c3a,<$50
2019-10-14 08:01:09+00:00,purchase,3100491,2.053013555262784e+18,appliances.kitchen.blender,polaris,33.21,516883802,acb5b940-f014-4ed0-ad7f-7728c3b5907c,<$50
2019-10-14 08:20:27+00:00,purchase,31401026,2.0551568958444012e+18,unknown,krosno,9.68,520395721,be93dce9-f355-422b-8751-7ae3ef9ef50c,<$50
2019-10-14 08:27:56+00:00,purchase,31300018,2.053013558072968e+18,unknown,luminarc,2.47,520395721,be93dce9-f355-422b-8751-7ae3ef9ef50c,<$50
2019-10-14 08:30:13+00:00,purchase,1005115,2.0530135556318828e+18,electronics.smartphone,apple,1003.85,522240020,690f877a-1a22-455c-bf24-e75693f70198,>$1000
2019-10-14 08:37:32+00:00,purchase,1201294,2.172371436436456e+18,electronics.tablet,apple,565.78,512709586,38f5d7d5-3cbd-4fce-a090-e74d69906f87,$500-1000
2019-10-14 08:42:24+00:00,purchase,32800211,2.0551569242733944e+18,unknown,rush,158.56,560051024,ae3d8164-0cc9-4505-b829-c5eb38b84319,$100-200
2019-10-14 08:44:21+00:00,purchase,33000274,2.055909009252156e+18,unknown,koopman,2.7,520395721,be93dce9-f355-422b-8751-7ae3ef9ef50c,<$50
2019-10-14 08:47:51+00:00,purchase,10501411,2.0530135531991864e+18,unknown,,16.19,559788788,0e1913f3-020e-4515-ab7b-76ecd9d85c49,<$50
2019-10-14 08:48:32+00:00,purchase,22900089,2.053013561780733e+18,furniture.bedroom.pillow,,10.3,520395721,be93dce9-f355-422b-8751-7ae3ef9ef50c,<$50
2019-10-14 09:13:17+00:00,purchase,12704677,2.0530135535598963e+18,unknown,sailun,49.94,515909478,9c6e8bf3-0f2a-43ba-8d36-b32ff5193947,<$50
2019-10-14 09:19:01+00:00,purchase,1005004,2.0530135556318828e+18,electronics.smartphone,huawei,253.97,518018191,75b4f3db-b9d2-40dc-9d41-515271634b3d,$200-500
2019-10-14 09:19:31+00:00,purchase,1201505,2.172371436436456e+18,electronics.tablet,samsung,163.45,560062559,ba75754c-547f-46b6-a33d-b0fce1466473,$100-200
2019-10-14 09:22:32+00:00,purchase,12600037,2.053013554751079e+18,appliances.kitchen.grill,redmond,77.2,516786860,ff48cf7d-3ad0-4fcd-be04-0e57eaf80931,$50-100
2019-10-14 09:23:47+00:00,purchase,12704677,2.0530135535598963e+18,unknown,sailun,49.94,515909478,d158e67c-95a3-4123-adf3-9269a2dfe166,<$50
2019-10-14 09:25:36+00:00,purchase,3700278,2.0530135659834253e+18,appliances.environment.vacuum,samsung,69.47,516786860,ff48cf7d-3ad0-4fcd-be04-0e57eaf80931,$50-100
2019-10-14 09:33:05+00:00,purchase,1004237,2.0530135556318828e+18,electronics.smartphone,apple,1085.97,540218133,34332eb5-7bc6-452f-bbae-c858d9255738,>$1000
2019-10-14 09:50:00+00:00,purchase,1004838,2.0530135556318828e+18,electronics.smartphone,oppo,179.85,515858532,32a499dc-d5f9-48e0-97ec-ae4400b5eda7,$100-200
2019-10-14 09:54:34+00:00,purchase,1004739,2.0530135556318828e+18,electronics.smartphone,xiaomi,187.89,516651834,115b72f9-84db-4179-88e8-5f6f2f3f53ea,$100-200
2019-10-14 09:59:14+00:00,purchase,26203491,2.0530135636933356e+18,unknown,sokolov,104.67,556477024,d92adaf2-5db5-4f3e-ae82-bcb19d5fa2db,$100-200
2019-10-14 10:08:02+00:00,purchase,1004856,2.0530135556318828e+18,electronics.smartphone,samsung,131.64,559436394,3a46e066-ffa8-490b-8056-797cb4a021e9,$100-200
2019-10-14 10:08:19+00:00,purchase,2900200,2.0530135547762445e+18,appliances.kitchen.microwave,lg,84.43,514465122,05803de8-3105-4ad7-b8b2-58c864c5be74,$50-100
2019-10-14 10:14:42+00:00,purchase,1004875,2.0530135556318828e+18,electronics.smartphone,samsung,386.29,520727859,3411a84d-58c4-41a6-9500-70b5954b4b60,$200-500
2019-10-14 10:16:34+00:00,purchase,1307344,2.053013558920217e+18,computers.notebook,asus,540.53,559436394,602e0978-2dfd-47bd-abe0-1aeec00f8bfb,$500-1000
2019-10-14 10:16:36+00:00,purchase,10800172,2.0530135549943483e+18,unknown,redmond,51.46,514465122,05803de8-3105-4ad7-b8b2-58c864c5be74,$50-100
2019-10-14 10:20:00+00:00,purchase,1004856,2.0530135556318828e+18,electronics.smartphone,samsung,131.64,559436394,c975f6ac-198a-4801-9d31-86c33e4e3fbf,$100-200
2019-10-14 10:21:07+00:00,purchase,1004856,2.0530135556318828e+18,electronics.smartphone,samsung,131.64,520727859,3411a84d-58c4-41a6-9500-70b5954b4b60,$100-200
2019-10-14 10:21:13+00:00,purchase,1004856,2.0530135556318828e+18,electronics.smartphone,samsung,131.64,559436394,92a0ef53-3ab3-42bb-ba91-ea1a6e9d9f98,$100-200
2019-10-14 10:24:36+00:00,purchase,1004858,2.0530135556318828e+18,electronics.smartphone,samsung,131.63,549882086,09049644-591f-40c2-aada-0bc24c583b92,$100-200
2019-10-14 10:25:15+00:00,purchase,1004856,2.0530135556318828e+18,electronics.smartphone,samsung,131.64,513618909,b6f64bb5-3dab-4a4c-b872-400d3fe1122a,$100-200
2019-10-14 10:33:29+00:00,purchase,1004870,2.0530135556318828e+18,electronics.smartphone,samsung,285.4,558435908,866d95b5-0785-43f3-88dd-93a1005700ef,$200-500
2019-10-14 10:36:34+00:00,purchase,1005168,2.0530135556318828e+18,electronics.smartphone,samsung,228.73,517910565,b7be0562-3f2c-47cc-9913-b393d47db5d4,$200-500
2019-10-14 10:41:07+00:00,purchase,4100126,2.053013561218696e+18,unknown,sony,334.11,512364781,3123d8ef-fada-4e7d-b216-364bdc5c2bf7,$200-500
2019-10-14 10:42:54+00:00,purchase,4100126,2.053013561218696e+18,unknown,sony,334.11,512364781,3123d8ef-fada-4e7d-b216-364bdc5c2bf7,$200-500
2019-10-14 10:45:33+00:00,purchase,1004873,2.0530135556318828e+18,electronics.smartphone,samsung,378.53,520727859,7aec8d33-cc45-4209-8a8c-3942b4b8f8d6,$200-500
2019-10-14 10:47:28+00:00,purchase,1004661,2.0530135556318828e+18,electronics.smartphone,samsung,885.45,522104793,a4182443-7d9f-44d0-8c4f-ebfd6fde478b,$500-1000
2019-10-14 10:48:27+00:00,purchase,1004873,2.0530135556318828e+18,electronics.smartphone,samsung,378.53,520727859,7aec8d33-cc45-4209-8a8c-3942b4b8f8d6,$200-500
2019-10-14 10:52:28+00:00,purchase,1004873,2.0530135556318828e+18,electronics.smartphone,samsung,378.53,520727859,c8291a42-9e35-46d0-961d-60fe1f55c6c0,$200-500
2019-10-14 11:02:03+00:00,purchase,6800653,2.0530135542225964e+18,computers.components.hdd,kingston,24.15,514308660,efda156f-83e9-4ce7-bc8a-2dac9aa3da34,<$50
2019-10-14 11:02:29+00:00,purchase,30400004,2.0530135600107364e+18,unknown,huter,630.36,512929771,1ec7b151-32cd-4648-b1e3-bf80485e5046,$500-1000
2019-10-14 11:03:38+00:00,purchase,1005100,2.0530135556318828e+18,electronics.smartphone,samsung,145.13,543483786,cfd053c6-5632-482c-8b5b-651771568861,$100-200
2019-10-14 11:23:08+00:00,purchase,16100792,2.0530135581568535e+18,unknown,bergner,42.26,548753992,2c1206ad-d60c-4660-832a-264adbfae5d7,<$50
2019-10-14 11:31:07+00:00,purchase,23000104,2.1643674228935892e+18,unknown,,33.98,513902738,538c1433-bc73-4277-a7fd-e141dd53ac1f,<$50
2019-10-14 11:39:38+00:00,purchase,1004870,2.0530135556318828e+18,electronics.smartphone,samsung,285.4,560106838,da02eae0-b3b4-41ab-a516-569409d34aa4,$200-500
2019-10-14 11:53:53+00:00,purchase,1005099,2.0530135556318828e+18,electronics.smartphone,samsung,145.12,533511152,ca652f3a-ff08-4c82-ad77-9844e475aa15,$100-200
2019-10-14 11:54:11+00:00,purchase,1004767,2.0530135556318828e+18,electronics.smartphone,samsung,250.82,560111576,7df6b793-793a-4b51-b5c2-c6cb0c18670d,$200-500
2019-10-14 11:56:46+00:00,purchase,23000104,2.1643674228935892e+18,unknown,,33.98,513902738,3c246219-4fde-4af5-a0c4-e251d6c63445,<$50
2019-10-14 12:04:41+00:00,purchase,1004767,2.0530135556318828e+18,electronics.smartphone,samsung,250.82,547683992,adb7d827-cd15-4196-8a1d-d0480df1a07d,$200-500
2019-10-14 12:19:27+00:00,purchase,1307051,2.053013558920217e+18,computers.notebook,apple,1773.53,531027690,066d529e-0378-42d2-915b-522cdbf1b213,>$1000
2019-10-14 12:21:00+00:00,purchase,12100551,2.053013555816432e+18,kids.skates,scooter,20.59,559788788,0881847e-94ce-4a9c-bae7-9c600210ae2e,<$50
2019-10-14 12:24:46+00:00,purchase,1005115,2.0530135556318828e+18,electronics.smartphone,apple,1003.85,512744051,2808a38f-c7e8-4771-ad7f-e1bfaebb16f5,>$1000
2019-10-14 12:30:53+00:00,purchase,4802273,2.053013554658804e+18,electronics.audio.headphone,samsung,6.8,553405367,6edc7b02-db7d-458f-99a6-45873d0f4b1d,<$50
2019-10-14 12:33:47+00:00,purchase,1005195,2.0530135556318828e+18,electronics.smartphone,xiaomi,128.45,526804485,e9800fdc-026d-48cc-8b62-dcb620192384,$100-200
2019-10-14 12:43:10+00:00,purchase,32600035,2.0530135665874043e+18,unknown,okuma,39.61,557600187,cf04869a-a7ce-4adb-9379-7e0c144becbf,<$50
2019-10-14 12:46:27+00:00,purchase,1004209,2.0530135556318828e+18,electronics.smartphone,samsung,88.26,557600187,cf04869a-a7ce-4adb-9379-7e0c144becbf,$50-100
2019-10-14 12:48:04+00:00,purchase,26200105,2.0530135636933356e+18,unknown,,155.22,519967953,3de7e16c-9912-4417-bdd9-23b0e41c8d25,$100-200
2019-10-14 13:06:08+00:00,purchase,14300068,2.0530135576032056e+18,electronics.audio.music_tools.piano,yamaha,236.53,535740940,97c0b6a3-df43-4897-9910-e307109add7b,$200-500
2019-10-14 13:07:02+00:00,purchase,4804137,2.053013554658804e+18,electronics.audio.headphone,huawei,102.94,560132689,d10744d1-edf1-4561-86c7-481fd936ebb6,$100-200
2019-10-14 13:19:09+00:00,purchase,17301073,2.0530135538534976e+18,unknown,,44.38,512450030,1b2329cc-2706-cc65-2a67-1e57b9211421,<$50
2019-10-14 13:30:01+00:00,purchase,12400087,2.05301355625264e+18,construction.tools.drill,bosch,115.56,559660068,14a9e312-cbe8-48ab-8954-81fec8bcf120,$100-200
2019-10-14 13:43:34+00:00,purchase,28715839,2.0530135651277875e+18,apparel.shoes,rooman,48.39,516253760,9a4c896f-a0cf-4b3a-8a73-ea3d294e3714,<$50
2019-10-14 13:54:42+00:00,purchase,3400036,2.053013555178898e+18,unknown,redmond,182.73,532584132,b54486a7-e835-40b8-84da-c49b8205b515,$100-200
2019-10-14 13:57:01+00:00,purchase,1004836,2.0530135556318828e+18,electronics.smartphone,samsung,229.99,536901477,81b61ed9-5bc1-4cfb-bcf9-2538c12cceb4,$200-500
2019-10-14 14:34:41+00:00,purchase,1005135,2.0530135556318828e+18,electronics.smartphone,apple,1747.7,538772934,62dd1c69-d4ac-4408-85e5-bf1c48072608,>$1000
2019-10-14 14:36:35+00:00,purchase,1005105,2.0530135556318828e+18,electronics.smartphone,apple,1428.31,538772934,62dd1c69-d4ac-4408-85e5-bf1c48072608,>$1000
2019-10-14 14:40:38+00:00,purchase,1003317,2.0530135556318828e+18,electronics.smartphone,apple,952.15,538772934,62dd1c69-d4ac-4408-85e5-bf1c48072608,$500-1000
2019-10-14 14:41:18+00:00,purchase,4804056,2.053013554658804e+18,electronics.audio.headphone,apple,161.87,515357891,3ac41718-78f2-4bb8-809f-4d5e427666d3,$100-200
2019-10-14 14:50:48+00:00,purchase,1003771,2.0530135556318828e+18,electronics.smartphone,huawei,231.38,525045632,43527745-bb95-45f5-885e-07cadbf32b67,$200-500
2019-10-14 14:54:43+00:00,purchase,1004249,2.0530135556318828e+18,electronics.smartphone,apple,766.76,538772934,1bf78c38-4955-4a0d-bf9d-1303bda23df8,$500-1000
2019-10-14 14:57:31+00:00,purchase,1004249,2.0530135556318828e+18,electronics.smartphone,apple,766.76,512744051,e8981e73-dd23-47ff-b2af-613b6037603d,$500-1000
2019-10-14 15:01:53+00:00,purchase,6201001,2.0530135522932165e+18,appliances.environment.air_heater,,48.88,515545287,7716effe-a98b-4d25-b62f-bf640d6d4e44,<$50
2019-10-14 15:10:47+00:00,purchase,12706259,2.0530135535598963e+18,unknown,nokian,53.54,560167893,e9369804-141d-4dcb-a50e-21d64f50b6f3,$50-100
2019-10-14 15:12:59+00:00,purchase,1005115,2.0530135556318828e+18,electronics.smartphone,apple,1003.85,517509341,f023ade0-8d51-4510-83ea-a4b6ca2e45db,>$1000
2019-10-14 15:37:56+00:00,purchase,1004856,2.0530135556318828e+18,electronics.smartphone,samsung,131.64,560177128,da7a3983-4390-41b7-a4d4-cab8911b1d26,$100-200
2019-10-14 16:08:52+00:00,purchase,6800658,2.0530135542225964e+18,computers.components.hdd,kingston,38.33,522965893,ec64efa9-7296-4619-aff9-d5975312193f,<$50
2019-10-14 16:17:33+00:00,purchase,1004766,2.0530135556318828e+18,electronics.smartphone,samsung,250.86,541267483,d70036f9-0d73-443a-a01c-fb5eb38c8635,$200-500
2019-10-14 16:26:52+00:00,purchase,1004446,2.0530135556318828e+18,electronics.smartphone,samsung,89.23,560161735,360c3578-d018-40d0-8d19-a232a13f1b91,$50-100
2019-10-14 17:01:23+00:00,purchase,1004870,2.0530135556318828e+18,electronics.smartphone,samsung,285.4,539042258,5a513b02-37ff-48f7-894d-319813f697ed,$200-500
2019-10-14 17:04:55+00:00,purchase,1801849,2.0530135544155343e+18,electronics.video.tv,samsung,632.91,541825693,c31a689e-4a86-41b3-9b2a-1196948ab9cc,$500-1000
2019-10-14 17:39:22+00:00,purchase,1004767,2.0530135556318828e+18,electronics.smartphone,samsung,250.82,560211671,41cd0087-6598-42a6-b76a-79c59a3bbdf1,$200-500
2019-10-14 18:03:02+00:00,purchase,11500678,2.0530135546252493e+18,unknown,sven,50.45,512369042,d06736f1-97c1-4810-820b-de56d5cde5d5,$50-100
2019-10-14 18:03:18+00:00,purchase,4700680,2.0530135608999288e+18,auto.accessories.videoregister,ibox,60.23,560183319,7c600136-4de4-4f69-8196-5ed8e4e907d6,$50-100
2019-10-14 18:11:06+00:00,purchase,1004237,2.0530135556318828e+18,electronics.smartphone,apple,1085.97,560219523,1206c923-a146-43e6-a25e-dd35fcaf888c,>$1000
2019-10-14 18:16:14+00:00,purchase,1004249,2.0530135556318828e+18,electronics.smartphone,apple,766.76,537239670,d3f17aeb-700b-412e-9122-a12e3f8ebe69,$500-1000
2019-10-14 18:32:28+00:00,purchase,1003307,2.0530135556318828e+18,electronics.smartphone,apple,765.0,529526759,ebee1774-e706-407c-82ba-3ef75d6fc1c2,$500-1000
2019-10-14 18:42:33+00:00,purchase,1004247,2.0530135556318828e+18,electronics.smartphone,apple,810.81,529526759,ebee1774-e706-407c-82ba-3ef75d6fc1c2,$500-1000
2019-10-14 18:48:09+00:00,purchase,1004247,2.0530135556318828e+18,electronics.smartphone,apple,810.81,529526759,562338cb-08da-44fa-86c3-3696bbb0cfda,$500-1000
2019-10-14 20:20:54+00:00,purchase,3601485,2.053013563810776e+18,appliances.kitchen.washer,lg,303.71,553864601,0b7c50d6-3d21-43f9-b54e-c8bee04a8206,$200-500
2019-10-14 20:23:56+00:00,purchase,3601509,2.053013563810776e+18,appliances.kitchen.washer,hansa,283.07,553864601,0b7c50d6-3d21-43f9-b54e-c8bee04a8206,$200-500
2019-10-15 02:25:26+00:00,purchase,4804056,2.053013554658804e+18,electronics.audio.headphone,apple,161.87,516378998,33e7d7e2-c136-45e6-9a7f-0b26a1bbcb12,$100-200
2019-10-15 02:45:55+00:00,purchase,6902373,2.0530135603127265e+18,furniture.living_room.chair,lorelli,73.36,560313413,5cc25cc2-0c37-4a32-8d01-a4de8fcaac60,$50-100
2019-10-15 03:17:14+00:00,purchase,3601509,2.053013563810776e+18,appliances.kitchen.washer,hansa,283.07,553864601,3c2c8b65-1209-4b2a-9952-45a773dfb46a,$200-500
2019-10-15 03:18:33+00:00,purchase,26500452,2.053013563550729e+18,unknown,,26.0,556805308,4189f0ae-a48e-41e9-a5df-176e014c8dfe,<$50
2019-10-15 03:20:02+00:00,purchase,3601485,2.053013563810776e+18,appliances.kitchen.washer,lg,303.71,553864601,3c2c8b65-1209-4b2a-9952-45a773dfb46a,$200-500
2019-10-15 03:28:40+00:00,purchase,11400306,2.053013558458844e+18,unknown,powerplant,4.12,512432519,f574b74c-2938-49f2-895f-b02bc41fb534,<$50
2019-10-15 03:46:40+00:00,purchase,26021780,2.0530135628125317e+18,unknown,,24.67,516728599,a31102f4-2f43-4d91-8138-46bb256fe089,<$50
2019-10-15 04:53:22+00:00,purchase,1003317,2.0530135556318828e+18,electronics.smartphone,apple,952.15,515156400,d8e7e82a-19aa-4ea9-b73d-55e4b225e9bd,$500-1000
2019-10-15 05:15:04+00:00,purchase,9300067,2.0530135545245865e+18,unknown,lg,127.93,513673299,8c0ec4ab-8933-44c2-ab72-9bdd0b6a5e19,$100-200
2019-10-15 05:30:47+00:00,purchase,1004858,2.0530135556318828e+18,electronics.smartphone,samsung,131.63,514016774,db9823be-8ca3-4bca-b1af-fa9db6837efe,$100-200
2019-10-15 05:34:39+00:00,purchase,12714304,2.0530135535598963e+18,unknown,,31.62,514923259,2baaacbe-4781-486a-93b6-fd93d01c7345,<$50
2019-10-15 05:35:35+00:00,purchase,1004858,2.0530135556318828e+18,electronics.smartphone,samsung,131.63,514016774,329ee046-cb4e-497a-a30c-c38205079748,$100-200
2019-10-15 05:38:04+00:00,purchase,1307051,2.053013558920217e+18,computers.notebook,apple,1773.53,531027690,953c056f-48a0-4e81-846f-84fa8d80703c,>$1000
2019-10-15 05:38:13+00:00,purchase,1005115,2.0530135556318828e+18,electronics.smartphone,apple,1003.85,513027350,e9ea5938-2964-4f86-a626-27c2eea38d74,>$1000
2019-10-15 05:53:01+00:00,purchase,1004833,2.0530135556318828e+18,electronics.smartphone,samsung,172.19,548007785,87e721fa-79f7-414d-a11f-17e926ccab16,$100-200
2019-10-15 06:08:55+00:00,purchase,5100577,2.0530135533417925e+18,electronics.clocks,samsung,294.47,543970806,3fe86fba-cafa-439a-95fb-5c301103c4bc,$200-500
2019-10-15 06:35:56+00:00,purchase,1002532,2.0530135556318828e+18,electronics.smartphone,apple,643.23,514512259,ecac4466-6afe-4d6a-9618-b075e6485b21,$500-1000
2019-10-15 06:40:32+00:00,purchase,4100126,2.053013561218696e+18,unknown,sony,334.11,512364781,f0f8a211-af5a-4688-8d67-d3eb2edc83ad,$200-500
2019-10-15 06:51:53+00:00,purchase,8800891,2.0530135555731625e+18,electronics.telephone,bq,15.42,555884524,d1aa434a-ae4d-4b70-9b93-f93de56673a2,<$50
2019-10-15 07:06:25+00:00,purchase,1004856,2.0530135556318828e+18,electronics.smartphone,samsung,131.64,522010905,d14c7306-3eaa-4ba7-b8d7-0f8158627875,$100-200
2019-10-15 07:15:57+00:00,purchase,5301150,2.0530135631732416e+18,unknown,rowenta,59.18,521773532,b88f3075-2ced-4ebc-8884-57102da226c4,$50-100
2019-10-15 07:19:13+00:00,purchase,5100855,2.0530135533417925e+18,electronics.clocks,apple,617.52,546039891,7282d0fb-8073-4b8e-ac51-ebd2d9a36a81,$500-1000
2019-10-15 07:23:37+00:00,purchase,1480494,2.0530135610928668e+18,computers.desktop,acer,900.9,557900094,4e51bb10-d30b-473f-9ced-b3ef59d3641e,$500-1000
2019-10-15 07:30:10+00:00,purchase,1005113,2.0530135556318828e+18,electronics.smartphone,apple,1091.1,522104793,d491dfa2-ad5f-4677-8f25-a4b3f3ddf187,>$1000
2019-10-15 07:30:55+00:00,purchase,1005113,2.0530135556318828e+18,electronics.smartphone,apple,1091.1,522104793,d491dfa2-ad5f-4677-8f25-a4b3f3ddf187,>$1000
2019-10-15 07:32:58+00:00,purchase,1201387,2.172371436436456e+18,electronics.tablet,apple,1003.58,522104793,d491dfa2-ad5f-4677-8f25-a4b3f3ddf187,>$1000
2019-10-15 07:35:14+00:00,purchase,1201513,2.172371436436456e+18,electronics.tablet,samsung,822.32,522104793,d491dfa2-ad5f-4677-8f25-a4b3f3ddf187,$500-1000
2019-10-15 07:40:26+00:00,purchase,1004708,2.0530135556318828e+18,electronics.smartphone,huawei,153.84,512484704,56bc1be2-6929-4976-b3cf-85aabe8373f0,$100-200
2019-10-15 07:43:15+00:00,purchase,1004856,2.0530135556318828e+18,electronics.smartphone,samsung,131.64,535935211,6cab77ef-a45f-41b1-a1ff-65a53b13dc18,$100-200
2019-10-15 07:43:39+00:00,purchase,1004708,2.0530135556318828e+18,electronics.smartphone,huawei,153.84,512484704,56bc1be2-6929-4976-b3cf-85aabe8373f0,$100-200
2019-10-15 07:58:35+00:00,purchase,12701231,2.0530135535598963e+18,unknown,sava,41.96,540272176,ef2fe005-8dba-46df-ac85-2ca690c41060,<$50
2019-10-15 08:01:03+00:00,purchase,12701231,2.0530135535598963e+18,unknown,sava,41.96,540272176,ef2fe005-8dba-46df-ac85-2ca690c41060,<$50
2019-10-15 08:01:30+00:00,purchase,1004708,2.0530135556318828e+18,electronics.smartphone,huawei,153.84,512484704,08b682f4-a67f-4c4d-ab6b-8296ff6b2662,$100-200
2019-10-15 08:03:33+00:00,purchase,12701231,2.0530135535598963e+18,unknown,sava,41.96,540272176,ef2fe005-8dba-46df-ac85-2ca690c41060,<$50
2019-10-15 08:05:22+00:00,purchase,1004785,2.0530135556318828e+18,electronics.smartphone,huawei,277.42,513658559,b378b0a0-115c-4092-8ed8-725f8c99bfaf,$200-500
2019-10-15 08:16:19+00:00,purchase,21403196,2.053013561579406e+18,electronics.clocks,,46.33,512836550,7e351d9f-170e-4281-b863-5efbbf688659,<$50
2019-10-15 08:16:40+00:00,purchase,1005195,2.0530135556318828e+18,electronics.smartphone,xiaomi,128.45,512484704,deebfc77-bb67-4f85-afc0-bfa1fd582d75,$100-200
2019-10-15 08:23:29+00:00,purchase,1005195,2.0530135556318828e+18,electronics.smartphone,xiaomi,128.45,512484704,29170f48-0ae1-4606-99fd-ff8eb5a4082b,$100-200
2019-10-15 08:28:18+00:00,purchase,1005071,2.0530135556318828e+18,electronics.smartphone,samsung,1042.45,513714545,645130aa-8cdc-4caa-9045-ab70b9280160,>$1000
2019-10-15 08:35:27+00:00,purchase,1004856,2.0530135556318828e+18,electronics.smartphone,samsung,131.64,553875809,fc2058fa-3feb-4aa2-a329-4a83fe70d116,$100-200
2019-10-15 08:45:03+00:00,purchase,4804056,2.053013554658804e+18,electronics.audio.headphone,apple,161.87,516378998,97235a75-9b63-4904-9c6e-89bd1ae27389,$100-200
2019-10-15 09:03:30+00:00,purchase,15100222,2.053013557024392e+18,unknown,,684.68,555629804,13a76937-0be3-4f64-a643-ab8a7a7cb62a,$500-1000
2019-10-15 09:09:25+00:00,purchase,1004809,2.0530135556318828e+18,electronics.smartphone,xiaomi,123.3,560404811,03c85f53-f6d9-4f4a-813f-6997225390df,$100-200
2019-10-15 09:11:05+00:00,purchase,1004767,2.0530135556318828e+18,electronics.smartphone,samsung,250.78,560409453,18cd5b5f-d280-404f-8ae9-c5241eac3161,$200-500
2019-10-15 09:17:25+00:00,purchase,1003316,2.0530135556318828e+18,electronics.smartphone,apple,931.54,545769281,d6a4bd27-8d43-4974-8949-bd16ac0225bb,$500-1000
2019-10-15 09:33:02+00:00,purchase,1005169,2.0530135556318828e+18,electronics.smartphone,samsung,217.94,513658559,88dfb73a-a69c-4377-9bb2-8131dd2c0350,$200-500
2019-10-15 10:00:43+00:00,purchase,4804056,2.053013554658804e+18,electronics.audio.headphone,apple,160.22,517568523,f995dc30-a1bb-4831-8013-9cbe5bc81572,$100-200
2019-10-15 10:08:03+00:00,purchase,4804055,2.053013554658804e+18,electronics.audio.headphone,apple,190.46,546861038,4c356cc3-a3b9-48c7-9a0f-33931b64c4d3,$100-200
2019-10-15 11:01:12+00:00,purchase,4804295,2.053013554658804e+18,electronics.audio.headphone,xiaomi,23.0,560446038,973fa631-f1e0-49fe-b0c1-27c8f4b3bc14,<$50
2019-10-15 11:11:00+00:00,purchase,28718923,2.0530135652284508e+18,apparel.shoes,nexpero,113.0,527745947,ef3e8f34-8664-4833-800e-79fe9c1595ce,$100-200
2019-10-15 11:14:41+00:00,purchase,28718847,2.0530135652284508e+18,apparel.shoes,rieker,115.58,527745947,ef3e8f34-8664-4833-800e-79fe9c1595ce,$100-200
2019-10-15 11:53:34+00:00,purchase,1307051,2.053013558920217e+18,computers.notebook,apple,1773.28,531027690,eee486bb-a179-4779-a634-2e3ebcc443f1,>$1000
2019-10-15 11:58:39+00:00,purchase,10701101,2.053013561277416e+18,unknown,ea,74.36,514264186,fbcac1d8-8c49-42e9-bf95-0f0da9a0e615,$50-100
2019-10-15 12:04:40+00:00,purchase,1004873,2.0530135556318828e+18,electronics.smartphone,samsung,377.53,530482376,46a523e4-e729-4919-8705-60881fad091c,$200-500
2019-10-15 12:07:38+00:00,purchase,1004858,2.0530135556318828e+18,electronics.smartphone,samsung,131.63,547097320,441924b0-48ab-4077-988e-8cc49d46a748,$100-200
2019-10-15 12:22:36+00:00,purchase,2501539,2.0530135640037135e+18,appliances.kitchen.oven,asel,86.49,526866887,b092c9a2-ba04-401c-b51f-55e7de4af82b,$50-100
2019-10-15 12:30:55+00:00,purchase,1004856,2.0530135556318828e+18,electronics.smartphone,samsung,131.66,534072005,0064522e-4dc0-4cd2-9bc9-feefdef1e9cb,$100-200
2019-10-15 12:33:02+00:00,purchase,3300531,2.0530135553550587e+18,unknown,dauscher,36.01,560209965,91984cd9-4f18-4808-9b44-0895da5f1c86,<$50
2019-10-15 12:34:40+00:00,purchase,1005116,2.0530135556318828e+18,electronics.smartphone,apple,1054.85,513451919,751800b6-bd6e-437b-b35e-54391e27cbd7,>$1000
2019-10-15 12:34:48+00:00,purchase,34800187,2.062461754293617e+18,unknown,,20.13,560209965,91984cd9-4f18-4808-9b44-0895da5f1c86,<$50
2019-10-15 12:37:35+00:00,purchase,1004777,2.0530135556318828e+18,electronics.smartphone,xiaomi,135.01,512484704,c40249b3-5e53-4399-88ed-d2d39b662ebd,$100-200
2019-10-15 13:17:59+00:00,purchase,5701108,2.053013553970938e+18,auto.accessories.player,pioneer,120.98,513923621,e7962895-efa4-446d-bc0c-31d48a2a2139,$100-200
2019-10-15 13:44:29+00:00,purchase,1005100,2.0530135556318828e+18,electronics.smartphone,samsung,143.71,545336164,ed439a2a-86bc-4a52-8e84-68badd498c83,$100-200
2019-10-15 13:48:06+00:00,purchase,1004777,2.0530135556318828e+18,electronics.smartphone,xiaomi,135.01,512484704,bb6b91a7-18c2-46e7-9d39-be9e318febd8,$100-200
2019-10-15 13:52:03+00:00,purchase,1004767,2.0530135556318828e+18,electronics.smartphone,samsung,250.69,520727859,53300a55-d05f-4605-ae4b-5d2f0b8da85d,$200-500
2019-10-15 13:52:56+00:00,purchase,1004767,2.0530135556318828e+18,electronics.smartphone,samsung,250.69,520727859,53300a55-d05f-4605-ae4b-5d2f0b8da85d,$200-500
2019-10-15 14:46:56+00:00,purchase,1005100,2.0530135556318828e+18,electronics.smartphone,samsung,143.71,519029458,3a434f90-6dd3-4e6b-bf2c-11d7263d713b,$100-200
2019-10-15 14:56:43+00:00,purchase,3601509,2.053013563810776e+18,appliances.kitchen.washer,hansa,283.07,553864601,597d938f-f9e1-4d38-9bba-e066cc459b73,$200-500
2019-10-15 15:09:33+00:00,purchase,1004781,2.0530135556318828e+18,electronics.smartphone,huawei,271.75,558856906,d0713e5f-07c7-4a8b-b35a-9995abb01b04,$200-500
2019-10-15 15:11:06+00:00,purchase,15300317,2.0530135526623155e+18,unknown,transcend,6.4,547195134,0421c284-2e14-40c6-8eb8-c4aedcdfb248,<$50
2019-10-15 15:30:19+00:00,purchase,12718063,2.0530135535598963e+18,unknown,,34.75,513835591,31df235e-529a-4846-8d79-da34b0cacdbb,<$50
2019-10-15 15:39:59+00:00,purchase,17200010,2.0530135597926328e+18,furniture.living_room.sofa,,962.44,514396170,fe188418-65b8-4bbf-a428-bfc13c1f0ed9,$500-1000
2019-10-15 15:41:23+00:00,purchase,17200010,2.0530135597926328e+18,furniture.living_room.sofa,,962.44,514396170,fe188418-65b8-4bbf-a428-bfc13c1f0ed9,$500-1000
2019-10-15 15:46:49+00:00,purchase,28720371,2.053013565782099e+18,apparel.shoes,covani,91.64,515319684,b00ad1f5-f99f-4dda-bd98-98addccf383c,$50-100
2019-10-15 15:48:03+00:00,purchase,1004873,2.0530135556318828e+18,electronics.smartphone,samsung,377.1,560360596,ec8db516-1011-453e-ba7f-40f31e1aad2d,$200-500
2019-10-15 15:49:18+00:00,purchase,28715466,2.053013565782099e+18,apparel.shoes,rieker,73.36,515319684,b00ad1f5-f99f-4dda-bd98-98addccf383c,$50-100
2019-10-15 15:52:58+00:00,purchase,1201466,2.172371436436456e+18,electronics.tablet,samsung,236.68,526564259,6af239ce-0cea-4b71-82a4-d1acaed7d1a5,$200-500
2019-10-15 15:54:56+00:00,purchase,2702628,2.053013563911439e+18,appliances.kitchen.refrigerators,arg,180.16,527337478,f4412a95-94fa-4e17-b691-2ba8bdbd4bcf,$100-200
2019-10-15 15:55:31+00:00,purchase,1306228,2.053013558920217e+18,computers.notebook,ilife,254.55,550296668,1cd90074-9971-4eb8-aa9a-012be7078d28,$200-500
2019-10-15 16:20:29+00:00,purchase,1005100,2.0530135556318828e+18,electronics.smartphone,samsung,143.71,553144680,bbbe2480-9246-456e-85bc-bb6e8f421ba7,$100-200
2019-10-15 16:20:49+00:00,purchase,3700338,2.0530135659834253e+18,appliances.environment.vacuum,samsung,66.9,537242624,4b829745-6d47-4ea3-8515-1e85716b3e29,$50-100
2019-10-15 16:37:59+00:00,purchase,2600397,2.0530135639701596e+18,unknown,,162.14,527337478,71087f8a-4dfd-491a-bf8f-5268690b000d,$100-200
2019-10-15 16:51:53+00:00,purchase,49700012,2.126679657276244e+18,unknown,lorelli,39.9,512748208,96ca68f9-b8ab-4013-b62d-4bb6615c5d22,<$50
2019-10-15 16:55:16+00:00,purchase,13300100,2.053013557166998e+18,unknown,vegas,221.37,519232803,06aa60a7-0dbc-4065-8be1-c30457fdb144,$200-500
2019-10-15 17:03:00+00:00,purchase,1002524,2.0530135556318828e+18,electronics.smartphone,apple,537.72,524711266,ffc2e5f0-6ffc-49fc-8a58-edfd7f80123e,$500-1000
2019-10-15 17:05:05+00:00,purchase,10100825,2.0530135532830725e+18,unknown,hasbro,65.64,516780905,cb3b762c-c3cc-4699-b61b-87079fc1ebf4,$50-100
2019-10-15 17:05:10+00:00,purchase,1002524,2.0530135556318828e+18,electronics.smartphone,apple,537.72,513609032,19064cd3-9388-4bda-a9cf-085d12ab40be,$500-1000
2019-10-15 17:06:41+00:00,purchase,1002524,2.0530135556318828e+18,electronics.smartphone,apple,537.72,513609032,19064cd3-9388-4bda-a9cf-085d12ab40be,$500-1000
2019-10-15 17:28:56+00:00,purchase,4600459,2.0530135639449933e+18,appliances.kitchen.dishwasher,,245.04,559248915,9d3e3dd4-6085-4d12-9e44-ede946dd03de,$200-500
2019-10-15 17:29:03+00:00,purchase,1004839,2.0530135556318828e+18,electronics.smartphone,oppo,179.84,551065323,00e188bf-f388-49e7-a645-b573fa8ad855,$100-200
2019-10-15 17:31:09+00:00,purchase,3601489,2.053013563810776e+18,appliances.kitchen.washer,samsung,475.95,559248915,9d3e3dd4-6085-4d12-9e44-ede946dd03de,$200-500
2019-10-15 17:36:05+00:00,purchase,4600459,2.0530135639449933e+18,appliances.kitchen.dishwasher,,245.04,559248915,9d3e3dd4-6085-4d12-9e44-ede946dd03de,$200-500
2019-10-15 17:39:22+00:00,purchase,17200570,2.0530135597926328e+18,furniture.living_room.sofa,,437.33,534617790,f1eda336-f663-4f4d-8946-8516328e701d,$200-500
2019-10-15 17:40:54+00:00,purchase,3200549,2.0530135553215045e+18,appliances.kitchen.meat_grinder,dauscher,25.71,559248915,9d3e3dd4-6085-4d12-9e44-ede946dd03de,<$50
2019-10-15 17:46:56+00:00,purchase,12700955,2.0530135535598963e+18,unknown,nokian,43.76,557940114,dd413485-7638-452a-8868-9db43b8c8d05,<$50
2019-10-15 18:15:15+00:00,purchase,26300651,2.0530135635842836e+18,unknown,,292.67,547483914,80e85d0e-c618-4ade-b4e4-6f2d2a4e2cbe,$200-500
2019-10-15 18:22:32+00:00,purchase,1005021,2.0530135556318828e+18,electronics.smartphone,oppo,386.08,514532779,1abbf3f2-92c5-4bea-b96f-c75856b868d1,$200-500
2019-10-15 18:23:11+00:00,purchase,26600997,2.0530135635171743e+18,unknown,,105.79,547483914,80e85d0e-c618-4ade-b4e4-6f2d2a4e2cbe,$100-200
2019-10-15 19:04:06+00:00,purchase,12713467,2.0530135535598963e+18,unknown,cordiant,26.51,535579938,a5a139a4-9fba-4f2f-b8ca-a68d8fff06e3,<$50
2019-10-15 20:27:03+00:00,purchase,3500299,2.0530135552879496e+18,unknown,kitfort,291.78,519967953,7043d93e-0657-4868-9f29-db030c3efe8b,$200-500
2019-10-15 21:33:50+00:00,purchase,1004767,2.0530135556318828e+18,electronics.smartphone,samsung,250.69,550113500,d179bcfb-8c89-46b9-bc1d-52462d419fba,$200-500
2019-10-15 22:23:07+00:00,purchase,4804056,2.053013554658804e+18,electronics.audio.headphone,apple,160.2,518955337,a2946a0f-9c08-4854-b36a-4883dad8cdd3,$100-200
2019-10-15 22:32:45+00:00,purchase,5100576,2.0530135533417925e+18,electronics.clocks,apple,421.86,518955337,b379215e-449b-417f-92bf-94cbf32d5157,$200-500
2019-10-15 22:34:36+00:00,purchase,5100576,2.0530135533417925e+18,electronics.clocks,apple,421.86,518955337,b379215e-449b-417f-92bf-94cbf32d5157,$200-500
2019-10-15 22:38:28+00:00,purchase,5100566,2.0530135533417925e+18,electronics.clocks,apple,459.65,518955337,b379215e-449b-417f-92bf-94cbf32d5157,$200-500
2019-10-16 01:13:47+00:00,purchase,27500012,2.0530135546923584e+18,unknown,unit,35.86,512432519,fac0f33c-96a3-433f-86e9-b2742dd8a39b,<$50
2019-10-16 01:46:43+00:00,purchase,4100126,2.053013561218696e+18,unknown,sony,331.54,512364781,6d405739-14f4-4a2e-a808-b7bf4421ddc2,$200-500
2019-10-16 01:53:56+00:00,purchase,19100326,2.053013556227474e+18,construction.tools.saw,dewalt,184.69,533751482,0fb31476-e939-4d28-8ab3-102e8a38beec,$100-200
2019-10-16 02:17:33+00:00,purchase,1004871,2.0530135556318828e+18,electronics.smartphone,samsung,285.32,512747602,ee7ecacf-9fba-4c38-9d57-b9c1b1883e5b,$200-500
2019-10-16 02:20:35+00:00,purchase,28716193,2.0530135656394929e+18,apparel.shoes,respect,79.02,513179048,a7c9ca88-df50-4a02-946b-93cb0e6964e1,$50-100
2019-10-16 02:33:20+00:00,purchase,3600666,2.053013563810776e+18,appliances.kitchen.washer,samsung,321.52,533504699,48625ee4-ece5-4a3b-abc6-b63da14e58ad,$200-500
2019-10-16 02:34:12+00:00,purchase,1004833,2.0530135556318828e+18,electronics.smartphone,samsung,172.17,548007785,60aa0145-5f61-479b-9c39-11478bcd8a03,$100-200
2019-10-16 02:58:09+00:00,purchase,15901906,2.053013558190408e+18,unknown,dauscher,12.05,552752184,c2313449-2780-4f85-aab0-613c8132e748,<$50
2019-10-16 03:05:46+00:00,purchase,1004871,2.0530135556318828e+18,electronics.smartphone,samsung,285.32,512747602,d169ee25-171a-43fe-8dee-b341d28954d8,$200-500
2019-10-16 03:19:38+00:00,purchase,49800013,2.1266796548016049e+18,accessories.bag,ritmix,10.73,512432519,cfda3d11-80bf-4e07-aa9c-7ba4afea5c6d,<$50
2019-10-16 03:24:47+00:00,purchase,1004777,2.0530135556318828e+18,electronics.smartphone,xiaomi,135.01,512747602,d169ee25-171a-43fe-8dee-b341d28954d8,$100-200
2019-10-16 03:29:28+00:00,purchase,9300067,2.0530135545245865e+18,unknown,lg,127.93,552719818,30b2f930-f098-4c27-986a-226dd39c3963,$100-200
2019-10-16 03:29:40+00:00,purchase,9300067,2.0530135545245865e+18,unknown,lg,127.93,552719818,30b2f930-f098-4c27-986a-226dd39c3963,$100-200
2019-10-16 03:31:17+00:00,purchase,9300025,2.0530135545245865e+18,unknown,lg,70.67,552719818,30b2f930-f098-4c27-986a-226dd39c3963,$50-100
2019-10-16 03:34:03+00:00,purchase,1005004,2.0530135556318828e+18,electronics.smartphone,huawei,253.85,518018191,18b1e1b9-cdd7-4320-9fc6-bb2c1979c009,$200-500
2019-10-16 03:37:19+00:00,purchase,26300094,2.0530135635842836e+18,unknown,lucente,562.69,527035204,acf64ac2-eb43-49b4-baed-2c4dc62d2326,$500-1000
2019-10-16 04:01:33+00:00,purchase,1004767,2.0530135556318828e+18,electronics.smartphone,samsung,250.69,529523398,1012e063-6262-4b2f-9c26-63acd1a71ecf,$200-500
2019-10-16 04:17:51+00:00,purchase,22700078,2.0530135561687537e+18,unknown,stels,180.18,528375666,646a6d77-b557-4b35-b305-98e0b2781c33,$100-200
2019-10-16 04:49:06+00:00,purchase,21400219,2.053013561579406e+18,electronics.clocks,,149.3,526670125,5cc9b4de-f75f-4dd5-872e-55e813801e32,$100-200
2019-10-16 04:54:33+00:00,purchase,26404041,2.0530135636513925e+18,unknown,,1405.14,514617780,739ea73f-1726-4e8e-8765-2b5f918679ae,>$1000
2019-10-16 04:55:25+00:00,purchase,1004873,2.0530135556318828e+18,electronics.smartphone,samsung,376.53,530482376,b54d6376-45c3-49ef-8db6-0b27ea102e40,$200-500
2019-10-16 05:11:29+00:00,purchase,1005105,2.0530135556318828e+18,electronics.smartphone,apple,1424.93,557431505,6ba256ce-1f8e-4283-983c-db69e70e79c5,>$1000
2019-10-16 05:23:15+00:00,purchase,3701056,2.0530135659834253e+18,appliances.environment.vacuum,samsung,69.47,515081158,0bb17a7d-2fc8-477a-aefd-8b967ef762ee,$50-100
2019-10-16 05:25:07+00:00,purchase,3701056,2.0530135659834253e+18,appliances.environment.vacuum,samsung,69.47,515081158,0bb17a7d-2fc8-477a-aefd-8b967ef762ee,$50-100
2019-10-16 05:29:44+00:00,purchase,5600323,2.0530135629131948e+18,unknown,braun,95.21,515721494,1f84ac09-b621-4512-b34f-b185c7ac8dc0,$50-100
2019-10-16 05:31:23+00:00,purchase,1307410,2.053013558920217e+18,computers.notebook,dell,1683.42,512760019,ec4b5fbf-2734-4e36-a0cd-e7e26d9a81b3,>$1000
2019-10-16 05:32:35+00:00,purchase,3100640,2.053013555262784e+18,appliances.kitchen.blender,redmond,51.45,560705081,4dfeceaf-9c76-4708-a465-3456870b355a,$50-100
2019-10-16 05:39:11+00:00,purchase,26400193,2.0530135636513925e+18,unknown,,253.55,525247856,f049af3a-a398-41fc-bc58-432c3393c7b9,$200-500
2019-10-16 05:43:40+00:00,purchase,26500133,2.053013563550729e+18,unknown,lucente,111.71,544379722,d4ef503a-a3d8-4bd9-adbd-7c1b127c2ef7,$100-200
2019-10-16 05:44:35+00:00,purchase,12702295,2.0530135535598963e+18,unknown,sava,33.98,555473041,564d0987-d49f-41ca-8f0c-dcaff573f6e3,<$50
2019-10-16 05:52:44+00:00,purchase,1004856,2.0530135556318828e+18,electronics.smartphone,samsung,131.64,560707403,f084e109-9781-47f7-a0b1-3d602a429c9e,$100-200
2019-10-16 06:08:44+00:00,purchase,1005160,2.0530135556318828e+18,electronics.smartphone,xiaomi,227.6,557650233,30858c9e-4f02-4c11-8a70-a7c42f9f8699,$200-500
2019-10-16 06:09:20+00:00,purchase,1005106,2.0530135556318828e+18,electronics.smartphone,apple,1541.68,522104793,241ca0d7-a00d-40ea-a96a-c0de75f5a5d3,>$1000
2019-10-16 06:09:46+00:00,purchase,1004856,2.0530135556318828e+18,electronics.smartphone,samsung,131.64,557650233,30858c9e-4f02-4c11-8a70-a7c42f9f8699,$100-200
2019-10-16 06:10:48+00:00,purchase,1005132,2.0530135556318828e+18,electronics.smartphone,apple,1425.78,522104793,241ca0d7-a00d-40ea-a96a-c0de75f5a5d3,>$1000
2019-10-16 06:13:23+00:00,purchase,1005107,2.0530135556318828e+18,electronics.smartphone,apple,1091.1,522104793,241ca0d7-a00d-40ea-a96a-c0de75f5a5d3,>$1000
2019-10-16 06:15:35+00:00,purchase,1201387,2.172371436436456e+18,electronics.tablet,apple,1003.58,522104793,241ca0d7-a00d-40ea-a96a-c0de75f5a5d3,>$1000
2019-10-16 06:17:16+00:00,purchase,28100119,2.0530135649180723e+18,unknown,,153.16,560716963,bc6d9f2d-bbca-44eb-b6ea-5755baf45d54,$100-200
2019-10-16 06:29:04+00:00,purchase,21409392,2.053013561579406e+18,electronics.clocks,casio,19.82,516013617,fc152cc5-a479-4790-a868-2cbf8d8f9683,<$50
2019-10-16 06:30:40+00:00,purchase,5300948,2.0530135631732416e+18,unknown,babyliss,67.98,535455391,1259b429-ed35-4414-9407-dcd31019ff7b,$50-100
2019-10-16 06:36:51+00:00,purchase,5701087,2.053013553970938e+18,auto.accessories.player,jvc,51.48,513923621,7baf7b78-d715-4083-8de6-7b4df8170787,$50-100
2019-10-16 06:49:33+00:00,purchase,5701108,2.053013553970938e+18,auto.accessories.player,pioneer,120.98,513923621,1612ca2a-bfaa-41ab-b93a-9dc755c3b0d3,$100-200
2019-10-16 07:00:07+00:00,purchase,15200519,2.0530135534843988e+18,unknown,bars,53.6,537751473,e9e3658b-cc0d-496d-bcbc-f46e60692085,$50-100
2019-10-16 07:04:25+00:00,purchase,1003316,2.0530135556318828e+18,electronics.smartphone,apple,931.54,545769281,b637208f-bbed-436a-809b-7f03797bb90d,$500-1000
2019-10-16 07:10:00+00:00,purchase,1004856,2.0530135556318828e+18,electronics.smartphone,samsung,131.64,560111576,b2db9607-ea37-47f2-8e27-d95597e22add,$100-200
2019-10-16 07:21:14+00:00,purchase,1004870,2.0530135556318828e+18,electronics.smartphone,samsung,287.65,527170009,4ec2fb24-5a3d-edc3-5381-a50990954ca1,$200-500
2019-10-16 07:21:16+00:00,purchase,1004856,2.0530135556318828e+18,electronics.smartphone,samsung,131.64,529523398,40f3ffb9-361a-43c7-8d1c-6aea28337e58,$100-200
2019-10-16 07:24:09+00:00,purchase,1307310,2.053013558920217e+18,computers.notebook,acer,266.4,525437650,0c58a101-f032-42af-a789-6b170419ec89,$200-500
2019-10-16 07:26:43+00:00,purchase,9800647,2.0530135540716012e+18,unknown,nzxt,186.53,512884833,0ab82b17-b389-4eb6-8992-af4f6795fd1e,$100-200
2019-10-16 07:30:26+00:00,purchase,1004209,2.0530135556318828e+18,electronics.smartphone,samsung,88.8,536700930,b0b8ab66-4a2e-4719-b174-c80764c65e55,$50-100
2019-10-16 07:34:13+00:00,purchase,12703015,2.0530135535598963e+18,unknown,cordiant,42.99,556336593,318b3508-305e-4184-859c-674307946b6f,<$50
2019-10-16 07:37:55+00:00,purchase,1004873,2.0530135556318828e+18,electronics.smartphone,samsung,376.53,545769281,413f7fb7-d458-4351-a732-152f2537188f,$200-500
2019-10-16 07:38:57+00:00,purchase,2700618,2.053013563911439e+18,appliances.kitchen.refrigerators,indesit,349.62,514796875,1bbb0149-8d78-4037-9592-ef8e604d2f5f,$200-500
2019-10-16 08:07:09+00:00,purchase,1002628,2.0530135556318828e+18,electronics.smartphone,apple,411.57,560756341,49969412-4561-4260-92f0-8712d1fb4c7a,$200-500
2019-10-16 08:10:30+00:00,purchase,1004870,2.0530135556318828e+18,electronics.smartphone,samsung,287.65,558435908,fdc2fe47-adb7-411e-abee-c912170683c7,$200-500
2019-10-16 08:13:19+00:00,purchase,3900773,2.053013552326771e+18,appliances.environment.water_heater,artel,61.75,547704221,7ff46324-c812-4ea2-af0e-038ce8ecc607,$50-100
2019-10-16 08:18:31+00:00,purchase,11600325,2.0530135545665293e+18,computers.desktop,sven,76.68,560758630,78238416-961c-4274-a10e-8293a108baac,$50-100
2019-10-16 08:32:29+00:00,purchase,26400298,2.0530135636513925e+18,unknown,lucente,119.95,559546878,3f6c4953-b6bd-4cf4-8ebf-be2056232c2a,$100-200
2019-10-16 08:35:43+00:00,purchase,1002633,2.0530135556318828e+18,electronics.smartphone,apple,358.57,560759547,19b17406-c4a8-43fa-af2e-70f3f2816f11,$200-500
2019-10-16 08:54:43+00:00,purchase,27200624,2.053013564154709e+18,unknown,,56.63,560187556,8efed71a-c97c-42b2-ab36-75ce8a960f4c,$50-100
2019-10-16 08:56:35+00:00,purchase,2701779,2.053013563911439e+18,appliances.kitchen.refrigerators,samsung,1518.67,516204740,f7243d07-ca0b-40a3-81e5-f4a7b19b8555,>$1000
2019-10-16 09:07:19+00:00,purchase,5300453,2.0530135631732416e+18,unknown,rowenta,54.03,550324635,8d837890-4224-4c36-b431-89e90cb1b36d,$50-100
2019-10-16 09:07:22+00:00,purchase,1004856,2.0530135556318828e+18,electronics.smartphone,samsung,131.64,530482376,e629a57c-cb76-4909-8357-8f8ff7c51139,$100-200
2019-10-16 09:29:10+00:00,purchase,3700852,2.0530135659834253e+18,appliances.environment.vacuum,lg,105.7,517673942,005d355e-9680-4712-8bd3-f56393e1914c,$100-200
2019-10-16 09:32:52+00:00,purchase,3700852,2.0530135659834253e+18,appliances.environment.vacuum,lg,105.7,517673942,005d355e-9680-4712-8bd3-f56393e1914c,$100-200
2019-10-16 09:36:09+00:00,purchase,7900927,2.0530135564875208e+18,furniture.kitchen.chair,peg-perego,280.57,542555216,688915cf-788b-481d-a8e5-39fe5ffcd22b,$200-500
2019-10-16 09:38:52+00:00,purchase,4804056,2.053013554658804e+18,electronics.audio.headphone,apple,160.18,519535359,f6711a6d-ee9f-4389-89df-c62e1a6c9b44,$100-200
2019-10-16 09:39:32+00:00,purchase,3700852,2.0530135659834253e+18,appliances.environment.vacuum,lg,105.7,517673942,4c92642a-352d-47d4-a19e-38e31c14ddff,$100-200
2019-10-16 09:41:20+00:00,purchase,4804056,2.053013554658804e+18,electronics.audio.headphone,apple,160.18,540892315,36830afd-8685-4dff-85dc-76ad322a07bb,$100-200
2019-10-16 09:42:19+00:00,purchase,4804056,2.053013554658804e+18,electronics.audio.headphone,apple,160.18,540892315,36830afd-8685-4dff-85dc-76ad322a07bb,$100-200
2019-10-16 09:43:09+00:00,purchase,7900927,2.0530135564875208e+18,furniture.kitchen.chair,peg-perego,280.57,542555216,17ae507c-5d19-40d2-9ed0-c3e94cbf97d0,$200-500
2019-10-16 09:47:19+00:00,purchase,1003310,2.0530135556318828e+18,electronics.smartphone,apple,701.36,512959316,101f0808-5b6e-48ec-8be0-c8b61eff1734,$500-1000
2019-10-16 09:50:20+00:00,purchase,1004249,2.0530135556318828e+18,electronics.smartphone,apple,745.58,520045153,114ff255-8678-493e-8c20-b245cc3ac92a,$500-1000
2019-10-16 09:58:24+00:00,purchase,1002633,2.0530135556318828e+18,electronics.smartphone,apple,358.57,527037229,7ebd44e3-2e0b-4e3b-b06c-809e78ee17a5,$200-500
2019-10-16 09:59:41+00:00,purchase,1801940,2.0530135544155343e+18,electronics.video.tv,haier,244.51,523591415,4ac56e50-1d01-429c-a95b-4fa65da7aa9b,$200-500
2019-10-16 10:02:01+00:00,purchase,1307078,2.053013558920217e+18,computers.notebook,asus,870.81,532597172,909e1ddc-6f21-4c98-ad8d-c5fbee7d94f7,$500-1000
2019-10-16 10:17:10+00:00,purchase,1002633,2.0530135556318828e+18,electronics.smartphone,apple,358.57,560803378,83ff7c3b-98f0-4035-9723-ebf3f94a226b,$200-500
2019-10-16 10:46:16+00:00,purchase,1005144,2.0530135556318828e+18,electronics.smartphone,apple,1741.05,560813614,49c9ef0f-bf3c-49c3-a878-10c7aa3a12d1,>$1000
2019-10-16 10:49:15+00:00,purchase,1004739,2.0530135556318828e+18,electronics.smartphone,xiaomi,196.86,560813880,3edaa9fe-c0a7-41d9-9f7b-4e79a192aee8,$100-200
2019-10-16 11:13:11+00:00,purchase,1004768,2.0530135556318828e+18,electronics.smartphone,samsung,250.71,513834847,6d15743b-d13d-455b-959b-8ba3faba49c3,$200-500
2019-10-16 11:20:35+00:00,purchase,1004767,2.0530135556318828e+18,electronics.smartphone,samsung,250.69,557010297,e5b5e564-1159-4d46-9530-509e628d6ac3,$200-500
2019-10-16 11:22:52+00:00,purchase,1801690,2.0530135544155343e+18,electronics.video.tv,samsung,369.37,531568559,b1e13261-8d13-409c-a625-a7e41fc820ed,$200-500
2019-10-16 11:24:44+00:00,purchase,1003317,2.0530135556318828e+18,electronics.smartphone,apple,952.15,560827389,e93a4c42-4deb-453f-86b3-ff15b7bd25b7,$500-1000
2019-10-16 11:25:15+00:00,purchase,1002524,2.0530135556318828e+18,electronics.smartphone,apple,537.72,526715878,eda95eb6-d30e-4724-aea6-dd016ddeea27,$500-1000
2019-10-16 11:54:00+00:00,purchase,26400370,2.0530135636513925e+18,unknown,,124.84,517312428,043651c2-6420-4bca-a62d-84ef93826ed9,$100-200
2019-10-16 12:15:38+00:00,purchase,12706259,2.0530135535598963e+18,unknown,nokian,53.54,560167893,8ece8407-4a81-4edb-8997-ba39b63a3a3f,$50-100
2019-10-16 12:18:37+00:00,purchase,12709707,2.0530135535598963e+18,unknown,cordiant,32.69,535579938,79b73102-430b-461e-86cf-f6c4795adde0,<$50
2019-10-16 12:23:24+00:00,purchase,7201736,2.053013553165632e+18,unknown,,49.81,556035550,819cd880-9ab0-4e18-987f-3d9d4e5075f2,<$50
2019-10-16 12:27:35+00:00,purchase,10502920,2.0530135531991864e+18,unknown,,5.92,559788788,0a1d2a02-333f-401d-898a-b983e699c84b,<$50
2019-10-16 12:35:25+00:00,purchase,1005161,2.0530135556318828e+18,electronics.smartphone,xiaomi,227.53,541205166,ae4f10ff-4a31-45cf-bd67-8532834ee0b7,$200-500
2019-10-16 12:37:01+00:00,purchase,12703015,2.0530135535598963e+18,unknown,cordiant,42.99,560167893,d3951756-9d8f-47d7-84e0-32d5dc2140ad,<$50
2019-10-16 12:51:30+00:00,purchase,1004767,2.0530135556318828e+18,electronics.smartphone,samsung,250.69,515774463,06ed240a-de73-43ed-af78-f101b521770e,$200-500
2019-10-16 12:53:58+00:00,purchase,1005104,2.0530135556318828e+18,electronics.smartphone,apple,1007.97,513985927,2beb9c95-c9a4-4df4-abde-849a12837af4,>$1000
2019-10-16 12:56:59+00:00,purchase,1307078,2.053013558920217e+18,computers.notebook,asus,870.81,532597172,b33fad64-532e-48ba-83d7-9e4aad102362,$500-1000
2019-10-16 12:58:49+00:00,purchase,8700398,2.053013563097744e+18,appliances.personal.hair_cutter,maxwell,8.96,525282881,9efe1720-a587-4601-bebc-c58fd1e451de,<$50
2019-10-16 12:58:50+00:00,purchase,17301494,2.0530135538534976e+18,unknown,,48.12,519029458,6ecfd8bd-a206-4151-aaa8-bd12330e4019,<$50
2019-10-16 13:02:49+00:00,purchase,1003317,2.0530135556318828e+18,electronics.smartphone,apple,952.41,560827389,6c1979cb-b90a-4a5e-8787-b4758e0de4bf,$500-1000
2019-10-16 13:25:54+00:00,purchase,1004856,2.0530135556318828e+18,electronics.smartphone,samsung,131.64,517504270,6e962432-9236-4aa8-ad36-e1f68536c731,$100-200
2019-10-16 13:27:26+00:00,purchase,1005105,2.0530135556318828e+18,electronics.smartphone,apple,1422.77,538772934,5d6fa3f1-a9c0-459c-9d8c-f0fdc6ac606d,>$1000
2019-10-16 13:29:09+00:00,purchase,26205220,2.0530135636933356e+18,unknown,,356.7,512605381,f052c7ba-473b-41f9-bc2f-706643b192b7,$200-500
2019-10-16 13:29:47+00:00,purchase,1004249,2.0530135556318828e+18,electronics.smartphone,apple,745.21,559436394,4baf0de7-efb3-4736-9ee3-14d21b601bdc,$500-1000
2019-10-16 13:31:01+00:00,purchase,1004249,2.0530135556318828e+18,electronics.smartphone,apple,745.21,559436394,4baf0de7-efb3-4736-9ee3-14d21b601bdc,$500-1000
2019-10-16 13:41:59+00:00,purchase,12706655,2.0530135535598963e+18,unknown,nokian,45.82,523572806,566ddb06-2084-486e-a230-0d5d23626f09,<$50
2019-10-16 14:02:30+00:00,purchase,1801690,2.0530135544155343e+18,electronics.video.tv,samsung,369.37,521177824,3355d0fc-c102-4f93-ae06-a73ce16880cd,$200-500
2019-10-16 14:02:45+00:00,purchase,1005067,2.0530135556318828e+18,electronics.smartphone,samsung,1207.87,516441604,91379731-e534-4972-84de-98388fbcd49c,>$1000
2019-10-16 14:22:25+00:00,purchase,3600163,2.053013563810776e+18,appliances.kitchen.washer,indesit,177.15,514506920,29e1d8be-7f51-48c0-a944-b5dda5b3303f,$100-200
2019-10-16 14:34:25+00:00,purchase,28718142,2.053013565782099e+18,apparel.shoes,fassen,35.78,514506920,29e1d8be-7f51-48c0-a944-b5dda5b3303f,<$50
2019-10-16 14:35:48+00:00,purchase,1307051,2.053013558920217e+18,computers.notebook,apple,1919.97,531027690,e11960aa-f464-4a75-a98d-423bf52c0cc7,>$1000
2019-10-16 14:45:05+00:00,purchase,1003317,2.0530135556318828e+18,electronics.smartphone,apple,952.41,560827389,256cf72c-2cef-4191-be32-6d81c5b399ed,$500-1000
2019-10-16 14:49:45+00:00,purchase,5100750,2.0530135533417925e+18,electronics.clocks,garmin,684.35,551163168,6dd5a6d6-74a0-44ee-b9cf-ad63ff56a32d,$500-1000
2019-10-16 15:47:15+00:00,purchase,1004767,2.0530135556318828e+18,electronics.smartphone,samsung,250.69,515357432,b8bc9500-e600-496c-a799-29facfe50540,$200-500
2019-10-16 16:14:27+00:00,purchase,1004835,2.0530135556318828e+18,electronics.smartphone,samsung,225.19,515357432,3b5a1fb2-9b47-471d-abe0-e5544d834aa2,$200-500
2019-10-16 16:16:46+00:00,purchase,1004835,2.0530135556318828e+18,electronics.smartphone,samsung,225.19,515357432,3b5a1fb2-9b47-471d-abe0-e5544d834aa2,$200-500
2019-10-16 16:18:17+00:00,purchase,1004835,2.0530135556318828e+18,electronics.smartphone,samsung,225.19,515357432,3b5a1fb2-9b47-471d-abe0-e5544d834aa2,$200-500
2019-10-16 16:35:35+00:00,purchase,6000004,2.053013560807654e+18,auto.accessories.alarm,starline,139.77,560758850,8f691e85-8857-47db-90fe-fa44fb2e3216,$100-200
2019-10-16 16:39:33+00:00,purchase,5100816,2.053013553375347e+18,unknown,xiaomi,28.28,556672150,5810940f-a90d-490e-a5cc-0cf67a55cd80,<$50
2019-10-16 16:49:18+00:00,purchase,1004246,2.0530135556318828e+18,electronics.smartphone,apple,763.85,512607231,9feca66c-97cd-43d4-b492-a5e5de295fd5,$500-1000
2019-10-16 17:06:07+00:00,purchase,10100825,2.0530135532830725e+18,unknown,hasbro,65.64,516780905,669c5464-4621-40b7-86c6-63b0072efc72,$50-100
2019-10-16 17:26:31+00:00,purchase,6301823,2.0530135548349647e+18,appliances.kitchen.kettle,redmond,58.66,512563799,d4c238dd-14ed-4791-b654-fbf1f751c1d8,$50-100
2019-10-16 17:31:33+00:00,purchase,12709558,2.0530135535598963e+18,unknown,,30.76,519875789,ffa9bb29-3b9d-4b49-ba56-1b5b87564b06,<$50
2019-10-16 17:35:50+00:00,purchase,1800931,2.0530135544155343e+18,electronics.video.tv,sony,380.7,541419038,b229bdc4-be91-4a33-9b3e-1e8bcae77c2a,$200-500
2019-10-16 17:43:00+00:00,purchase,1005137,2.0530135556318828e+18,electronics.smartphone,apple,1559.63,512709586,5558db05-5362-4076-9085-eaa67e009a0a,>$1000
2019-10-16 18:40:18+00:00,purchase,45300066,2.106075662325384e+18,kids.swing,,38.61,515343094,08f02170-1b30-466d-bf64-c4e266c0e9a1,<$50
2019-10-16 18:44:13+00:00,purchase,8300265,2.053013560220452e+18,unknown,,29.47,515343094,08f02170-1b30-466d-bf64-c4e266c0e9a1,<$50
2019-10-16 18:53:37+00:00,purchase,1005121,2.0530135556318828e+18,electronics.smartphone,apple,977.89,526997794,5248a0ee-ecb5-415b-bb23-942ebd50325c,$500-1000
2019-10-16 18:58:44+00:00,purchase,1307401,2.053013558920217e+18,computers.notebook,asus,299.6,559378963,a8f2fb34-3860-4363-b43a-aaedd0183465,$200-500
2019-10-16 19:03:42+00:00,purchase,1307336,2.053013558920217e+18,computers.notebook,asus,357.28,559378963,a8f2fb34-3860-4363-b43a-aaedd0183465,$200-500
2019-10-16 21:25:25+00:00,purchase,1004741,2.0530135556318828e+18,electronics.smartphone,xiaomi,190.22,512657316,dbc7ae50-de99-4882-8c8c-77514f6a5d29,$100-200
2019-10-16 21:32:28+00:00,purchase,5100347,2.0530135533417925e+18,electronics.clocks,apple,370.64,512657316,dbc7ae50-de99-4882-8c8c-77514f6a5d29,$200-500
2019-10-16 21:54:50+00:00,purchase,1005098,2.0530135556318828e+18,electronics.smartphone,samsung,143.48,518630479,110362e0-e1a4-44db-8542-9e30c523e124,$100-200
2019-10-16 21:59:01+00:00,purchase,1480163,2.0530135610928668e+18,computers.desktop,acer,617.0,514840319,63be4dd0-1230-486f-a7b4-72eecee6b457,$500-1000
2019-10-16 22:16:51+00:00,purchase,16200365,2.0530135563449144e+18,kids.fmcg.diapers,pampers,13.44,559378963,1fd23a02-3f45-4103-98a6-97ba7b4666e4,<$50
2019-10-16 22:22:50+00:00,purchase,10100537,2.0530135532830725e+18,unknown,piatnik,22.91,512657316,dbc7ae50-de99-4882-8c8c-77514f6a5d29,<$50
2019-10-17 02:42:13+00:00,purchase,6200971,2.0530135522932165e+18,appliances.environment.air_heater,willmark,7.7,517725498,ec97c2e7-6133-434a-918b-fd93deffe4eb,<$50
2019-10-17 03:56:07+00:00,purchase,1801872,2.0530135544155343e+18,electronics.video.tv,kivi,218.77,559154585,4d0f3382-1d2d-4461-bf3a-9e428aa9a33c,$200-500
2019-10-17 04:06:28+00:00,purchase,7005999,2.0530135603462807e+18,kids.carriage,bertoni,176.06,512372445,df5762c7-c722-4034-86af-630cb1588ec5,$100-200
2019-10-17 04:09:14+00:00,purchase,25800007,2.0530135622924375e+18,medicine.tools.tonometer,omron,47.62,513631407,053c94cf-b8bf-4ca1-9261-03d1f642bd8f,<$50
2019-10-17 04:27:40+00:00,purchase,18300595,2.053013558945383e+18,accessories.bag,meizu,30.86,519713147,7bb032f2-8ecc-4bf6-819d-11ceaab40e4e,<$50
2019-10-17 04:29:42+00:00,purchase,18300120,2.053013558945383e+18,accessories.bag,rivacase,22.6,519713147,7bb032f2-8ecc-4bf6-819d-11ceaab40e4e,<$50
2019-10-17 04:34:27+00:00,purchase,3701388,2.0530135659834253e+18,appliances.environment.vacuum,dauscher,33.21,559154585,292bcf37-8fe0-477b-a73b-956fc4b010dd,<$50
2019-10-17 04:41:57+00:00,purchase,12600013,2.053013554751079e+18,appliances.kitchen.grill,tefal,118.38,547577735,2b9ba41b-2ab4-4018-b78d-e6f8c94f3441,$100-200
2019-10-17 04:45:59+00:00,purchase,1801690,2.0530135544155343e+18,electronics.video.tv,samsung,369.37,561069891,7cd36e11-16bd-4cde-b9c9-ec6d67a6b02c,$200-500
2019-10-17 04:55:35+00:00,purchase,13200013,2.053013557192164e+18,furniture.bedroom.bed,sv,141.32,557609477,e3a2fc7b-4fc0-4e07-bcfa-96b67158ad4d,$100-200
2019-10-17 04:58:05+00:00,purchase,8200302,2.053013555413779e+18,unknown,,77.2,557609477,e3a2fc7b-4fc0-4e07-bcfa-96b67158ad4d,$50-100
2019-10-17 04:59:40+00:00,purchase,7101466,2.0530135554641103e+18,furniture.bedroom.bed,,41.16,557609477,e3a2fc7b-4fc0-4e07-bcfa-96b67158ad4d,<$50
2019-10-17 05:05:57+00:00,purchase,12704536,2.0530135535598963e+18,unknown,tunga,49.64,561074501,8f77a858-9bed-4045-9519-dd170505b8bb,<$50
2019-10-17 05:07:51+00:00,purchase,1002524,2.0530135556318828e+18,electronics.smartphone,apple,534.09,518681935,2f209517-75d4-4834-82d7-5529073554e7,$500-1000
2019-10-17 05:16:09+00:00,purchase,1002524,2.0530135556318828e+18,electronics.smartphone,apple,534.09,518681935,2f209517-75d4-4834-82d7-5529073554e7,$500-1000
2019-10-17 05:34:35+00:00,purchase,1005115,2.0530135556318828e+18,electronics.smartphone,apple,1003.85,553176696,68d575f0-d9fe-488c-b752-99eb5ed2e463,>$1000
2019-10-17 05:47:32+00:00,purchase,1004873,2.0530135556318828e+18,electronics.smartphone,samsung,375.66,534533818,90540018-fbea-411b-a8ae-0dea036064ed,$200-500
2019-10-17 05:53:12+00:00,purchase,1801699,2.0530135544155343e+18,electronics.video.tv,haier,180.16,512432519,d8cc3922-f9a8-4296-9509-1ef8a4616940,$100-200
2019-10-17 05:56:52+00:00,purchase,4804055,2.053013554658804e+18,electronics.audio.headphone,apple,190.44,545243821,7617a918-1c8c-40ec-a7b1-4209977a052e,$100-200
2019-10-17 05:58:06+00:00,purchase,5800860,2.0530135539457723e+18,electronics.audio.subwoofer,phantom,15.44,512432519,a49a2c95-a720-4cca-96f8-70d487a73f2c,<$50
2019-10-17 06:00:00+00:00,purchase,1005102,2.0530135556318828e+18,electronics.smartphone,xiaomi,433.41,559091845,a3395de4-7bd7-4f39-8342-6b14257a8cb2,$200-500
2019-10-17 06:10:36+00:00,purchase,1003311,2.0530135556318828e+18,electronics.smartphone,apple,707.71,561088767,9d3ecae6-c719-4f12-998c-b9c0ca2c51e7,$500-1000
2019-10-17 06:11:55+00:00,purchase,1004227,2.0530135556318828e+18,electronics.smartphone,apple,1003.84,544093736,2cf5dcb7-baba-4929-92b5-0095545e5f88,>$1000
2019-10-17 06:42:36+00:00,purchase,9200259,2.0530135529139732e+18,computers.peripherals.keyboard,delux,35.72,556287026,25529cf8-2da7-499d-89ff-75939535ac97,<$50
2019-10-17 07:07:43+00:00,purchase,1004741,2.0530135556318828e+18,electronics.smartphone,xiaomi,190.22,514682461,41f3d555-70f3-4f59-b0ff-7c7c263e7286,$100-200
2019-10-17 07:08:26+00:00,purchase,51800038,2.1356585423869056e+18,unknown,,152.64,560837290,15ee36c9-22a1-4555-ba50-dfb858e0d942,$100-200
2019-10-17 07:09:04+00:00,purchase,1004246,2.0530135556318828e+18,electronics.smartphone,apple,763.8,537938404,9b21fdae-7def-411e-b7af-0a2fe76d64d7,$500-1000
2019-10-17 07:10:09+00:00,purchase,11500847,2.0530135546252493e+18,unknown,jbl,167.06,515794132,c1ae914c-8c5f-4d76-a994-c6a021742367,$100-200
2019-10-17 07:16:47+00:00,purchase,16500005,2.053013556462355e+18,unknown,omron,37.01,540044650,1189b7af-8b8f-47ca-9219-74cdb61922b6,<$50
2019-10-17 07:36:17+00:00,purchase,1003312,2.0530135556318828e+18,electronics.smartphone,apple,696.63,559832872,b1eb9865-0556-4624-9d27-edfffd56dfb4,$500-1000
2019-10-17 07:43:13+00:00,purchase,3601485,2.053013563810776e+18,appliances.kitchen.washer,lg,290.15,514414554,938d4b8a-575a-4c56-ad8a-eca76f9683ed,$200-500
2019-10-17 07:50:10+00:00,purchase,1004873,2.0530135556318828e+18,electronics.smartphone,samsung,375.65,527035204,fbb145a8-8e90-4b39-bc69-5e09dd882e48,$200-500
2019-10-17 08:11:14+00:00,purchase,1003317,2.0530135556318828e+18,electronics.smartphone,apple,952.41,545769281,89d8c82e-c3df-4eea-86d6-e9bb4edd7d37,$500-1000
2019-10-17 08:13:46+00:00,purchase,1003317,2.0530135556318828e+18,electronics.smartphone,apple,952.41,545769281,89d8c82e-c3df-4eea-86d6-e9bb4edd7d37,$500-1000
2019-10-17 08:17:55+00:00,purchase,1004653,2.0530135556318828e+18,electronics.smartphone,samsung,606.03,512581033,ba51d229-7e79-4cc3-a505-01c9f611ab8b,$500-1000
2019-10-17 08:19:41+00:00,purchase,1004249,2.0530135556318828e+18,electronics.smartphone,apple,745.0,532786569,a5486544-5306-44b6-9238-a083a1a26765,$500-1000
2019-10-17 08:39:05+00:00,purchase,1002524,2.0530135556318828e+18,electronics.smartphone,apple,534.09,518681935,42013827-ab08-408b-b31a-1d90a529881e,$500-1000
2019-10-17 09:01:48+00:00,purchase,12708239,2.0530135535598963e+18,unknown,cordiant,319.18,561143258,afe1fe50-0195-49fb-bfd2-f90623b93e9c,$200-500
2019-10-17 09:17:41+00:00,purchase,1004767,2.0530135556318828e+18,electronics.smartphone,samsung,250.66,521082185,5a6495aa-c708-4bc4-8148-65c761694ed2,$200-500
2019-10-17 09:29:37+00:00,purchase,1003310,2.0530135556318828e+18,electronics.smartphone,apple,700.82,537938404,cc270736-9bc7-4d1e-91fe-a1570d921dd2,$500-1000
2019-10-17 09:35:07+00:00,purchase,1307410,2.053013558920217e+18,computers.notebook,dell,1683.42,512760019,d78a9e57-9517-4fc2-a26f-cbda6c457a7c,>$1000
2019-10-17 09:38:16+00:00,purchase,12702804,2.0530135535598963e+18,unknown,cordiant,43.5,540272176,d1572fe4-4aaf-49d8-9bf3-cf0c2ec7d993,<$50
2019-10-17 09:40:28+00:00,purchase,12702804,2.0530135535598963e+18,unknown,cordiant,43.5,540272176,d1572fe4-4aaf-49d8-9bf3-cf0c2ec7d993,<$50
2019-10-17 09:44:55+00:00,purchase,12702804,2.0530135535598963e+18,unknown,cordiant,43.5,540272176,d1572fe4-4aaf-49d8-9bf3-cf0c2ec7d993,<$50
2019-10-17 09:46:20+00:00,purchase,12702804,2.0530135535598963e+18,unknown,cordiant,43.5,540272176,d1572fe4-4aaf-49d8-9bf3-cf0c2ec7d993,<$50
2019-10-17 09:48:07+00:00,purchase,12702804,2.0530135535598963e+18,unknown,cordiant,43.5,540272176,d1572fe4-4aaf-49d8-9bf3-cf0c2ec7d993,<$50
2019-10-17 09:49:01+00:00,purchase,12702804,2.0530135535598963e+18,unknown,cordiant,43.5,540272176,d1572fe4-4aaf-49d8-9bf3-cf0c2ec7d993,<$50
2019-10-17 10:00:21+00:00,purchase,1004433,2.0530135556318828e+18,electronics.smartphone,samsung,257.15,561162530,8881f899-babd-4efa-88ee-7047219af269,$200-500
2019-10-17 10:01:31+00:00,purchase,18600043,2.0530135597087465e+18,unknown,,202.06,513860605,d0dbf325-9c4a-49ed-b03e-06c934eca12c,$200-500
2019-10-17 10:15:18+00:00,purchase,1500447,2.0530135529559163e+18,computers.peripherals.printer,hp,131.99,550296668,42764ee5-ecb8-4332-8c10-fc82a65cd4e9,$100-200
2019-10-17 10:27:31+00:00,purchase,7900927,2.0530135564875208e+18,furniture.kitchen.chair,peg-perego,280.57,542555216,0923d0fe-2536-47cc-aca2-5dc9ea99ac23,$200-500
2019-10-17 10:40:57+00:00,purchase,5300157,2.0530135631732416e+18,unknown,philips,38.35,530286130,48e4010f-1561-411b-b184-0621bf5d40c6,<$50
2019-10-17 11:00:03+00:00,purchase,1004612,2.0530135556318828e+18,electronics.smartphone,bq,53.22,560002224,0bb76824-7d92-40ab-bd2b-e23aebe9cc2a,$50-100
2019-10-17 11:07:59+00:00,purchase,1307073,2.053013558920217e+18,computers.notebook,acer,694.72,559126616,cac714f8-218d-415e-a953-a91c5667390a,$500-1000
2019-10-17 11:18:14+00:00,purchase,20100044,2.0530135594738652e+18,unknown,,52.77,516208460,778ce3fe-b566-47e2-8261-6b6a6da3e694,$50-100
2019-10-17 11:35:18+00:00,purchase,1004739,2.0530135556318828e+18,electronics.smartphone,xiaomi,196.86,531139224,23812a7c-2d4e-4609-944f-f05c0fc255a0,$100-200
2019-10-17 11:38:33+00:00,purchase,2601260,2.0530135639701596e+18,unknown,dauscher,442.97,537242624,faa90c7a-8573-4a8f-ab43-6207a1468e05,$200-500
2019-10-17 11:49:34+00:00,purchase,5801217,2.0530135539457723e+18,electronics.audio.subwoofer,kenwood,72.07,550800857,ec580341-8d02-458f-a05c-696ba4874713,$50-100
2019-10-17 11:56:05+00:00,purchase,22700078,2.0530135561687537e+18,unknown,stels,187.91,550800857,ec580341-8d02-458f-a05c-696ba4874713,$100-200
2019-10-17 11:57:52+00:00,purchase,1004666,2.0530135556318828e+18,electronics.smartphone,samsung,1156.79,538266294,f751eb2d-4e4c-45a2-9168-0f9baf9f02ac,>$1000
2019-10-17 12:00:56+00:00,purchase,4804295,2.053013554658804e+18,electronics.audio.headphone,xiaomi,25.23,547717969,92aa10ea-1732-45f8-9651-9f9ed9e63164,<$50
2019-10-17 12:03:35+00:00,purchase,5100816,2.053013553375347e+18,unknown,xiaomi,29.56,521758960,5ccea683-91b6-4a94-b96e-17b27bb7f0cf,<$50
2019-10-17 12:09:17+00:00,purchase,5301666,2.0530135631732416e+18,unknown,elenberg,7.18,535557395,d59eef10-7617-4d8e-b055-c5debb1a71b9,<$50
2019-10-17 12:11:47+00:00,purchase,3801134,2.0530135661763635e+18,appliances.iron,elenberg,16.47,547717969,92aa10ea-1732-45f8-9651-9f9ed9e63164,<$50
2019-10-17 12:18:13+00:00,purchase,5300763,2.0530135631732416e+18,unknown,vitek,12.61,547717969,92aa10ea-1732-45f8-9651-9f9ed9e63164,<$50
2019-10-17 12:33:12+00:00,purchase,4804269,2.053013554658804e+18,electronics.audio.headphone,defender,12.07,547717969,59ac877e-7cf9-4f48-be2f-7dc2adda12a2,<$50
2019-10-17 12:54:13+00:00,purchase,1005008,2.0530135556318828e+18,electronics.smartphone,xiaomi,97.79,512471213,636e5a7f-cd4b-424e-8ad8-61b1fe4545f3,$50-100
2019-10-17 13:34:37+00:00,purchase,1002633,2.0530135556318828e+18,electronics.smartphone,apple,358.57,561229951,ed47bdcc-8c4d-4b6d-b713-de7ae3a93359,$200-500
2019-10-17 13:48:02+00:00,purchase,1003306,2.0530135556318828e+18,electronics.smartphone,apple,591.98,537249367,5d4533a0-c226-4ef6-971a-4ded76729130,$500-1000
2019-10-17 14:00:46+00:00,purchase,1004433,2.0530135556318828e+18,electronics.smartphone,samsung,257.15,519780088,b5a4c597-e17e-4e49-bdf3-d54a184e2d91,$200-500
2019-10-17 14:03:28+00:00,purchase,1005100,2.0530135556318828e+18,electronics.smartphone,samsung,143.31,519780088,b5a4c597-e17e-4e49-bdf3-d54a184e2d91,$100-200
2019-10-17 14:18:54+00:00,purchase,1005115,2.0530135556318828e+18,electronics.smartphone,apple,1003.6,528206628,4036a928-bb95-4b1f-98bd-fe51128f2b2b,>$1000
2019-10-17 14:21:12+00:00,purchase,4802159,2.053013554658804e+18,electronics.audio.headphone,jbl,8.49,560132689,56c0b0ee-b93a-49ef-b8f9-e72707a03890,<$50
2019-10-17 14:22:01+00:00,purchase,1306776,2.053013558920217e+18,computers.notebook,lenovo,1123.94,513531657,18f37399-d268-4a79-a670-8390c5a54eb2,>$1000
2019-10-17 14:30:05+00:00,purchase,30100041,2.0530135561100332e+18,unknown,,23.4,560051024,970fc8d2-d6ce-48af-9e5b-b92fb4aefd02,<$50
2019-10-17 14:33:27+00:00,purchase,32800211,2.0551569242733944e+18,unknown,rush,158.56,560051024,970fc8d2-d6ce-48af-9e5b-b92fb4aefd02,$100-200
2019-10-17 14:33:27+00:00,purchase,1003304,2.0530135556318828e+18,electronics.smartphone,apple,577.98,531233331,2b51e1c9-c0c5-49cc-a1a0-046af69179b3,$500-1000
2019-10-17 14:34:18+00:00,purchase,1004856,2.0530135556318828e+18,electronics.smartphone,samsung,131.53,512629365,5be059e6-3d4e-427f-a0e5-895d6ec69f14,$100-200
2019-10-17 14:34:54+00:00,purchase,1003304,2.0530135556318828e+18,electronics.smartphone,apple,577.98,531233331,2b51e1c9-c0c5-49cc-a1a0-046af69179b3,$500-1000
2019-10-17 15:01:21+00:00,purchase,22300003,2.0530135524274345e+18,unknown,xiaomi,77.05,514053413,562649d0-586a-49f2-a9f0-10c4b43c2d7c,$50-100
2019-10-17 15:02:33+00:00,purchase,1003310,2.0530135556318828e+18,electronics.smartphone,apple,696.29,553842190,576d57d1-d478-443e-9eba-dc37dcb93899,$500-1000
2019-10-17 15:28:53+00:00,purchase,1004955,2.0530135556318828e+18,electronics.smartphone,nokia,152.99,513226179,cc26a98e-bd9f-4fc5-b8a6-a83cd336d7ee,$100-200
2019-10-17 15:32:44+00:00,purchase,2600397,2.0530135639701596e+18,unknown,,162.14,527337478,3965ede7-f798-4eb1-9490-fc97713e2571,$100-200
2019-10-17 15:34:53+00:00,purchase,1005129,2.0530135556318828e+18,electronics.smartphone,apple,1425.93,557926214,849d85b4-6ea3-4153-9957-19583a8175c4,>$1000
2019-10-17 15:38:56+00:00,purchase,1005132,2.0530135556318828e+18,electronics.smartphone,apple,1425.78,516490819,89dfb72c-70cc-42b4-bd2a-c130c8ec8596,>$1000
2019-10-17 15:41:54+00:00,purchase,1005126,2.0530135556318828e+18,electronics.smartphone,apple,1428.35,516490819,89dfb72c-70cc-42b4-bd2a-c130c8ec8596,>$1000
2019-10-17 15:45:16+00:00,purchase,1307067,2.053013558920217e+18,computers.notebook,lenovo,251.74,559378963,dc918cb0-ce36-497e-b0a9-9539f1dd6a3d,$200-500
2019-10-17 15:50:03+00:00,purchase,4000169,2.053013566142809e+18,construction.tools.generator,tefal,90.07,513473077,5cf8d963-6dd2-4211-bb2c-39116593bc0d,$50-100
2019-10-17 15:50:42+00:00,purchase,14300088,2.0530135576032056e+18,electronics.audio.music_tools.piano,yamaha,159.97,559378963,dc918cb0-ce36-497e-b0a9-9539f1dd6a3d,$100-200
2019-10-17 16:02:36+00:00,purchase,3100640,2.053013555262784e+18,appliances.kitchen.blender,redmond,51.22,513473077,223898d7-4c56-4b35-b2c9-dc2d6cb1cba2,$50-100
2019-10-17 16:11:42+00:00,purchase,28715841,2.0530135651277875e+18,apparel.shoes,rooman,34.49,514915083,ed50abc1-f8c5-437d-86d5-3aa20c617347,<$50
2019-10-17 16:15:22+00:00,purchase,26000276,2.0530135628376973e+18,unknown,,8.66,514333653,c2072061-20af-41c7-a219-bbc12b541339,<$50
2019-10-17 16:25:09+00:00,purchase,1004838,2.0530135556318828e+18,electronics.smartphone,oppo,179.64,561283052,a8d46c24-87b0-470c-8d4d-b14507e8868c,$100-200
2019-10-17 16:42:31+00:00,purchase,1004870,2.0530135556318828e+18,electronics.smartphone,samsung,286.48,558435908,60e8b86a-b7d6-427d-a8ad-405f39c4170a,$200-500
2019-10-17 16:42:34+00:00,purchase,1480647,2.0530135610928668e+18,computers.desktop,acer,360.11,526997794,1a7f718d-589b-4c30-8be1-61f20cbfcb3f,$200-500
2019-10-17 16:46:27+00:00,purchase,13103867,2.053013553526342e+18,unknown,trebl,55.6,528170676,977d57a0-76ea-427f-a28f-44c5373e149a,$50-100
2019-10-17 16:56:46+00:00,purchase,12300392,2.05301355631136e+18,construction.tools.drill,,37.3,561283965,075c8f8d-9242-45f8-893b-846a93db03ff,<$50
2019-10-17 17:12:00+00:00,purchase,14300379,2.0530135576032056e+18,electronics.audio.music_tools.piano,casio,198.02,519232803,84ff1af1-d89a-4d83-98e6-50083041d114,$100-200
2019-10-17 17:20:57+00:00,purchase,2800505,2.0530135638359416e+18,appliances.kitchen.refrigerators,,203.09,519232803,84ff1af1-d89a-4d83-98e6-50083041d114,$200-500
2019-10-17 17:25:02+00:00,purchase,6902806,2.0530135603127265e+18,furniture.living_room.chair,lorelli,67.96,534822348,dc1afd0f-3400-4c0a-88d0-a50a40fdcfe6,$50-100
2019-10-17 17:41:42+00:00,purchase,2900569,2.0530135547762445e+18,appliances.kitchen.microwave,lg,89.38,519232803,84ff1af1-d89a-4d83-98e6-50083041d114,$50-100
2019-10-17 17:51:11+00:00,purchase,16200365,2.0530135563449144e+18,kids.fmcg.diapers,pampers,13.44,559378963,8c91eb71-8787-4b64-93e8-70128e6a79c4,<$50
2019-10-17 17:58:51+00:00,purchase,3100952,2.053013555262784e+18,appliances.kitchen.blender,unit,38.9,522577886,0302731b-b101-44d7-86b1-b74add2615e2,<$50
2019-10-17 18:25:46+00:00,purchase,1004856,2.0530135556318828e+18,electronics.smartphone,samsung,131.53,512372445,7a045295-af21-40ec-8517-31dfb563d61c,$100-200
2019-10-17 19:28:26+00:00,purchase,1004249,2.0530135556318828e+18,electronics.smartphone,apple,744.91,561337725,4349ae1e-0e16-4285-9bb0-31a34ca0c566,$500-1000
2019-10-17 19:45:23+00:00,purchase,1004777,2.0530135556318828e+18,electronics.smartphone,xiaomi,136.17,512484704,a7fcd220-5737-4338-ae3a-fb8de8c6e4ac,$100-200
2019-10-17 20:36:47+00:00,purchase,1004133,2.0530135556318828e+18,electronics.smartphone,xiaomi,141.86,512589865,43967f3e-4ee8-4354-be82-65bcdc1a2879,$100-200
2019-10-18 02:08:49+00:00,purchase,13103867,2.053013553526342e+18,unknown,trebl,55.6,528170676,2941566f-de66-4114-b0c9-96f221e9fe46,$50-100
2019-10-18 02:33:36+00:00,purchase,2800433,2.0530135638359416e+18,appliances.kitchen.refrigerators,haier,282.94,543436579,fbcbdb36-c7e9-4f7f-bd3a-6e38db27ce44,$200-500
2019-10-18 02:54:51+00:00,purchase,4801876,2.053013554658804e+18,electronics.audio.headphone,apple,33.42,513035339,a64a6de0-f1d6-41b4-b4fd-ad1df58d2657,<$50
2019-10-18 02:57:08+00:00,purchase,1002544,2.0530135556318828e+18,electronics.smartphone,apple,460.07,539567641,240f9f3b-e447-4eaa-9923-c37f54b3ac94,$200-500
2019-10-18 03:14:25+00:00,purchase,1004767,2.0530135556318828e+18,electronics.smartphone,samsung,250.13,530482376,ede9ad48-5066-4635-8211-a49a372ba86a,$200-500
2019-10-18 03:27:58+00:00,purchase,1004858,2.0530135556318828e+18,electronics.smartphone,samsung,131.53,561404343,c1b08398-322b-41b1-b693-8e5c043377f1,$100-200
2019-10-18 03:30:49+00:00,purchase,26300094,2.0530135635842836e+18,unknown,lucente,562.69,527035204,e51dc69a-f58f-40bd-9254-291d70cffe7f,$500-1000
2019-10-18 03:43:14+00:00,purchase,1004659,2.0530135556318828e+18,electronics.smartphone,samsung,728.33,527035204,66281d9c-c8a0-4229-b8c3-ecebc55d36aa,$500-1000
2019-10-18 03:52:22+00:00,purchase,1004833,2.0530135556318828e+18,electronics.smartphone,samsung,172.14,548398833,c40acd49-88c8-4182-abd6-c84e44b48aa2,$100-200
2019-10-18 04:02:31+00:00,purchase,12711986,2.0530135535598963e+18,unknown,triangle,39.38,553905965,e364d908-a393-4991-ba74-733ef580caad,<$50
2019-10-18 04:15:24+00:00,purchase,5100337,2.0530135533417925e+18,electronics.clocks,apple,321.5,518674700,c83c114a-f51d-4dc2-92d7-823aee4daf8c,$200-500
2019-10-18 04:17:48+00:00,purchase,1004739,2.0530135556318828e+18,electronics.smartphone,xiaomi,193.0,516651834,b928360e-3f64-4023-a5fd-2157f73d513b,$100-200
2019-10-18 04:18:22+00:00,purchase,9002788,2.053013553140466e+18,kids.toys,bestoy,56.63,518674700,c83c114a-f51d-4dc2-92d7-823aee4daf8c,$50-100
2019-10-18 04:20:37+00:00,purchase,1004741,2.0530135556318828e+18,electronics.smartphone,xiaomi,190.22,550513762,09d4ca49-35a0-4fe2-b902-6aae0873a517,$100-200
2019-10-18 04:23:00+00:00,purchase,13103867,2.053013553526342e+18,unknown,trebl,55.6,528170676,e324bcc9-c3f7-4605-b3f8-6995ea5e5e92,$50-100
2019-10-18 04:23:36+00:00,purchase,26500141,2.053013563550729e+18,unknown,lucente,186.11,524281048,8ea281cf-2e3f-4530-8cb4-63b591412d10,$100-200
2019-10-18 04:26:40+00:00,purchase,1800944,2.0530135544155343e+18,electronics.video.tv,sony,539.26,524281048,8ea281cf-2e3f-4530-8cb4-63b591412d10,$500-1000
2019-10-18 04:33:21+00:00,purchase,6100080,2.0530135608663744e+18,auto.accessories.radar,whistler,48.91,544167925,655b0fc4-7ba1-4274-8d30-b7df1ef54119,<$50
2019-10-18 04:37:36+00:00,purchase,12708223,2.0530135535598963e+18,unknown,cordiant,330.77,561143258,24a1616d-8dcf-4e85-a663-a519261f28fa,$200-500
2019-10-18 05:12:49+00:00,purchase,1004210,2.0530135556318828e+18,electronics.smartphone,samsung,88.55,522257627,1d224256-e205-423a-a5a9-e13f6e56b108,$50-100
2019-10-18 05:18:28+00:00,purchase,26300187,2.0530135635842836e+18,unknown,lucente,646.61,560102652,cd68998b-9f3b-4b57-ba25-9a3aad717f19,$500-1000
2019-10-18 05:24:21+00:00,purchase,1004210,2.0530135556318828e+18,electronics.smartphone,samsung,88.55,522257627,1a728e27-0c75-4db7-a939-73fab8fd268d,$50-100
2019-10-18 05:27:55+00:00,purchase,2700609,2.053013563911439e+18,appliances.kitchen.refrigerators,indesit,314.01,513670477,76ebddc9-0fe5-42e9-aee6-d21ff0197f10,$200-500
2019-10-18 05:31:43+00:00,purchase,12711107,2.0530135535598963e+18,unknown,cordiant,38.35,539026084,68b3e7a6-fd25-48f4-bad6-d35f11a80879,<$50
2019-10-18 05:35:08+00:00,purchase,1005160,2.0530135556318828e+18,electronics.smartphone,xiaomi,225.18,561430706,a180147d-92ef-4a93-84c0-a6eb0cd2387e,$200-500
2019-10-18 05:40:24+00:00,purchase,6100098,2.0530135608663744e+18,auto.accessories.radar,ibox,61.76,544167925,64841617-4b0c-43af-a320-cc8fa0a4e231,$50-100
2019-10-18 05:55:21+00:00,purchase,5100771,2.053013553375347e+18,unknown,xiaomi,76.94,532589230,7be7d0f5-65c8-4132-9fa6-b2b65a706f03,$50-100
2019-10-18 05:56:12+00:00,purchase,1005099,2.0530135556318828e+18,electronics.smartphone,samsung,143.24,546343937,cc03f93c-0198-4d48-8af0-f5187604b4ea,$100-200
2019-10-18 06:03:53+00:00,purchase,9200259,2.0530135529139732e+18,computers.peripherals.keyboard,delux,35.72,556287026,fd3e5f95-8b5b-4668-a8af-2f5afc2dd75b,<$50
2019-10-18 06:26:21+00:00,purchase,13103867,2.053013553526342e+18,unknown,trebl,55.6,528170676,4093f9b8-7279-4393-bc33-9f59c34cf1f4,$50-100
2019-10-18 06:40:01+00:00,purchase,26201166,2.0530135636933356e+18,unknown,lucente,76.45,561443535,253ab05e-f915-4811-a7cd-3be892f1f0f3,$50-100
2019-10-18 06:42:54+00:00,purchase,1004767,2.0530135556318828e+18,electronics.smartphone,samsung,250.12,561450341,88bf8542-f312-4118-a0eb-bfe4a682dc8d,$200-500
2019-10-18 06:49:43+00:00,purchase,1004767,2.0530135556318828e+18,electronics.smartphone,samsung,250.12,529033056,3d7409ce-4dc8-4a26-9b8e-134e14dfc0ab,$200-500
2019-10-18 06:50:15+00:00,purchase,5300763,2.0530135631732416e+18,unknown,vitek,12.61,535557395,d3e4092b-897d-4f03-8f15-1c64b421ea01,<$50
2019-10-18 06:57:17+00:00,purchase,9200607,2.0530135529139732e+18,computers.peripherals.keyboard,defender,9.24,517654771,ad4a9600-b1a3-4661-959d-8998d02688e3,<$50
2019-10-18 07:03:24+00:00,purchase,13100083,2.053013553526342e+18,unknown,skad,223.94,551059599,d606c385-60f7-4e38-a4b6-a5c76a9b5eb4,$200-500
2019-10-18 07:36:56+00:00,purchase,1005217,2.0530135556318828e+18,electronics.smartphone,xiaomi,158.31,551305097,2e007208-3da7-4308-8d30-25ae989b0e80,$100-200
2019-10-18 07:38:22+00:00,purchase,3801134,2.0530135661763635e+18,appliances.iron,elenberg,16.47,516610377,16f48529-47f6-4fb0-b143-8e74874661bc,<$50
2019-10-18 07:40:13+00:00,purchase,1004209,2.0530135556318828e+18,electronics.smartphone,samsung,88.8,542913316,5a1582a4-38bf-41f4-be00-bfd37be3b69e,$50-100
2019-10-18 07:42:40+00:00,purchase,3700748,2.0530135659834253e+18,appliances.environment.vacuum,samsung,99.74,534850580,99146c4a-2791-497e-9525-dd8ad7ddb22d,$50-100
2019-10-18 07:52:30+00:00,purchase,12711602,2.0530135535598963e+18,unknown,triangle,74.65,516332257,d149e2cb-ec3e-4110-9408-2c00fa365bd4,$50-100
2019-10-18 07:57:27+00:00,purchase,2401260,2.053013563743667e+18,appliances.kitchen.hood,hansa,51.2,534440867,5d671b04-7ec0-41a4-95f6-14fa97d21b39,$50-100
2019-10-18 07:58:12+00:00,purchase,5100816,2.053013553375347e+18,unknown,xiaomi,29.08,543023732,674de02a-d5f2-4f67-ba7b-dfc1d409d598,<$50
2019-10-18 07:59:06+00:00,purchase,1004708,2.0530135556318828e+18,electronics.smartphone,huawei,153.99,561471224,a2f27dba-b593-481e-9c24-7509407bd4f2,$100-200
2019-10-18 08:26:45+00:00,purchase,16500004,2.053013556462355e+18,unknown,omron,57.97,512600817,2070c343-0d0d-4933-b0df-4f9ba792e108,$50-100
2019-10-18 08:31:54+00:00,purchase,1004768,2.0530135556318828e+18,electronics.smartphone,samsung,250.4,561450341,8dae1d31-db02-4310-9c9f-6e5128c2f667,$200-500
2019-10-18 08:38:21+00:00,purchase,12719617,2.0530135535598963e+18,unknown,maxtrek,53.28,545489414,36d84346-0d17-0e25-bece-131654e5502f,$50-100
2019-10-18 08:47:11+00:00,purchase,5300453,2.0530135631732416e+18,unknown,rowenta,54.03,515925345,31e09505-3636-48c6-9adf-f52f3cc397a7,$50-100
2019-10-18 08:55:10+00:00,purchase,1004250,2.0530135556318828e+18,electronics.smartphone,apple,797.19,513849949,5769b5b2-abae-4646-80f0-e45cab0b801b,$500-1000
2019-10-18 08:57:15+00:00,purchase,5801482,2.0530135539457723e+18,electronics.audio.subwoofer,pioneer,48.39,557002336,0c6b86cc-7b32-44de-8790-64667e4feea3,<$50
2019-10-18 09:11:53+00:00,purchase,2701286,2.053013563911439e+18,appliances.kitchen.refrigerators,samsung,630.62,513330380,0041cde1-77a9-44d8-8d2e-c7d419a2baf1,$500-1000
2019-10-18 09:49:44+00:00,purchase,1004961,2.0530135556318828e+18,electronics.smartphone,oppo,154.19,513027571,c0830ade-f903-4291-bd61-828b1ae4883c,$100-200
2019-10-18 10:25:11+00:00,purchase,1005115,2.0530135556318828e+18,electronics.smartphone,apple,1003.6,542998674,e312e7fd-79fd-41c9-88c1-fe8c4d220e6e,>$1000
2019-10-18 10:32:07+00:00,purchase,1004836,2.0530135556318828e+18,electronics.smartphone,samsung,229.22,546771421,804ed90c-54f2-4160-8044-8b69b034aaa6,$200-500
2019-10-18 10:35:33+00:00,purchase,1003310,2.0530135556318828e+18,electronics.smartphone,apple,696.29,519967953,c6a7d15e-d8c8-4570-b4e2-3c83ef910edf,$500-1000
2019-10-18 10:38:22+00:00,purchase,3500299,2.0530135552879496e+18,unknown,kitfort,291.78,519967953,c6a7d15e-d8c8-4570-b4e2-3c83ef910edf,$200-500
2019-10-18 10:52:58+00:00,purchase,1005105,2.0530135556318828e+18,electronics.smartphone,apple,1418.05,538772934,3ecf98fd-3f32-4980-ad9c-fdf086ae51e5,>$1000
2019-10-18 10:54:16+00:00,purchase,1005105,2.0530135556318828e+18,electronics.smartphone,apple,1418.05,538772934,3ecf98fd-3f32-4980-ad9c-fdf086ae51e5,>$1000
2019-10-18 10:56:04+00:00,purchase,1004856,2.0530135556318828e+18,electronics.smartphone,samsung,131.53,553845980,a7e57022-12f5-4ee7-bb9d-897f32e39d42,$100-200
2019-10-18 10:56:35+00:00,purchase,1004839,2.0530135556318828e+18,electronics.smartphone,oppo,154.19,514185889,32989c1f-94e8-422d-b6f3-812314919b36,$100-200
2019-10-18 10:59:05+00:00,purchase,1004856,2.0530135556318828e+18,electronics.smartphone,samsung,131.53,512402349,a8980744-a1e4-449c-b9f9-247460c4654f,$100-200
2019-10-18 11:58:02+00:00,purchase,7006060,2.0530135603462807e+18,kids.carriage,bertoni,176.06,512372445,953026fe-4ee0-4ceb-b0dc-5052fe82e46c,$100-200
2019-10-18 11:58:24+00:00,purchase,30000237,2.127425436764865e+18,construction.tools.welding,hyundai,78.25,560903472,145d78d8-5c57-42c1-afbb-0f89357ad4df,$50-100
2019-10-18 11:58:44+00:00,purchase,15900044,2.053013558190408e+18,unknown,tefal,24.43,513818673,9343ba85-478c-4e89-8704-d4d8936a33bd,<$50
2019-10-18 12:07:32+00:00,purchase,1005099,2.0530135556318828e+18,electronics.smartphone,samsung,143.12,512372445,953026fe-4ee0-4ceb-b0dc-5052fe82e46c,$100-200
2019-10-18 12:12:58+00:00,purchase,1004708,2.0530135556318828e+18,electronics.smartphone,huawei,153.99,555193131,2539d36d-f880-4080-8797-482d6c4d15cc,$100-200
2019-10-18 12:20:41+00:00,purchase,2701779,2.053013563911439e+18,appliances.kitchen.refrigerators,samsung,1518.67,516204740,124298f7-29ee-46d5-87f4-2a0665ad216e,>$1000
2019-10-18 12:27:19+00:00,purchase,1004767,2.0530135556318828e+18,electronics.smartphone,samsung,249.86,515835821,a4cb174a-faa5-4207-b4f5-eda998016d13,$200-500
2019-10-18 12:47:48+00:00,purchase,4804295,2.053013554658804e+18,electronics.audio.headphone,xiaomi,22.95,515479771,5fab11a2-84b2-4731-8b2d-3217867c9f97,<$50
2019-10-18 13:09:43+00:00,purchase,4804295,2.053013554658804e+18,electronics.audio.headphone,xiaomi,22.95,515479771,75078c50-07ae-436f-b4ed-3342c885ed6f,<$50
2019-10-18 13:22:59+00:00,purchase,1801881,2.0530135544155343e+18,electronics.video.tv,samsung,493.93,555193131,c8582edf-92bc-48ab-b625-d88ec3e328a7,$200-500
2019-10-18 13:33:10+00:00,purchase,1005105,2.0530135556318828e+18,electronics.smartphone,apple,1418.05,561578185,baff3ebc-55a9-44bb-8784-a4e9f0a4cc6a,>$1000
2019-10-18 14:55:04+00:00,purchase,1004683,2.0530135556318828e+18,electronics.smartphone,bq,40.13,516780905,6785f054-e49b-4a42-be1d-13f2df4daad7,<$50
2019-10-18 15:01:48+00:00,purchase,26404196,2.0530135636513925e+18,unknown,,174.36,537812466,2aa6d7b7-d54f-482f-b9f8-dd6a9c52f3d0,$100-200
2019-10-18 15:07:47+00:00,purchase,1004958,2.0530135556318828e+18,electronics.smartphone,xiaomi,331.54,561595204,ae7cc909-a25b-45f8-b875-750ec3e69177,$200-500
2019-10-18 15:37:50+00:00,purchase,9300037,2.0530135545245865e+18,unknown,lg,187.15,550800857,72fad4d5-9a99-4c7d-b1ed-7679a25b008a,$100-200
2019-10-18 15:43:40+00:00,purchase,1004870,2.0530135556318828e+18,electronics.smartphone,samsung,286.22,536125744,5b442d06-7e3f-4abf-9936-77af69937d6f,$200-500
2019-10-18 16:13:45+00:00,purchase,6301402,2.0530135548349647e+18,appliances.kitchen.kettle,willmark,7.7,561631126,3d497d8a-5204-4fb1-a142-0d44b5b02427,<$50
2019-10-18 16:16:58+00:00,purchase,7101466,2.0530135554641103e+18,furniture.bedroom.bed,,41.16,519420908,957551c2-dc17-4949-2fdf-a41a38d3eefc,<$50
2019-10-18 16:26:06+00:00,purchase,1005121,2.0530135556318828e+18,electronics.smartphone,apple,1003.62,526997794,ef9efc2c-6ce3-4a37-9e8e-9c6ee02e252a,>$1000
2019-10-18 16:27:14+00:00,purchase,1005121,2.0530135556318828e+18,electronics.smartphone,apple,1003.62,526997794,ef9efc2c-6ce3-4a37-9e8e-9c6ee02e252a,>$1000
2019-10-18 16:27:48+00:00,purchase,1005121,2.0530135556318828e+18,electronics.smartphone,apple,1003.62,526997794,ef9efc2c-6ce3-4a37-9e8e-9c6ee02e252a,>$1000
2019-10-18 16:29:23+00:00,purchase,5301398,2.0530135631732416e+18,unknown,elenberg,10.27,523591415,a8c06626-84ef-435a-87bc-5cb25f956b2f,<$50
2019-10-18 16:36:09+00:00,purchase,1002544,2.0530135556318828e+18,electronics.smartphone,apple,460.05,559524784,db4499f4-caeb-4022-81f0-471097b18169,$200-500
2019-10-18 16:38:07+00:00,purchase,8000292,2.0530135565797957e+18,unknown,bertoni,44.02,519420908,957551c2-dc17-4949-2fdf-a41a38d3eefc,<$50
2019-10-18 16:38:27+00:00,purchase,2900536,2.0530135547762445e+18,appliances.kitchen.microwave,elenberg,51.46,516439927,aa6a0418-065c-440d-a956-52dd74a0d4ad,$50-100
2019-10-18 16:38:42+00:00,purchase,1002633,2.0530135556318828e+18,electronics.smartphone,apple,358.57,559524784,db4499f4-caeb-4022-81f0-471097b18169,$200-500
2019-10-18 16:40:26+00:00,purchase,28708392,2.0530135650690675e+18,apparel.shoes.keds,strobbs,31.92,559524784,db4499f4-caeb-4022-81f0-471097b18169,<$50
2019-10-18 16:50:05+00:00,purchase,8902043,2.0530135530901345e+18,kids.toys,ladida,28.31,519420908,957551c2-dc17-4949-2fdf-a41a38d3eefc,<$50
2019-10-18 17:07:04+00:00,purchase,12600037,2.053013554751079e+18,appliances.kitchen.grill,redmond,87.44,514611511,012ad1a8-2882-4efb-b63a-58841f216c8d,$50-100
2019-10-18 17:09:37+00:00,purchase,10800076,2.0530135549943483e+18,unknown,redmond,53.77,514611511,012ad1a8-2882-4efb-b63a-58841f216c8d,$50-100
2019-10-18 17:18:07+00:00,purchase,22600004,2.165087460176953e+18,auto.accessories.compressor,berkut,307.6,512929771,983f9919-3244-430e-abc0-d8362a104453,$200-500
2019-10-18 17:43:52+00:00,purchase,2700609,2.053013563911439e+18,appliances.kitchen.refrigerators,indesit,314.01,513670477,6dbd1214-2a6d-4166-b50a-8cc0933442e3,$200-500
2019-10-18 17:46:00+00:00,purchase,1004767,2.0530135556318828e+18,electronics.smartphone,samsung,249.86,513670477,07875ce1-a88d-4f02-91b6-c83d184dd930,$200-500
2019-10-18 17:46:41+00:00,purchase,1005116,2.0530135556318828e+18,electronics.smartphone,apple,1088.57,516727355,d55f179b-7d70-4f7d-b77f-da018da49691,>$1000
2019-10-18 17:48:12+00:00,purchase,5100562,2.0530135533417925e+18,electronics.clocks,apple,295.75,561337725,e66cf4b9-e44e-43b5-9e40-ce09d8c230ba,$200-500
2019-10-18 17:48:29+00:00,purchase,3700926,2.0530135659834253e+18,appliances.environment.vacuum,samsung,64.02,513670477,99bfb2c8-c4ea-4233-bbdc-391f2dd72c69,$50-100
2019-10-18 17:52:29+00:00,purchase,22700129,2.0530135561687537e+18,unknown,stels,68.99,523218666,841ed304-2585-4502-b059-29583e1fcd94,$50-100
2019-10-18 18:59:58+00:00,purchase,30100041,2.0530135561100332e+18,unknown,,23.4,529445017,4efdeae2-9dd0-4c57-8110-8baae49c823a,<$50
2019-10-18 20:00:19+00:00,purchase,1004838,2.0530135556318828e+18,electronics.smartphone,oppo,154.19,557976643,4b6587ae-3411-4f81-92b1-77f49a04db3d,$100-200
2019-10-18 21:06:47+00:00,purchase,1201247,2.172371436436456e+18,electronics.tablet,prestigio,51.2,519543524,5d7afead-7103-46fd-9852-e4b013c6a3e0,$50-100
2019-10-19 00:52:39+00:00,purchase,4100126,2.053013561218696e+18,unknown,sony,331.54,512364781,97949441-a8ff-402f-ab0e-33c1fc907a0c,$200-500
2019-10-19 02:47:52+00:00,purchase,1002544,2.0530135556318828e+18,electronics.smartphone,apple,460.05,531672396,14acf217-01c2-444c-81a5-08fd3afd8267,$200-500
2019-10-19 03:11:07+00:00,purchase,1005203,2.0530135556318828e+18,electronics.smartphone,xiaomi,116.61,518338502,6ddf49c8-6ee9-491f-9473-6bc0806adab0,$100-200
2019-10-19 03:38:21+00:00,purchase,1005100,2.0530135556318828e+18,electronics.smartphone,samsung,143.12,559673568,b9c533e0-525f-47b1-99f5-c3d21b622443,$100-200
2019-10-19 03:56:04+00:00,purchase,12707250,2.0530135535598963e+18,unknown,michelin,96.53,519138451,cf0f21c6-b6e0-4ed5-bb74-bff2c63971c6,$50-100
2019-10-19 03:58:00+00:00,purchase,1004833,2.0530135556318828e+18,electronics.smartphone,samsung,172.14,548007785,3cf193d4-876a-4ca1-a89f-7309d2c355d8,$100-200
2019-10-19 04:36:47+00:00,purchase,4700589,2.0530135608999288e+18,auto.accessories.videoregister,xiaomi,71.56,560132689,2e8295aa-ec6e-4c90-ae7a-b6edfe820561,$50-100
2019-10-19 04:38:41+00:00,purchase,26401412,2.0530135636513925e+18,unknown,lucente,170.4,517987958,93145768-d440-41ab-b2a0-c11d0b48fab4,$100-200
2019-10-19 04:52:56+00:00,purchase,2601779,2.0530135639701596e+18,unknown,artel,174.78,517987958,471b4c65-525f-4dbe-925c-443929c2dff2,$100-200
2019-10-19 04:58:28+00:00,purchase,1005143,2.0530135556318828e+18,electronics.smartphone,apple,1558.6,522104793,53487194-4cf0-428d-a123-728531100bda,>$1000
2019-10-19 05:10:44+00:00,purchase,13103867,2.053013553526342e+18,unknown,trebl,55.6,528170676,c7b513de-e05c-4e7d-b9f7-31fb90f425a0,$50-100
2019-10-19 05:12:13+00:00,purchase,1801960,2.0530135544155343e+18,electronics.video.tv,haier,360.34,517987958,9973640e-b5b7-452a-82ed-d1323d498753,$200-500
2019-10-19 05:38:16+00:00,purchase,3100640,2.053013555262784e+18,appliances.kitchen.blender,redmond,51.22,521454939,866eb324-9600-4fc4-94e3-d9c7f4b6bf3d,$50-100
2019-10-19 05:51:08+00:00,purchase,1004873,2.0530135556318828e+18,electronics.smartphone,samsung,374.72,561088767,bbf5a1f3-5ce8-431a-bd38-1dc8146217c7,$200-500
2019-10-19 05:54:34+00:00,purchase,1801699,2.0530135544155343e+18,electronics.video.tv,haier,180.16,513008933,cadf6d1f-7152-4b19-aac5-930df4d66a68,$100-200
2019-10-19 05:56:24+00:00,purchase,1005144,2.0530135556318828e+18,electronics.smartphone,apple,1735.63,519208794,3811fa3a-bfae-462a-9f6a-397a4acd0177,>$1000
2019-10-19 06:03:14+00:00,purchase,1005244,2.0530135556318828e+18,electronics.smartphone,vivo,463.31,561785082,eb6a3965-57a6-4204-a235-6728b27f1f36,$200-500
2019-10-19 06:27:50+00:00,purchase,1004665,2.0530135556318828e+18,electronics.smartphone,samsung,854.85,512975257,dc251fcf-8b0d-4c29-a94e-652e254e004e,$500-1000
2019-10-19 06:30:26+00:00,purchase,17800521,2.05301355986813e+18,computers.desktop,zeta,48.78,519229425,db6b44db-4c88-40fa-9a1d-07e7d1388aa7,<$50
2019-10-19 06:34:29+00:00,purchase,53300006,2.1413550683838228e+18,unknown,perilla,25.71,518413471,0cbfd137-e5d5-49b8-b48e-5fe2556dd66f,<$50
2019-10-19 06:35:10+00:00,purchase,3700278,2.0530135659834253e+18,appliances.environment.vacuum,samsung,69.47,541431085,4f767c2d-7212-464c-9f0e-880dbebd7f20,$50-100
2019-10-19 06:42:05+00:00,purchase,1307410,2.053013558920217e+18,computers.notebook,dell,1683.42,512760019,03dce7a2-71df-4e28-afc8-d7332a072492,>$1000
2019-10-19 06:56:06+00:00,purchase,12702804,2.0530135535598963e+18,unknown,cordiant,43.5,540272176,af81388c-b2df-49f0-aac5-8ff0500361fd,<$50
2019-10-19 06:57:36+00:00,purchase,12702804,2.0530135535598963e+18,unknown,cordiant,43.5,540272176,af81388c-b2df-49f0-aac5-8ff0500361fd,<$50
2019-10-19 07:10:29+00:00,purchase,2800473,2.0530135638359416e+18,appliances.kitchen.refrigerators,dauscher,160.06,526992024,d0691846-af90-443b-b143-a0fa31a8c51b,$100-200
2019-10-19 07:12:00+00:00,purchase,4804295,2.053013554658804e+18,electronics.audio.headphone,xiaomi,22.95,515479771,3da8a239-666f-41da-a9e4-a8c73b38857d,<$50
2019-10-19 07:13:49+00:00,purchase,26300651,2.0530135635842836e+18,unknown,,292.67,561797045,aec68cdb-6280-4438-bc2a-0e9d4d2cb528,$200-500
2019-10-19 07:21:11+00:00,purchase,11000190,2.0530135549607936e+18,appliances.kitchen.toster,maxwell,19.02,559248915,01f28195-969e-40a8-8569-37ce8b84ee1b,<$50
2019-10-19 07:24:00+00:00,purchase,1005205,2.0530135556318828e+18,electronics.smartphone,oppo,256.89,514532779,460248f6-fb58-4c8a-b8f4-8d4d604b897f,$200-500
2019-10-19 07:36:54+00:00,purchase,1004957,2.0530135556318828e+18,electronics.smartphone,xiaomi,331.54,520221456,b7d69275-27f9-4027-af38-2877497fc2c1,$200-500
2019-10-19 07:37:42+00:00,purchase,1004768,2.0530135556318828e+18,electronics.smartphone,samsung,250.38,514531823,5e54ea06-2734-472a-ab4b-c7b6d68664e8,$200-500
2019-10-19 07:41:17+00:00,purchase,1004709,2.0530135556318828e+18,electronics.smartphone,huawei,153.4,512550965,a611fa1a-c9e4-4f75-b90d-00d9a909cdee,$100-200
2019-10-19 07:50:28+00:00,purchase,1004227,2.0530135556318828e+18,electronics.smartphone,apple,1003.37,515136860,e2331459-6a2a-408d-912f-a933e14d6cb2,>$1000
2019-10-19 07:59:54+00:00,purchase,13100734,2.053013553526342e+18,unknown,skad,176.43,559368633,782e6bfb-0d56-44a7-afc3-12395fbc8f79,$100-200
2019-10-19 08:04:36+00:00,purchase,5000489,2.053013566100866e+18,appliances.sewing_machine,janome,270.25,521879777,f986f470-10c2-45ff-8b9e-a782c03303eb,$200-500
2019-10-19 08:12:07+00:00,purchase,1004739,2.0530135556318828e+18,electronics.smartphone,xiaomi,189.71,514355755,07b59332-024f-477f-8e3a-e9138c951076,$100-200
2019-10-19 08:13:13+00:00,purchase,1004227,2.0530135556318828e+18,electronics.smartphone,apple,1003.37,515136860,ccd8e83e-2910-42c2-bd09-7bfc191677e8,>$1000
2019-10-19 08:13:53+00:00,purchase,1004767,2.0530135556318828e+18,electronics.smartphone,samsung,249.86,561131175,e25922cc-2f20-4bad-8621-196ce5c37b3d,$200-500
2019-10-19 08:15:02+00:00,purchase,1004767,2.0530135556318828e+18,electronics.smartphone,samsung,249.86,561131175,e25922cc-2f20-4bad-8621-196ce5c37b3d,$200-500
2019-10-19 08:15:35+00:00,purchase,1003310,2.0530135556318828e+18,electronics.smartphone,apple,696.29,519967953,52f07eb2-542b-4f09-b14a-75384f7f167d,$500-1000
2019-10-19 08:15:49+00:00,purchase,1004767,2.0530135556318828e+18,electronics.smartphone,samsung,249.86,561131175,e25922cc-2f20-4bad-8621-196ce5c37b3d,$200-500
2019-10-19 08:18:38+00:00,purchase,1004250,2.0530135556318828e+18,electronics.smartphone,apple,795.84,555025738,93369431-3386-42e8-8084-5342eb60e766,$500-1000
2019-10-19 08:18:42+00:00,purchase,1004870,2.0530135556318828e+18,electronics.smartphone,samsung,286.22,560080573,7f06f87e-7165-4ea7-b986-9008fd17c9d9,$200-500
2019-10-19 08:19:54+00:00,purchase,26800072,2.0530135646412485e+18,unknown,,247.88,519967953,19f6d71f-29ad-4c02-b4e0-d119f31248b5,$200-500
2019-10-19 08:21:15+00:00,purchase,28720426,2.0530135656394929e+18,apparel.shoes,baden,62.81,512880246,f011588d-f35b-431b-9a16-da87e1a4a66d,$50-100
2019-10-19 08:21:26+00:00,purchase,1004659,2.0530135556318828e+18,electronics.smartphone,samsung,727.69,515136860,ccd8e83e-2910-42c2-bd09-7bfc191677e8,$500-1000
2019-10-19 08:23:41+00:00,purchase,1004767,2.0530135556318828e+18,electronics.smartphone,samsung,249.86,561131175,e25922cc-2f20-4bad-8621-196ce5c37b3d,$200-500
2019-10-19 08:24:21+00:00,purchase,1005168,2.0530135556318828e+18,electronics.smartphone,samsung,220.26,548440133,3ff40033-1004-432a-ae01-716d471fda3a,$200-500
2019-10-19 08:28:18+00:00,purchase,1004661,2.0530135556318828e+18,electronics.smartphone,samsung,885.4,522104793,5c65fd1f-a3d9-4687-b78e-4759932d89b7,$500-1000
2019-10-19 08:33:31+00:00,purchase,1801766,2.0530135544155343e+18,electronics.video.tv,artel,149.99,514631489,f018392b-a4fc-40c9-a5fb-af8506801229,$100-200
2019-10-19 08:40:19+00:00,purchase,1004247,2.0530135556318828e+18,electronics.smartphone,apple,804.37,522104793,5c65fd1f-a3d9-4687-b78e-4759932d89b7,$500-1000
2019-10-19 08:41:52+00:00,purchase,1801766,2.0530135544155343e+18,electronics.video.tv,artel,149.99,514631489,b242a55b-8967-4763-9f4c-246b0e5b7857,$100-200
2019-10-19 08:46:19+00:00,purchase,12708390,2.0530135535598963e+18,unknown,goodyear,73.36,547627611,5fa45928-815d-480c-8da5-c4decfa2793e,$50-100
2019-10-19 08:55:34+00:00,purchase,1005101,2.0530135556318828e+18,electronics.smartphone,xiaomi,433.18,512769779,9555e8b6-7a6d-437f-a324-859bbf48f4cc,$200-500
2019-10-19 09:07:58+00:00,purchase,12711107,2.0530135535598963e+18,unknown,cordiant,38.35,518797244,03997e6f-86ab-449a-85dc-001bde3662cb,<$50
2019-10-19 09:09:50+00:00,purchase,1005105,2.0530135556318828e+18,electronics.smartphone,apple,1418.05,545769281,a3c506ac-6493-4f15-a10d-911243d09d25,>$1000
2019-10-19 09:15:16+00:00,purchase,1005112,2.0530135556318828e+18,electronics.smartphone,apple,1003.63,518142894,f423f296-5f88-46ab-9568-062ba898a892,>$1000
2019-10-19 09:20:45+00:00,purchase,1005112,2.0530135556318828e+18,electronics.smartphone,apple,1003.63,559061844,a23aeae9-72df-40e9-961e-4f01357f8858,>$1000
2019-10-19 09:22:05+00:00,purchase,1005112,2.0530135556318828e+18,electronics.smartphone,apple,1003.63,559061844,a23aeae9-72df-40e9-961e-4f01357f8858,>$1000
2019-10-19 09:31:45+00:00,purchase,1004870,2.0530135556318828e+18,electronics.smartphone,samsung,286.22,525921810,a620fce3-4d52-47a6-a2dc-914d1e47ca1f,$200-500
2019-10-19 09:45:04+00:00,purchase,1005116,2.0530135556318828e+18,electronics.smartphone,apple,1088.57,516910561,20132354-af61-4ba9-b865-ab161c9c8557,>$1000
2019-10-19 09:53:20+00:00,purchase,1005160,2.0530135556318828e+18,electronics.smartphone,xiaomi,225.13,514129259,5ecc3b01-a6a2-4ecc-b2c4-483e25505bf1,$200-500
2019-10-19 09:53:38+00:00,purchase,1004741,2.0530135556318828e+18,electronics.smartphone,xiaomi,190.22,518265678,7340cdc6-a520-4877-9b86-55e75cb6a910,$100-200
2019-10-19 10:13:33+00:00,purchase,5100816,2.053013553375347e+18,unknown,xiaomi,28.95,555584705,a92168f4-eb15-43b2-9e2d-e61cd166947c,<$50
2019-10-19 10:20:18+00:00,purchase,3700756,2.0530135659834253e+18,appliances.environment.vacuum,samsung,110.66,536452734,3bab10c9-0346-4349-89a3-952b776c0a72,$100-200
2019-10-19 10:20:34+00:00,purchase,5100817,2.053013553375347e+18,unknown,samsung,50.45,555584705,dcfc320b-af0b-48ec-8a6e-379232634a5a,$50-100
2019-10-19 10:25:36+00:00,purchase,1004870,2.0530135556318828e+18,electronics.smartphone,samsung,286.22,525921810,64dbb007-96e6-4e05-9c8d-e1d232f4fee3,$200-500
2019-10-19 10:26:08+00:00,purchase,8500143,2.053013552259662e+18,unknown,navien,813.04,514287438,fe6b5e13-0b5b-4276-9701-6cbf1927da4b,$500-1000
2019-10-19 10:26:34+00:00,purchase,1004767,2.0530135556318828e+18,electronics.smartphone,samsung,249.86,525921810,64dbb007-96e6-4e05-9c8d-e1d232f4fee3,$200-500
2019-10-19 10:27:41+00:00,purchase,1004856,2.0530135556318828e+18,electronics.smartphone,samsung,131.53,525921810,64dbb007-96e6-4e05-9c8d-e1d232f4fee3,$100-200
2019-10-19 10:34:18+00:00,purchase,1004833,2.0530135556318828e+18,electronics.smartphone,samsung,172.14,519334837,f77c12e9-4fb1-4913-b82d-6201656340cf,$100-200
2019-10-19 10:49:16+00:00,purchase,5100817,2.053013553375347e+18,unknown,samsung,50.45,555584705,d8e5b1c4-2ce8-40e2-a819-269b7cab2906,$50-100
2019-10-19 11:09:14+00:00,purchase,1005098,2.0530135556318828e+18,electronics.smartphone,samsung,143.12,513689286,7d2fec9d-2fa0-45f3-908f-79dbf850a903,$100-200
2019-10-19 11:09:29+00:00,purchase,1801929,2.0530135544155343e+18,electronics.video.tv,samsung,559.96,545325320,3326ba48-6af3-40f3-bb72-239cb0db1de9,$500-1000
2019-10-19 11:18:03+00:00,purchase,1004873,2.0530135556318828e+18,electronics.smartphone,samsung,374.72,542098789,59b59e61-eba3-4042-a720-590451fbcb21,$200-500
2019-10-19 11:22:26+00:00,purchase,1004856,2.0530135556318828e+18,electronics.smartphone,samsung,131.53,525921810,36056562-1726-4974-bad1-7b35a4716660,$100-200
2019-10-19 11:25:44+00:00,purchase,52900141,2.139150089359196e+18,accessories.bag,stanley,30.38,513315287,7e238812-f71a-43fb-8ed4-54d65a9b87a2,<$50
2019-10-19 11:38:38+00:00,purchase,28101487,2.0530135649180723e+18,unknown,milat,85.97,524961020,657809d3-677c-4e86-9478-2360fdb95739,$50-100
2019-10-19 11:52:49+00:00,purchase,12600018,2.053013554751079e+18,appliances.kitchen.grill,delonghi,386.08,519967953,84a6434a-faa9-4703-9afd-111ad456bd96,$200-500
2019-10-19 12:01:37+00:00,purchase,9200765,2.0530135529139732e+18,computers.peripherals.keyboard,,5.12,552385388,13107c28-264e-455b-a1e0-c6473f9d32f6,<$50
2019-10-19 12:18:07+00:00,purchase,16800177,2.0530135583162373e+18,furniture.kitchen.table,,153.16,514997951,02632fa5-1d99-4785-a85a-7fd094d3d2bc,$100-200
2019-10-19 12:31:12+00:00,purchase,26204318,2.0530135636933356e+18,unknown,,91.89,548929578,000dc6a2-709a-44e1-9e81-a6669d66a08f,$50-100
2019-10-19 13:36:37+00:00,purchase,1004709,2.0530135556318828e+18,electronics.smartphone,huawei,153.4,520361921,2feb4ed2-4b77-4d85-a7cb-4192acb92f4a,$100-200
2019-10-19 13:47:11+00:00,purchase,1003316,2.0530135556318828e+18,electronics.smartphone,apple,931.52,534615225,c2e6786a-8cd9-4a19-837b-25609af7f2c4,$500-1000
2019-10-19 13:49:06+00:00,purchase,1002524,2.0530135556318828e+18,electronics.smartphone,apple,534.04,549172153,20c0ceeb-884f-4ea3-a9e9-846b47a9e2f2,$500-1000
2019-10-19 13:49:44+00:00,purchase,1801963,2.0530135544155343e+18,electronics.video.tv,philips,334.6,515816160,c110d12f-c822-487a-a584-373e608e1e28,$200-500
2019-10-19 13:52:11+00:00,purchase,31500157,2.053013558031025e+18,unknown,luminarc,51.46,549172153,20c0ceeb-884f-4ea3-a9e9-846b47a9e2f2,$50-100
2019-10-19 13:54:47+00:00,purchase,1002524,2.0530135556318828e+18,electronics.smartphone,apple,534.04,549172153,20c0ceeb-884f-4ea3-a9e9-846b47a9e2f2,$500-1000
2019-10-19 13:55:48+00:00,purchase,3900002,2.053013552326771e+18,appliances.environment.water_heater,ariston,103.29,514506036,585bdd47-7066-4683-9338-1a0fef03ca9c,$100-200
2019-10-19 14:05:52+00:00,purchase,1801963,2.0530135544155343e+18,electronics.video.tv,philips,334.6,515816160,6a735820-36df-4e0a-b41f-efe715d44c9f,$200-500
2019-10-19 14:45:44+00:00,purchase,1003315,2.0530135556318828e+18,electronics.smartphone,apple,913.38,543075375,8871087f-ef36-48f0-9928-55cba4fa9897,$500-1000
2019-10-19 15:21:38+00:00,purchase,19200005,2.053013556202308e+18,construction.tools.saw,huter,92.13,543375956,e07d8bed-4329-4b92-afcc-337702cc8df5,$50-100
2019-10-19 15:36:10+00:00,purchase,3601620,2.053013563810776e+18,appliances.kitchen.washer,atlant,216.71,549741305,8c42bac3-0574-4d9f-adb9-52fa4208dead,$200-500
2019-10-19 15:57:16+00:00,purchase,1005168,2.0530135556318828e+18,electronics.smartphone,samsung,219.98,545256701,56359d9d-6492-4022-83bd-e6095cbf1e4d,$200-500
2019-10-19 16:03:19+00:00,purchase,1801555,2.0530135544155343e+18,electronics.video.tv,lg,459.21,526778326,55105daf-06ca-4717-92dd-d1458d661fe6,$200-500
2019-10-19 16:09:19+00:00,purchase,5100816,2.053013553375347e+18,unknown,xiaomi,28.71,547577735,d0343943-8e4a-4ff6-8c85-01363e908067,<$50
2019-10-19 16:09:30+00:00,purchase,1004209,2.0530135556318828e+18,electronics.smartphone,samsung,88.8,521203977,6fd51e5f-7a37-493b-882e-d2d9775e2b13,$50-100
2019-10-19 16:13:19+00:00,purchase,1004720,2.0530135556318828e+18,electronics.smartphone,huawei,126.66,513601442,7a8efbfd-bd1a-4f2e-941d-ba6542eeb643,$100-200
2019-10-19 16:15:34+00:00,purchase,1801901,2.0530135544155343e+18,electronics.video.tv,samsung,635.23,561971663,6278fd55-bcaa-44b5-96ed-b80b9d88eb61,$500-1000
2019-10-19 16:31:50+00:00,purchase,17300821,2.0530135538534976e+18,unknown,gucci,52.2,545002658,8bce713d-fe71-436f-8df8-3b75573d473b,$50-100
2019-10-19 16:56:07+00:00,purchase,4802273,2.053013554658804e+18,electronics.audio.headphone,samsung,6.8,516780905,d57525b7-4f5b-47c3-91c3-f500859d789e,<$50
2019-10-19 17:39:36+00:00,purchase,3300315,2.0530135553550587e+18,unknown,redmond,95.19,514611511,9141ff6c-33b0-4703-b242-e5f3d8e140f7,$50-100
2019-10-19 18:39:24+00:00,purchase,1004944,2.0530135556318828e+18,electronics.smartphone,samsung,849.13,562015269,b0649a44-4c14-4f67-a842-da155fd1327e,$500-1000
2019-10-19 18:39:49+00:00,purchase,1004944,2.0530135556318828e+18,electronics.smartphone,samsung,849.13,562015269,b0649a44-4c14-4f67-a842-da155fd1327e,$500-1000
2019-10-19 19:31:08+00:00,purchase,4802403,2.053013554658804e+18,electronics.audio.headphone,samsung,46.31,512533261,a01a1196-4db5-4889-b6bb-8ca461d45564,<$50
2019-10-19 19:33:31+00:00,purchase,19300039,2.0530135660337567e+18,appliances.ironing_board,nika,29.58,535781297,e7ded3d3-cb4c-4a42-a92b-fb26049a17ae,<$50
2019-10-19 20:23:32+00:00,purchase,21411198,2.053013561579406e+18,electronics.clocks,,154.44,541106659,0b88fab0-eeb8-4f18-b360-9fac8f7e1194,$100-200
2019-10-19 20:31:20+00:00,purchase,1004741,2.0530135556318828e+18,electronics.smartphone,xiaomi,190.22,530472605,d4766cde-ea9e-4849-b262-a002be810b60,$100-200
2019-10-19 20:32:09+00:00,purchase,2702331,2.053013563911439e+18,appliances.kitchen.refrigerators,lg,527.65,519057783,c2a3e170-6eed-434e-9c7b-ba96c68b3289,$500-1000
2019-10-19 20:32:53+00:00,purchase,1005115,2.0530135556318828e+18,electronics.smartphone,apple,1002.51,531985691,f64af051-f94e-4c93-8d63-a16f5de21cbd,>$1000
2019-10-19 20:32:56+00:00,purchase,1004741,2.0530135556318828e+18,electronics.smartphone,xiaomi,190.22,530472605,d4766cde-ea9e-4849-b262-a002be810b60,$100-200
2019-10-19 20:34:31+00:00,purchase,1004767,2.0530135556318828e+18,electronics.smartphone,samsung,248.4,530472605,d4766cde-ea9e-4849-b262-a002be810b60,$200-500
2019-10-20 02:11:39+00:00,purchase,7203227,2.053013553165632e+18,unknown,lego,25.48,513742776,8a39a505-d689-40be-baba-0f6a56701d20,<$50
2019-10-20 02:52:04+00:00,purchase,12707153,2.0530135535598963e+18,unknown,,32.69,541811202,5a793086-52bb-4a52-9254-112b5fd9b0f8,<$50
2019-10-20 03:08:56+00:00,purchase,12701231,2.0530135535598963e+18,unknown,sava,41.96,514778077,ae7a9925-da66-42b6-88fa-cd50009fb071,<$50
2019-10-20 03:11:25+00:00,purchase,2800385,2.0530135638359416e+18,appliances.kitchen.refrigerators,,324.31,543436579,eedd9677-2f70-4067-9ea3-1b40db5a21fe,$200-500
2019-10-20 03:16:08+00:00,purchase,26300666,2.0530135635842836e+18,unknown,lucente,739.53,527035204,ce10bb01-09d8-429f-a756-0f743133eb68,$500-1000
2019-10-20 03:24:46+00:00,purchase,1004870,2.0530135556318828e+18,electronics.smartphone,samsung,285.31,529526476,c1056bbc-c2ae-4e7e-bc18-c54ad174f0ec,$200-500
2019-10-20 03:40:12+00:00,purchase,3701056,2.0530135659834253e+18,appliances.environment.vacuum,samsung,69.47,517987958,12369e60-e70c-4a7a-be5a-4c696b7ba5ea,$50-100
2019-10-20 03:41:16+00:00,purchase,3801070,2.0530135661763635e+18,appliances.iron,panasonic,26.49,517987958,12369e60-e70c-4a7a-be5a-4c696b7ba5ea,<$50
2019-10-20 04:07:40+00:00,purchase,1004750,2.0530135556318828e+18,electronics.smartphone,samsung,195.59,546145455,4b222d5b-7e77-4217-a5ec-7437a1271828,$100-200
2019-10-20 04:12:50+00:00,purchase,4804056,2.053013554658804e+18,electronics.audio.headphone,apple,160.55,525455480,2486774c-da50-41ff-a1a0-b204d3652a2f,$100-200
2019-10-20 04:23:42+00:00,purchase,1005168,2.0530135556318828e+18,electronics.smartphone,samsung,219.95,545256701,54c0d2d2-c46d-4636-b7db-70a4736d7ff7,$200-500
2019-10-20 04:28:38+00:00,purchase,1004661,2.0530135556318828e+18,electronics.smartphone,samsung,885.4,522104793,21431466-fb30-48db-900d-3e404bc58190,$500-1000
2019-10-20 04:48:35+00:00,purchase,1005115,2.0530135556318828e+18,electronics.smartphone,apple,1002.51,519511293,59c6efe5-9678-4bf4-978a-64cf1bdb5c48,>$1000
2019-10-20 04:50:21+00:00,purchase,3700621,2.0530135659834253e+18,appliances.environment.vacuum,vitek,112.46,518691613,5ac7c723-0ca5-4586-aa42-d3d5ab4e79fd,$100-200
2019-10-20 04:56:18+00:00,purchase,1004870,2.0530135556318828e+18,electronics.smartphone,samsung,284.86,562115502,9301b5d9-ac22-4992-8213-7e2622ffe006,$200-500
2019-10-20 05:21:10+00:00,purchase,21406876,2.053013561579406e+18,electronics.clocks,tissot,298.59,562102261,6c577f43-58cd-40ee-a332-81203c7c5148,$200-500
2019-10-20 05:28:25+00:00,purchase,12701231,2.0530135535598963e+18,unknown,sava,41.96,536583918,9958c3e8-613d-46ab-9f9c-ba5a6026780a,<$50
2019-10-20 05:42:14+00:00,purchase,5100376,2.0530135533417925e+18,electronics.clocks,xiaomi,67.76,519498562,072b54c3-2599-416c-b546-b96acb0189da,$50-100
2019-10-20 05:43:50+00:00,purchase,12709562,2.0530135535598963e+18,unknown,viatti,38.35,521635127,2f2c1852-cfab-4708-9206-e144b0145fdd,<$50
2019-10-20 05:53:39+00:00,purchase,1005162,2.0530135556318828e+18,electronics.smartphone,xiaomi,291.74,515085645,2cf5f522-fad2-489d-9196-5762b22285f7,$200-500
2019-10-20 06:02:28+00:00,purchase,4804056,2.053013554658804e+18,electronics.audio.headphone,apple,160.45,512867386,25e9f84b-8e68-4dbb-9038-bc72005f495e,$100-200
2019-10-20 06:03:42+00:00,purchase,1004873,2.0530135556318828e+18,electronics.smartphone,samsung,371.9,560360596,ea3af66f-b94d-4244-8f3e-70f0f6a61164,$200-500
2019-10-20 06:04:37+00:00,purchase,1004856,2.0530135556318828e+18,electronics.smartphone,samsung,131.53,525045632,04d86edb-b564-4fb1-9b74-a4b65bbbca7b,$100-200
2019-10-20 06:10:08+00:00,purchase,1004873,2.0530135556318828e+18,electronics.smartphone,samsung,371.9,560360596,16a5a46f-20ee-43e4-8ef5-2698299912a1,$200-500
2019-10-20 06:19:07+00:00,purchase,1004873,2.0530135556318828e+18,electronics.smartphone,samsung,371.9,560360596,d461647c-6f13-4c6d-81d3-a567fa95f777,$200-500
2019-10-20 06:26:13+00:00,purchase,2900958,2.0530135547762445e+18,appliances.kitchen.microwave,arg,56.6,512428707,28853073-6ab0-48d7-b357-554eebc8c78f,$50-100
2019-10-20 06:39:04+00:00,purchase,49500007,2.134905041696327e+18,unknown,,281.86,562131066,09775046-3b28-46af-a3a8-3abe85213e14,$200-500
2019-10-20 06:49:48+00:00,purchase,1005159,2.0530135556318828e+18,electronics.smartphone,xiaomi,224.42,546143991,0358d468-afb6-463b-818e-e4bbbdbac3bf,$200-500
2019-10-20 06:52:09+00:00,purchase,7203227,2.053013553165632e+18,unknown,lego,25.48,513742776,23f1980b-af8b-4d0a-a4bc-ab7d34a7f900,<$50
2019-10-20 06:53:08+00:00,purchase,6200325,2.0530135522932165e+18,appliances.environment.air_heater,electrolux,15.42,544694633,56070ddf-5635-4cb0-99b6-af2e4d5d75e5,<$50
2019-10-20 07:11:26+00:00,purchase,10800025,2.0530135549943483e+18,unknown,redmond,38.59,522482923,16933717-871a-4a24-8807-d71395ee3560,<$50
2019-10-20 07:29:14+00:00,purchase,51800044,2.1356585423869056e+18,unknown,,204.38,562131066,b611813f-83ac-40d9-ba4b-de41fa41eb14,$200-500
2019-10-20 07:34:29+00:00,purchase,1004873,2.0530135556318828e+18,electronics.smartphone,samsung,371.9,512975257,a0f96014-80a9-4d7e-8fe9-41275e3986c1,$200-500
2019-10-20 07:35:23+00:00,purchase,14701435,2.053013557133444e+18,furniture.living_room.cabinet,,205.9,562150502,52ae57d8-9452-48e5-ba09-3a14e31f4bee,$200-500
2019-10-20 07:41:00+00:00,purchase,4000226,2.053013566142809e+18,construction.tools.generator,philips,154.37,555315822,2b21a245-2434-4ac4-8a07-e84fc032c2f7,$100-200
2019-10-20 07:51:56+00:00,purchase,2800426,2.0530135638359416e+18,appliances.kitchen.refrigerators,haier,378.09,543436579,88f40589-7369-4085-9726-412f949c497f,$200-500
2019-10-20 07:57:04+00:00,purchase,1005105,2.0530135556318828e+18,electronics.smartphone,apple,1411.55,562159714,da0699b0-0839-4d3c-baa4-55b9f520e60d,>$1000
2019-10-20 07:59:03+00:00,purchase,3801240,2.0530135661763635e+18,appliances.iron,vitek,22.91,516610377,9e076c63-0fe5-4d16-b0ea-d16718183a62,<$50
2019-10-20 08:28:21+00:00,purchase,1005239,2.0530135556318828e+18,electronics.smartphone,xiaomi,254.55,512750644,65b6d76d-0fa9-40f7-81f1-518aabcc81b4,$200-500
2019-10-20 08:34:32+00:00,purchase,1004871,2.0530135556318828e+18,electronics.smartphone,samsung,284.47,555188915,cad766c6-659a-4ef1-a37b-97523399d137,$200-500
2019-10-20 08:56:11+00:00,purchase,1004741,2.0530135556318828e+18,electronics.smartphone,xiaomi,190.22,530472605,27782eb0-41c9-4689-ae2f-40e324007453,$100-200
2019-10-20 09:19:44+00:00,purchase,6200325,2.0530135522932165e+18,appliances.environment.air_heater,electrolux,15.42,544694633,550dfb7e-c5c6-6eea-02ae-8fc4b2ada420,<$50
2019-10-20 09:21:11+00:00,purchase,6200325,2.0530135522932165e+18,appliances.environment.air_heater,electrolux,15.42,544694633,550dfb7e-c5c6-6eea-02ae-8fc4b2ada420,<$50
2019-10-20 09:25:50+00:00,purchase,1005105,2.0530135556318828e+18,electronics.smartphone,apple,1409.79,519511293,12f135b4-f7b5-47dd-be38-f5872d81162f,>$1000
2019-10-20 09:40:33+00:00,purchase,28712154,2.053013565782099e+18,apparel.shoes,rieker,88.29,527187266,7e2ef392-57b6-4f26-9852-45c743cb22ec,$50-100
2019-10-20 09:58:03+00:00,purchase,28718209,2.053013565480109e+18,apparel.shoes.keds,tamaris,44.79,529461742,c3eb4f79-d23a-41be-9240-d700b147aa3f,<$50
2019-10-20 10:05:45+00:00,purchase,1004856,2.0530135556318828e+18,electronics.smartphone,samsung,131.53,520727859,5a9b5a45-83ff-46e3-906a-74266e35917a,$100-200
2019-10-20 10:24:10+00:00,purchase,1004870,2.0530135556318828e+18,electronics.smartphone,samsung,284.74,559744837,9780f56b-7f5e-45cb-9a05-1bc9602e1a70,$200-500
2019-10-20 10:32:25+00:00,purchase,1002544,2.0530135556318828e+18,electronics.smartphone,apple,459.64,515918580,962dc21e-6a84-4d49-aace-12e1d1baaaf7,$200-500
2019-10-20 10:34:14+00:00,purchase,1004905,2.0530135556318828e+18,electronics.smartphone,huawei,108.09,519275715,e256ef67-ea38-4025-885f-5d7024db0f54,$100-200
2019-10-20 10:39:35+00:00,purchase,3801134,2.0530135661763635e+18,appliances.iron,elenberg,16.47,550018518,e6e68db9-149f-4887-863b-a52d129dadb3,<$50
2019-10-20 10:54:26+00:00,purchase,1005239,2.0530135556318828e+18,electronics.smartphone,xiaomi,254.55,512750644,25d52bee-1192-4663-bb0f-5f6be08c402c,$200-500
2019-10-20 11:02:17+00:00,purchase,1004777,2.0530135556318828e+18,electronics.smartphone,xiaomi,135.01,562211413,dbe98431-6fcc-4743-a193-db0c0257b3da,$100-200
2019-10-20 11:35:23+00:00,purchase,1005144,2.0530135556318828e+18,electronics.smartphone,apple,1730.44,516728599,56ee776c-da40-4a6c-81e6-15b130c13985,>$1000
2019-10-20 11:39:21+00:00,purchase,1801881,2.0530135544155343e+18,electronics.video.tv,samsung,493.93,554079694,f1ba8e3c-98b6-4561-9770-68a0bcbdfbd3,$200-500
2019-10-20 11:41:23+00:00,purchase,1004839,2.0530135556318828e+18,electronics.smartphone,oppo,154.19,562221900,129b065e-fc13-4f93-861a-7239c12535f2,$100-200
2019-10-20 11:47:31+00:00,purchase,1004839,2.0530135556318828e+18,electronics.smartphone,oppo,154.19,562221900,129b065e-fc13-4f93-861a-7239c12535f2,$100-200
2019-10-20 11:49:19+00:00,purchase,1004839,2.0530135556318828e+18,electronics.smartphone,oppo,154.19,562221900,129b065e-fc13-4f93-861a-7239c12535f2,$100-200
2019-10-20 11:53:28+00:00,purchase,1004856,2.0530135556318828e+18,electronics.smartphone,samsung,131.53,525921810,170847d7-978a-47df-baec-7022294cbac7,$100-200
2019-10-20 11:53:51+00:00,purchase,1004838,2.0530135556318828e+18,electronics.smartphone,oppo,154.19,562221900,129b065e-fc13-4f93-861a-7239c12535f2,$100-200
2019-10-20 11:56:26+00:00,purchase,26400328,2.0530135636513925e+18,unknown,lucente,171.18,562223291,c3642818-aa94-45a7-baf1-1ddaa0bbd6dc,$100-200
2019-10-20 11:59:04+00:00,purchase,10900306,2.0530135550698455e+18,appliances.kitchen.mixer,elenberg,12.84,562223291,c3642818-aa94-45a7-baf1-1ddaa0bbd6dc,<$50
2019-10-20 12:04:13+00:00,purchase,1002524,2.0530135556318828e+18,electronics.smartphone,apple,533.69,552067735,53ddad72-6664-488e-b72f-88afb537ba99,$500-1000
2019-10-20 12:26:20+00:00,purchase,12706441,2.0530135535598963e+18,unknown,nokian,88.55,526685544,997d3bb6-72a7-4e0d-8246-d8d86615920c,$50-100
2019-10-20 12:27:28+00:00,purchase,1004838,2.0530135556318828e+18,electronics.smartphone,oppo,154.19,529523398,99d68276-61a0-4b01-ab4b-80e8791d9418,$100-200
2019-10-20 12:28:12+00:00,purchase,15200735,2.0530135534843988e+18,unknown,mutlu,87.52,526685544,997d3bb6-72a7-4e0d-8246-d8d86615920c,$50-100
2019-10-20 12:29:20+00:00,purchase,1005105,2.0530135556318828e+18,electronics.smartphone,apple,1409.79,517942106,d490ffcd-8bc6-4bb2-8513-9b49f4ce934c,>$1000
2019-10-20 12:33:31+00:00,purchase,1005009,2.0530135556318828e+18,electronics.smartphone,xiaomi,87.26,562229229,358f3e9c-13b7-4455-bbba-7cde7ba43aae,$50-100
2019-10-20 12:45:51+00:00,purchase,2900536,2.0530135547762445e+18,appliances.kitchen.microwave,elenberg,50.91,553732824,c9dda130-c9e3-47f7-aea4-5aa0765cf42c,$50-100
2019-10-20 13:00:58+00:00,purchase,9300067,2.0530135545245865e+18,unknown,lg,127.93,552719818,e46a6aac-3de0-4599-9a84-4fb86bdb8559,$100-200
2019-10-20 13:16:24+00:00,purchase,1004788,2.0530135556318828e+18,electronics.smartphone,xiaomi,136.17,562239606,1ce624ae-6a90-4981-83d4-3b44b53ee50c,$100-200
2019-10-20 13:27:53+00:00,purchase,1005238,2.0530135556318828e+18,electronics.smartphone,oppo,308.61,514532779,247ae677-ace5-4f90-89e0-183be11f75b9,$200-500
2019-10-20 13:33:27+00:00,purchase,1004839,2.0530135556318828e+18,electronics.smartphone,oppo,154.19,527776665,28a95ecf-175c-4747-94ba-faca89f388db,$100-200
2019-10-20 13:36:44+00:00,purchase,6300198,2.0530135548349647e+18,appliances.kitchen.kettle,redmond,28.29,513672409,20d6e409-dee9-4432-b66f-b35127d9d0ed,<$50
2019-10-20 13:38:08+00:00,purchase,1004833,2.0530135556318828e+18,electronics.smartphone,samsung,170.89,549671135,c0079302-a524-4a4a-a0c2-9e0c148382f7,$100-200
2019-10-20 13:44:25+00:00,purchase,1002629,2.0530135556318828e+18,electronics.smartphone,apple,360.06,549671135,08e764d7-4224-445a-9dea-f7ea40d4cf61,$200-500
2019-10-20 13:45:50+00:00,purchase,1002629,2.0530135556318828e+18,electronics.smartphone,apple,360.06,549671135,08e764d7-4224-445a-9dea-f7ea40d4cf61,$200-500
2019-10-20 13:47:07+00:00,purchase,1002629,2.0530135556318828e+18,electronics.smartphone,apple,360.06,549671135,08e764d7-4224-445a-9dea-f7ea40d4cf61,$200-500
2019-10-20 14:13:09+00:00,purchase,1801766,2.0530135544155343e+18,electronics.video.tv,artel,148.0,517810698,3e0fb31d-446e-46c0-b236-3689726e4ebc,$100-200
2019-10-20 14:13:51+00:00,purchase,1201231,2.172371436436456e+18,electronics.tablet,huawei,89.81,562196682,841106d4-9928-4a42-a14c-ddca59e92e0e,$50-100
2019-10-20 14:18:18+00:00,purchase,1801766,2.0530135544155343e+18,electronics.video.tv,artel,148.0,517810698,65debdac-d866-46c7-988f-8d90d7680cfe,$100-200
2019-10-20 14:19:57+00:00,purchase,3500302,2.0530135552879496e+18,unknown,kitfort,140.27,526772818,b065cd52-fa9c-46d0-9210-8934ae00c2cf,$100-200
2019-10-20 14:20:18+00:00,purchase,3700769,2.0530135659834253e+18,appliances.environment.vacuum,samsung,123.53,551690237,545e0557-1404-45c9-9904-334a586b90c7,$100-200
2019-10-20 14:24:44+00:00,purchase,1801766,2.0530135544155343e+18,electronics.video.tv,artel,148.0,517810698,0189c869-bfcb-4cb2-9a11-85b012d47558,$100-200
2019-10-20 14:25:38+00:00,purchase,3700769,2.0530135659834253e+18,appliances.environment.vacuum,samsung,123.53,551690237,1f13f3bc-a774-472a-8215-ec5d161f61d8,$100-200
2019-10-20 14:26:49+00:00,purchase,5800860,2.0530135539457723e+18,electronics.audio.subwoofer,phantom,15.44,524538446,1baa862c-343d-416f-b9fd-3b18cb49bebf,<$50
2019-10-20 14:27:51+00:00,purchase,3700769,2.0530135659834253e+18,appliances.environment.vacuum,samsung,123.53,551690237,e4c66571-c7ce-481b-a28a-d558aa9f785c,$100-200
2019-10-20 14:36:27+00:00,purchase,12709556,2.0530135535598963e+18,unknown,viatti,40.16,514905642,c9e44af9-50db-497a-8b6c-ba8a3646ce91,<$50
2019-10-20 15:01:37+00:00,purchase,12705692,2.0530135535598963e+18,unknown,triangle,73.36,544653306,90b77742-37f4-4afe-b5b6-784786e55fa3,$50-100
2019-10-20 15:02:37+00:00,purchase,3800310,2.0530135661763635e+18,appliances.iron,vitek,38.35,555367549,19f4d637-cb27-4fdd-9759-f0036f896ccc,<$50
2019-10-20 15:11:08+00:00,purchase,7600557,2.0530135528216988e+18,unknown,xiaomi,32.18,531612836,616252ad-9d70-46c5-b0a3-e8b93e489f8e,<$50
2019-10-20 15:32:38+00:00,purchase,1004873,2.0530135556318828e+18,electronics.smartphone,samsung,371.41,545234070,1e198673-1c51-410c-b004-14b776e5b50e,$200-500
2019-10-20 15:33:31+00:00,purchase,1306631,2.053013558920217e+18,computers.notebook,hp,580.89,557900094,294e92a9-17e7-446d-a46d-4c55c064bceb,$500-1000
2019-10-20 15:42:07+00:00,purchase,8300376,2.053013560220452e+18,unknown,,24.97,515250369,bc369d86-06f4-4748-bdf1-442720e9d42b,<$50
2019-10-20 16:00:19+00:00,purchase,12711108,2.0530135535598963e+18,unknown,cordiant,43.5,517574402,a89bb49b-57aa-4157-b297-d9c19bc7c9db,<$50
2019-10-20 16:03:37+00:00,purchase,1003877,2.0530135556318828e+18,electronics.smartphone,prestigio,65.27,562304982,b7e70e65-3592-4385-9986-7c9b40620753,$50-100
2019-10-20 18:10:38+00:00,purchase,2800385,2.0530135638359416e+18,appliances.kitchen.refrigerators,,324.31,516704397,ffe2f195-0f52-4164-9cd6-b6e49921c583,$200-500
2019-10-20 19:50:10+00:00,purchase,4804056,2.053013554658804e+18,electronics.audio.headphone,apple,160.4,536125744,1e854664-d31f-4c67-aff1-c6df9965a925,$100-200
2019-10-20 20:07:07+00:00,purchase,1004856,2.0530135556318828e+18,electronics.smartphone,samsung,129.99,533243502,58ac7dbd-179e-4bdf-b20b-f78664a0bcf6,$100-200
2019-10-20 20:48:26+00:00,purchase,1801690,2.0530135544155343e+18,electronics.video.tv,samsung,369.37,562388952,6b85fa0d-193f-4269-b029-dda5976a0294,$200-500
2019-10-20 20:49:07+00:00,purchase,29500020,2.0530135664783524e+18,unknown,,128.57,512429072,960810b3-47cc-420d-855b-3ce9dc44eb01,$100-200
2019-10-20 20:52:50+00:00,purchase,3900002,2.053013552326771e+18,appliances.environment.water_heater,ariston,103.29,562388952,6b85fa0d-193f-4269-b029-dda5976a0294,$100-200
2019-10-21 01:34:14+00:00,purchase,1004958,2.0530135556318828e+18,electronics.smartphone,xiaomi,331.43,512811655,69a361a0-22a6-4a03-96fa-d05fcb542610,$200-500
2019-10-21 01:34:48+00:00,purchase,1801704,2.0530135544155343e+18,electronics.video.tv,samsung,421.86,514170943,376eac6b-8164-49b2-947a-79d7614fc704,$200-500
2019-10-21 01:39:31+00:00,purchase,1004958,2.0530135556318828e+18,electronics.smartphone,xiaomi,331.43,512811655,58e2e53f-caae-4a5d-b387-913cea3a347a,$200-500
2019-10-21 02:30:03+00:00,purchase,1004856,2.0530135556318828e+18,electronics.smartphone,samsung,129.99,525921810,1bda2d02-9794-4cc8-96df-c34256fdf353,$100-200
2019-10-21 02:42:56+00:00,purchase,1002544,2.0530135556318828e+18,electronics.smartphone,apple,459.61,515801476,16c4b4e2-34ce-4848-82ad-65f06d8e529e,$200-500
2019-10-21 02:52:21+00:00,purchase,1004767,2.0530135556318828e+18,electronics.smartphone,samsung,247.76,541845826,521a03c9-cc73-4297-834b-cdfeeff7fda9,$200-500
2019-10-21 03:08:04+00:00,purchase,1005137,2.0530135556318828e+18,electronics.smartphone,apple,1558.6,512709586,feb38679-78c3-451b-ada4-0873754efb9a,>$1000
2019-10-21 03:20:01+00:00,purchase,2800385,2.0530135638359416e+18,appliances.kitchen.refrigerators,,324.31,516704397,d9510d24-cfa5-4cf0-884e-ac3c18f54feb,$200-500
2019-10-21 03:21:57+00:00,purchase,1005207,2.0530135556318828e+18,electronics.smartphone,apple,424.7,560756341,e9ee894a-9e9b-45c8-bb76-67f2fe2cded8,$200-500
2019-10-21 03:50:23+00:00,purchase,3701288,2.0530135659834253e+18,appliances.environment.vacuum,dauscher,53.51,512372445,7460cf63-ba71-42bf-a5e7-214215402093,$50-100
2019-10-21 03:53:07+00:00,purchase,2800433,2.0530135638359416e+18,appliances.kitchen.refrigerators,haier,282.94,525812574,01dd4b20-98c0-4c7b-9743-7587ce3d4d07,$200-500
2019-10-21 04:02:31+00:00,purchase,6000227,2.053013560807654e+18,auto.accessories.alarm,starline,157.53,560132689,b35c984f-0acf-46f5-9464-c456e4e1d27c,$100-200
2019-10-21 04:11:04+00:00,purchase,12718065,2.0530135535598963e+18,unknown,,35.26,530806604,3900eac2-a5e3-4cae-89fe-e976674fdca2,<$50
2019-10-21 04:24:08+00:00,purchase,12718065,2.0530135535598963e+18,unknown,,35.26,530806604,664bd6d4-4597-4a64-8749-62f3adbd9ddb,<$50
2019-10-21 04:24:21+00:00,purchase,2800385,2.0530135638359416e+18,appliances.kitchen.refrigerators,,360.34,543436579,82600231-88b5-412d-bebb-4ef39b8cf7db,$200-500
2019-10-21 04:46:38+00:00,purchase,1002633,2.0530135556318828e+18,electronics.smartphone,apple,358.44,519261372,4a2279db-06c1-4eb6-8f32-9b019bfdf15f,$200-500
2019-10-21 04:58:44+00:00,purchase,1005115,2.0530135556318828e+18,electronics.smartphone,apple,999.64,545769281,c496612f-f5ef-4458-ae84-668b4591ca88,$500-1000
2019-10-21 05:07:01+00:00,purchase,3700926,2.0530135659834253e+18,appliances.environment.vacuum,samsung,64.02,517736009,d3a8b801-19de-484f-ba2b-ce8e28776d47,$50-100
2019-10-21 05:13:47+00:00,purchase,1800944,2.0530135544155343e+18,electronics.video.tv,sony,514.56,562465520,4f9f0f19-1a1f-4b35-8b89-d8a5e6bc26d0,$500-1000
2019-10-21 05:35:54+00:00,purchase,1801766,2.0530135544155343e+18,electronics.video.tv,artel,148.0,517810698,3a4cbb9b-ae22-4eb7-9147-2ac7951e9e2c,$100-200
2019-10-21 05:42:35+00:00,purchase,22500117,2.0530135524693773e+18,unknown,hitechnic,26.23,517810698,3a4cbb9b-ae22-4eb7-9147-2ac7951e9e2c,<$50
2019-10-21 05:55:00+00:00,purchase,1004873,2.0530135556318828e+18,electronics.smartphone,samsung,370.6,562478315,248c80d6-6730-4676-a8e2-08b6fd3a0ecf,$200-500
2019-10-21 06:13:28+00:00,purchase,17601743,2.0530135588950515e+18,unknown,garnier,4.59,562131066,7f6ac741-bf7d-4a39-96f2-b895db8ae8c7,<$50
2019-10-21 06:17:16+00:00,purchase,1002544,2.0530135556318828e+18,electronics.smartphone,apple,459.61,544962721,2b9308db-07a8-480c-a0d1-ba11d8d31344,$200-500
2019-10-21 06:17:34+00:00,purchase,1004739,2.0530135556318828e+18,electronics.smartphone,xiaomi,190.22,513194418,5bbae212-1e7f-4571-8794-e1c243ac77ef,$100-200
2019-10-21 06:31:11+00:00,purchase,1004836,2.0530135556318828e+18,electronics.smartphone,samsung,224.61,562292568,d93d9b7b-2049-45bf-a4e8-8b2aaa7446b5,$200-500
2019-10-21 06:37:24+00:00,purchase,1004836,2.0530135556318828e+18,electronics.smartphone,samsung,224.61,562292568,fbdc27b6-3bd2-4f0b-a9b6-6a7ad4c9c096,$200-500
2019-10-21 06:38:21+00:00,purchase,1004836,2.0530135556318828e+18,electronics.smartphone,samsung,224.61,562292568,fbdc27b6-3bd2-4f0b-a9b6-6a7ad4c9c096,$200-500
2019-10-21 06:50:13+00:00,purchase,6200514,2.0530135522932165e+18,appliances.environment.air_heater,ballu,15.19,544694633,7f3d4661-19c0-42e7-98e0-4b16ad3153c1,<$50
2019-10-21 06:51:31+00:00,purchase,6200514,2.0530135522932165e+18,appliances.environment.air_heater,ballu,15.19,544694633,7f3d4661-19c0-42e7-98e0-4b16ad3153c1,<$50
2019-10-21 07:10:17+00:00,purchase,1005115,2.0530135556318828e+18,electronics.smartphone,apple,999.64,535290441,1fd41110-0b35-4101-9005-dab04da21d6a,$500-1000
2019-10-21 07:33:50+00:00,purchase,1801784,2.0530135544155343e+18,electronics.video.tv,lg,527.66,512402349,9c2a11cc-8f0a-454b-8845-1a26c11a6376,$500-1000
2019-10-21 07:34:50+00:00,purchase,1004767,2.0530135556318828e+18,electronics.smartphone,samsung,247.62,517326472,7e8a8785-f664-423c-87e8-4577e5fe3172,$200-500
2019-10-21 07:40:53+00:00,purchase,1004833,2.0530135556318828e+18,electronics.smartphone,samsung,172.03,517326472,7e8a8785-f664-423c-87e8-4577e5fe3172,$100-200
2019-10-21 07:43:41+00:00,purchase,1004857,2.0530135556318828e+18,electronics.smartphone,samsung,130.74,517326472,3e5e032d-c1ac-4205-a33c-39f809acac18,$100-200
2019-10-21 08:22:10+00:00,purchase,12720492,2.0530135535598963e+18,unknown,sunwide,59.98,555584705,4a2b1b7f-10df-4088-ac62-713d437f4f17,$50-100
2019-10-21 08:29:54+00:00,purchase,1004856,2.0530135556318828e+18,electronics.smartphone,samsung,131.02,525921810,d1aec2b8-75f2-4eb0-9e3b-1e087b888e55,$100-200
2019-10-21 08:44:19+00:00,purchase,1004665,2.0530135556318828e+18,electronics.smartphone,samsung,853.45,545769281,e2bc7546-be28-4ea7-9311-87ac10a26313,$500-1000
2019-10-21 08:45:26+00:00,purchase,30100041,2.0530135561100332e+18,unknown,,23.4,529445017,149ea37f-4a0e-42f0-b11c-800a35362943,<$50
2019-10-21 08:52:44+00:00,purchase,12700692,2.0530135535598963e+18,unknown,matador,35.26,512753159,22134252-cf15-4f44-8202-3575e20911bd,<$50
2019-10-21 08:57:39+00:00,purchase,1004767,2.0530135556318828e+18,electronics.smartphone,samsung,247.62,552067735,8f57c3ba-70f1-42b2-8307-5ea3954055d2,$200-500
2019-10-21 09:04:03+00:00,purchase,1004777,2.0530135556318828e+18,electronics.smartphone,xiaomi,135.01,512484704,4f7be2c1-5cc7-45d0-9875-ecee5a1afb9b,$100-200
2019-10-21 09:10:27+00:00,purchase,1004209,2.0530135556318828e+18,electronics.smartphone,samsung,88.8,562536943,4fa088df-2615-439a-ada3-c5ee9d2190d7,$50-100
2019-10-21 09:29:07+00:00,purchase,1004565,2.0530135556318828e+18,electronics.smartphone,huawei,166.32,514129259,fca2f190-7ec5-465a-8f7d-71afc562a270,$100-200
2019-10-21 09:33:06+00:00,purchase,4803186,2.053013554658804e+18,electronics.audio.headphone,harper,25.71,551918243,c9f901cf-3d42-4453-9639-7bec52ed54ec,<$50
2019-10-21 09:36:36+00:00,purchase,12706390,2.0530135535598963e+18,unknown,hankook,141.57,513669761,c22c7f31-6a10-4ee0-bab8-1a5849af984a,$100-200
2019-10-21 09:44:38+00:00,purchase,21406224,2.053013561579406e+18,electronics.clocks,lorus,94.21,552740484,4c170d12-2162-437b-b42c-31815623a9dc,$50-100
2019-10-21 09:47:29+00:00,purchase,1004833,2.0530135556318828e+18,electronics.smartphone,samsung,172.03,561450341,eb7ad367-1f6c-46c1-92c9-e4f58e5fca11,$100-200
2019-10-21 09:50:01+00:00,purchase,29502030,2.0530135664783524e+18,unknown,,128.57,512429072,0e78a3e1-5424-4eea-b649-2ab97ef62c3f,$100-200
2019-10-21 09:54:32+00:00,purchase,1003312,2.0530135556318828e+18,electronics.smartphone,apple,692.03,537938404,40ad6d7b-c9e0-466f-a698-e1c6e04b022b,$500-1000
2019-10-21 09:56:18+00:00,purchase,1003312,2.0530135556318828e+18,electronics.smartphone,apple,692.03,537938404,40ad6d7b-c9e0-466f-a698-e1c6e04b022b,$500-1000
2019-10-21 09:58:19+00:00,purchase,1003312,2.0530135556318828e+18,electronics.smartphone,apple,692.03,537938404,40ad6d7b-c9e0-466f-a698-e1c6e04b022b,$500-1000
2019-10-21 10:01:53+00:00,purchase,28717135,2.0530135657485445e+18,apparel.shoes,respect,59.2,514045104,eb81e3dd-5c65-45fb-bb86-5b7d58833767,$50-100
2019-10-21 10:03:56+00:00,purchase,1004856,2.0530135556318828e+18,electronics.smartphone,samsung,131.02,525921810,77f41176-2771-4c63-bcf8-f3cdaeca7230,$100-200
2019-10-21 10:04:57+00:00,purchase,1004833,2.0530135556318828e+18,electronics.smartphone,samsung,172.03,525921810,77f41176-2771-4c63-bcf8-f3cdaeca7230,$100-200
2019-10-21 10:10:26+00:00,purchase,1004788,2.0530135556318828e+18,electronics.smartphone,xiaomi,137.71,562211413,03f340d1-1bd7-49ee-80b2-2242c2833c78,$100-200
2019-10-21 10:14:20+00:00,purchase,4804056,2.053013554658804e+18,electronics.audio.headphone,apple,160.39,512803922,a7e3e481-08fc-4ac5-b704-f5fdb590748f,$100-200
2019-10-21 10:18:08+00:00,purchase,5100816,2.053013553375347e+18,unknown,xiaomi,28.4,543477993,0616e694-ac94-4259-9bc8-5067fb106507,<$50
2019-10-21 10:18:13+00:00,purchase,4804056,2.053013554658804e+18,electronics.audio.headphone,apple,160.39,512803922,a7e3e481-08fc-4ac5-b704-f5fdb590748f,$100-200
2019-10-21 10:31:38+00:00,purchase,28716983,2.0530135650690675e+18,apparel.shoes.keds,respect,71.82,539615486,849b021c-a0f8-45d5-aaac-8276a3d1cd56,$50-100
2019-10-21 10:50:05+00:00,purchase,5100816,2.053013553375347e+18,unknown,xiaomi,28.4,543477993,0d517efb-9604-4277-871d-525fa041607b,<$50
2019-10-21 10:51:25+00:00,purchase,1002542,2.0530135556318828e+18,electronics.smartphone,apple,503.23,542098789,9f52f4ba-3d24-4ee0-b26f-613141fa4878,$500-1000
2019-10-21 10:55:35+00:00,purchase,1004529,2.0530135556318828e+18,electronics.smartphone,samsung,283.12,542098789,9f52f4ba-3d24-4ee0-b26f-613141fa4878,$200-500
2019-10-21 11:02:54+00:00,purchase,5100816,2.053013553375347e+18,unknown,xiaomi,28.4,530286130,0b776a5f-f8fd-4197-b51c-502db039e597,<$50
2019-10-21 11:05:21+00:00,purchase,12700692,2.0530135535598963e+18,unknown,matador,35.26,512753159,1b5aa7e6-d1ee-4328-a9af-5b7f7388c7bc,<$50
2019-10-21 11:23:19+00:00,purchase,4803205,2.053013554658804e+18,electronics.audio.headphone,jbl,26.47,561797045,b798e8c9-5aaa-4cd8-bbdb-891ed4daf67b,<$50
2019-10-21 11:41:20+00:00,purchase,4804056,2.053013554658804e+18,electronics.audio.headphone,apple,160.36,512803922,4479eb37-0c81-41ae-9bb0-4c86c635d37f,$100-200
2019-10-21 11:55:51+00:00,purchase,1002633,2.0530135556318828e+18,electronics.smartphone,apple,358.44,559673568,32d09c11-4d7c-4ceb-abc3-bcc78288f500,$200-500
2019-10-21 12:17:42+00:00,purchase,2800439,2.0530135638359416e+18,appliances.kitchen.refrigerators,,210.4,516704397,b6029334-46d7-4a5c-be24-e76109cba753,$200-500
2019-10-21 12:21:01+00:00,purchase,1003310,2.0530135556318828e+18,electronics.smartphone,apple,700.12,537938404,ae8014f8-1648-4f23-bb35-c9dafa6a333e,$500-1000
2019-10-21 12:25:57+00:00,purchase,1004209,2.0530135556318828e+18,electronics.smartphone,samsung,88.8,512995606,3eb9f809-4da3-4b4e-a34a-cf9269d2cd5f,$50-100
2019-10-21 12:37:17+00:00,purchase,1002544,2.0530135556318828e+18,electronics.smartphone,apple,459.47,536901477,4636e8bb-d3a0-4b99-97f9-d2ebc091e6f6,$200-500
2019-10-21 12:39:02+00:00,purchase,1005203,2.0530135556318828e+18,electronics.smartphone,xiaomi,110.7,533704189,1f87e148-b5fc-4ed6-b356-3407249851e7,$100-200
2019-10-21 12:51:53+00:00,purchase,4804056,2.053013554658804e+18,electronics.audio.headphone,apple,160.36,512803922,17d96d5e-783c-4ec2-94dd-6c32f5e7ec6d,$100-200
2019-10-21 12:54:43+00:00,purchase,4804056,2.053013554658804e+18,electronics.audio.headphone,apple,160.36,512803922,17d96d5e-783c-4ec2-94dd-6c32f5e7ec6d,$100-200
2019-10-21 13:15:15+00:00,purchase,26200894,2.0530135636933356e+18,unknown,sokolov,17.5,554007345,80a1a150-694a-4544-9502-38fe8f423a5b,<$50
2019-10-21 13:17:20+00:00,purchase,4804056,2.053013554658804e+18,electronics.audio.headphone,apple,160.36,512803922,c61a050f-1934-4882-bfbf-af7ab0c2075d,$100-200
2019-10-21 13:28:00+00:00,purchase,4804056,2.053013554658804e+18,electronics.audio.headphone,apple,160.36,512803922,d9c68c04-e9de-4df6-9312-788b7ef33082,$100-200
2019-10-21 13:31:10+00:00,purchase,4804056,2.053013554658804e+18,electronics.audio.headphone,apple,160.36,512803922,f4eb7349-93d6-4b59-9b18-7e37fbef4b8d,$100-200
2019-10-21 13:56:09+00:00,purchase,4804056,2.053013554658804e+18,electronics.audio.headphone,apple,160.36,512803922,7690314d-1df0-4d8f-bdaa-a60908a1dd3a,$100-200
2019-10-21 14:20:31+00:00,purchase,1004741,2.0530135556318828e+18,electronics.smartphone,xiaomi,190.22,542126729,e5d2dcdc-8dca-47fa-9c77-e932a69ec64f,$100-200
2019-10-21 14:33:19+00:00,purchase,1801963,2.0530135544155343e+18,electronics.video.tv,philips,360.34,539679832,f06ef8c9-bbfe-4706-aa83-58239ba278c4,$200-500
2019-10-21 14:38:05+00:00,purchase,12719782,2.0530135535598963e+18,unknown,comforser,73.36,560961746,9396065e-5e35-483a-9236-d614bb5ec3c6,$50-100
2019-10-21 14:38:45+00:00,purchase,2601779,2.0530135639701596e+18,unknown,artel,174.78,533517652,8f2d99b3-96a9-486d-829d-42f9b88fe26b,$100-200
2019-10-21 14:41:54+00:00,purchase,12718062,2.0530135535598963e+18,unknown,,32.43,548122906,6c27b44f-1cb4-4c12-b3cd-8aa530e473bd,<$50
2019-10-21 14:49:11+00:00,purchase,1004226,2.0530135556318828e+18,electronics.smartphone,apple,999.77,527807814,c055295d-9d66-4ebc-a53d-be2a10da4a92,$500-1000
2019-10-21 14:55:33+00:00,purchase,5100816,2.053013553375347e+18,unknown,xiaomi,28.37,536125744,726f71c8-cb68-4ad4-9af5-c57e37ac66b1,<$50
2019-10-21 15:01:06+00:00,purchase,1005115,2.0530135556318828e+18,electronics.smartphone,apple,999.0,543333321,841b641f-983c-4338-9c33-ad597a0eec45,$500-1000
2019-10-21 15:04:11+00:00,purchase,1003317,2.0530135556318828e+18,electronics.smartphone,apple,936.69,527807814,c055295d-9d66-4ebc-a53d-be2a10da4a92,$500-1000
2019-10-21 15:30:25+00:00,purchase,3200385,2.0530135553215045e+18,appliances.kitchen.meat_grinder,,66.67,527189213,046e4863-0d64-4488-921f-f0eeba75b679,$50-100
2019-10-21 15:45:58+00:00,purchase,1005115,2.0530135556318828e+18,electronics.smartphone,apple,998.48,562670468,2573fc13-67e3-4d8f-8cb2-6e79c4943f1b,$500-1000
2019-10-21 16:09:42+00:00,purchase,26300091,2.0530135635842836e+18,unknown,lucente,418.54,559686962,29ba8b29-ae9b-41f3-b60a-bc78dfd4d7a4,$200-500
2019-10-21 16:28:04+00:00,purchase,22700129,2.0530135561687537e+18,unknown,stels,68.73,561917265,923946cc-9e18-4af9-9aa5-34cc5c78c48c,$50-100
2019-10-21 16:30:59+00:00,purchase,3700781,2.0530135659834253e+18,appliances.environment.vacuum,polaris,38.59,561404951,8b293ad1-0a65-4d64-a008-440affe24f66,<$50
2019-10-21 16:37:07+00:00,purchase,5300157,2.0530135631732416e+18,unknown,philips,38.35,523100448,4ba9fb0e-45b5-4015-a191-aabbdee5b342,<$50
2019-10-21 16:39:37+00:00,purchase,5300157,2.0530135631732416e+18,unknown,philips,38.35,523100448,4ba9fb0e-45b5-4015-a191-aabbdee5b342,<$50
2019-10-21 16:46:08+00:00,purchase,1004250,2.0530135556318828e+18,electronics.smartphone,apple,797.58,531307142,60f225d9-7639-4c51-b944-3e79704f5f21,$500-1000
2019-10-21 16:49:05+00:00,purchase,3801220,2.0530135661763635e+18,appliances.iron,polti,171.18,516002018,c5287d46-63c1-42e6-b37a-828ecd55af48,$100-200
2019-10-21 16:54:53+00:00,purchase,1004871,2.0530135556318828e+18,electronics.smartphone,samsung,283.83,520944559,46338773-8478-4d86-8f2b-fa1c9ddb67ed,$200-500
2019-10-21 16:54:53+00:00,purchase,1005098,2.0530135556318828e+18,electronics.smartphone,samsung,142.07,551979364,fb2be919-4d26-4501-876a-f25b87f2ef9f,$100-200
2019-10-21 16:55:14+00:00,purchase,5300157,2.0530135631732416e+18,unknown,philips,38.35,523100448,4ba9fb0e-45b5-4015-a191-aabbdee5b342,<$50
2019-10-21 16:58:56+00:00,purchase,1004781,2.0530135556318828e+18,electronics.smartphone,huawei,270.7,562533123,76fedb4f-efd7-4689-ae9c-817f2e2e210b,$200-500
2019-10-21 17:02:17+00:00,purchase,1307069,2.053013558920217e+18,computers.notebook,acer,513.81,531307142,40e3d696-4ef4-459e-b120-99137b8f2f7b,$500-1000
2019-10-21 17:10:05+00:00,purchase,36700014,2.0752105065739725e+18,unknown,karya,16.73,523100448,4ba9fb0e-45b5-4015-a191-aabbdee5b342,<$50
2019-10-21 17:35:02+00:00,purchase,1004249,2.0530135556318828e+18,electronics.smartphone,apple,745.94,562702009,c61c6588-20ce-4c79-a941-9cb49dadf22c,$500-1000
2019-10-21 17:38:14+00:00,purchase,4804056,2.053013554658804e+18,electronics.audio.headphone,apple,160.36,512803922,c9be8685-d64f-4999-80be-e142e2331ca1,$100-200
2019-10-21 17:39:08+00:00,purchase,4804056,2.053013554658804e+18,electronics.audio.headphone,apple,160.36,512803922,c9be8685-d64f-4999-80be-e142e2331ca1,$100-200
2019-10-21 17:40:19+00:00,purchase,1004767,2.0530135556318828e+18,electronics.smartphone,samsung,247.08,562702009,c61c6588-20ce-4c79-a941-9cb49dadf22c,$200-500
2019-10-21 17:46:23+00:00,purchase,1307515,2.053013558920217e+18,computers.notebook,lenovo,1363.25,554413034,5110f358-14ce-4239-94d5-7761ef874082,>$1000
2019-10-21 18:06:16+00:00,purchase,1004858,2.0530135556318828e+18,electronics.smartphone,samsung,131.53,513010370,77430b2c-dec9-4058-be57-3ca9e60dce21,$100-200
2019-10-21 18:10:37+00:00,purchase,22700524,2.0530135561687537e+18,unknown,force,239.36,532201013,1321fc6f-9847-4f61-87d3-4ebd72649a64,$200-500
2019-10-21 18:52:20+00:00,purchase,12701400,2.0530135535598963e+18,unknown,yokohama,88.81,516537343,73c51b40-7b74-480e-9ae2-a7ada9b0b330,$50-100
2019-10-21 19:02:57+00:00,purchase,12701400,2.0530135535598963e+18,unknown,yokohama,88.81,516537343,212b2c65-494a-4fa9-a215-1ae2d4b590d5,$50-100
2019-10-21 19:04:14+00:00,purchase,4804056,2.053013554658804e+18,electronics.audio.headphone,apple,160.36,512803922,36105d51-7f6a-4b51-b2f5-2c032cf2ac15,$100-200
2019-10-21 19:05:10+00:00,purchase,4804056,2.053013554658804e+18,electronics.audio.headphone,apple,160.36,512803922,36105d51-7f6a-4b51-b2f5-2c032cf2ac15,$100-200
2019-10-21 19:17:42+00:00,purchase,4804056,2.053013554658804e+18,electronics.audio.headphone,apple,160.34,516537343,b2df8b74-34ef-44ce-b9bc-434899bd7262,$100-200
2019-10-21 19:19:43+00:00,purchase,1307074,2.053013558920217e+18,computers.notebook,acer,746.2,562738894,5e92361a-3052-4368-84b3-ef950abdb21e,$500-1000
2019-10-21 19:32:38+00:00,purchase,1004857,2.0530135556318828e+18,electronics.smartphone,samsung,129.99,562738894,b27c285f-25cf-488f-8fe5-058de732903a,$100-200
2019-10-21 20:40:31+00:00,purchase,1005106,2.0530135556318828e+18,electronics.smartphone,apple,1533.12,562159714,58667368-95fc-457c-8bbe-c3e4351a57ac,>$1000
2019-10-21 21:17:05+00:00,purchase,1004856,2.0530135556318828e+18,electronics.smartphone,samsung,131.02,538437301,ad75b784-6a55-401d-af1a-3458b6a0382f,$100-200
2019-10-22 02:19:51+00:00,purchase,52100005,2.137704926053139e+18,unknown,nike,86.21,512432519,ffac9100-98a7-4da2-a98a-2bf19a759c1f,$50-100
2019-10-22 02:49:00+00:00,purchase,1004873,2.0530135556318828e+18,electronics.smartphone,samsung,370.23,513805831,32b43785-7118-4334-a3ad-8daf04e106eb,$200-500
2019-10-22 02:49:20+00:00,purchase,1005102,2.0530135556318828e+18,electronics.smartphone,xiaomi,432.9,512811655,57310339-9915-4e8d-9be1-7199b680f5a1,$200-500
2019-10-22 03:05:19+00:00,purchase,12719961,2.0530135535598963e+18,unknown,kapsen,49.68,537751473,3a7cac9e-34f0-449a-8e9c-e13814b5b4c9,<$50
2019-10-22 03:05:38+00:00,purchase,1004250,2.0530135556318828e+18,electronics.smartphone,apple,797.58,550247193,010afe2f-b62b-479a-aa61-bd0ba9466b83,$500-1000
2019-10-22 03:06:04+00:00,purchase,1003316,2.0530135556318828e+18,electronics.smartphone,apple,931.48,545769281,47b2578e-001e-4f0f-91b5-2dabf9312a2d,$500-1000
2019-10-22 03:29:41+00:00,purchase,3600182,2.053013563810776e+18,appliances.kitchen.washer,midea,115.64,525047524,8101cd23-950b-47a2-9b6f-1a9b3a3f9434,$100-200
2019-10-22 03:55:42+00:00,purchase,22700129,2.0530135561687537e+18,unknown,stels,68.73,543720495,77b08c13-824a-4a60-884f-74235910e507,$50-100
2019-10-22 04:03:11+00:00,purchase,5701020,2.053013553970938e+18,auto.accessories.player,,23.17,512432519,5391b842-fe33-4f80-9162-5b77cc0b4ea4,<$50
2019-10-22 04:26:47+00:00,purchase,12705074,2.0530135535598963e+18,unknown,michelin,171.82,555863319,dc7b7787-d6ae-4c17-9cba-9293baa0c7f1,$100-200
2019-10-22 04:40:08+00:00,purchase,1005116,2.0530135556318828e+18,electronics.smartphone,apple,1083.82,537845432,29e46791-1f74-4782-9339-130d2d4f0364,>$1000
2019-10-22 04:40:36+00:00,purchase,1004750,2.0530135556318828e+18,electronics.smartphone,samsung,195.51,512464805,b99a6ff4-a953-4683-930e-b24eeeae5e19,$100-200
2019-10-22 04:42:15+00:00,purchase,1004225,2.0530135556318828e+18,electronics.smartphone,apple,1003.44,520485067,97174331-87ad-4ce4-a6b6-219c3fcf6553,>$1000
2019-10-22 05:09:06+00:00,purchase,14500002,2.0530135547259128e+18,appliances.kitchen.coffee_grinder,bosch,42.16,525055016,095251e5-cbc5-48e2-969b-d27ea7b27d84,<$50
2019-10-22 05:13:50+00:00,purchase,7300464,2.0530135528636416e+18,unknown,apacer,57.66,512502496,26fae246-af52-4eb5-b881-20d67f171aee,$50-100
2019-10-22 05:15:46+00:00,purchase,3600937,2.053013563810776e+18,appliances.kitchen.washer,samsung,334.6,562834449,bbbb8342-b737-4806-ac06-0bd7a7809020,$200-500
2019-10-22 05:16:44+00:00,purchase,10800048,2.0530135549943483e+18,unknown,redmond,63.55,549113259,c0b6020f-a56c-4252-b1d9-2698602dd3c1,$50-100
2019-10-22 05:20:30+00:00,purchase,3801304,2.0530135661763635e+18,appliances.iron,tefal,64.96,544534339,4ab9b2bb-f27e-46d8-b2ed-b84bd7501e00,$50-100
2019-10-22 05:28:19+00:00,purchase,7300464,2.0530135528636416e+18,unknown,apacer,57.66,512502496,91d63ed7-2fc6-459a-a13f-8739be8e284e,$50-100
2019-10-22 05:31:56+00:00,purchase,6300361,2.0530135548349647e+18,appliances.kitchen.kettle,elenberg,15.42,562836154,ee1a2d28-b541-4dea-b38d-f0abf4978cd0,<$50
2019-10-22 05:32:00+00:00,purchase,2800433,2.0530135638359416e+18,appliances.kitchen.refrigerators,haier,283.12,525812574,50c46560-a7d1-4c3e-bd68-9862eb013a7d,$200-500
2019-10-22 05:40:32+00:00,purchase,1005062,2.0530135556318828e+18,electronics.smartphone,xiaomi,188.14,515536331,e31c98e5-a7b4-4157-b523-89bc11f48a38,$100-200
2019-10-22 05:48:17+00:00,purchase,2800088,2.0530135638359416e+18,appliances.kitchen.refrigerators,atlant,275.16,562840638,e8a685b2-d5bb-44da-9116-a7919329071f,$200-500
2019-10-22 06:04:04+00:00,purchase,1004767,2.0530135556318828e+18,electronics.smartphone,samsung,246.96,553795914,6eb98ae6-5edb-47c9-b07c-ce5e7b057ad4,$200-500
2019-10-22 06:17:19+00:00,purchase,38900087,2.0857186361561585e+18,unknown,,56.6,537242624,b915dcc0-ddc9-4116-ae9f-e31c0532f4bc,$50-100
2019-10-22 06:18:05+00:00,purchase,12711986,2.0530135535598963e+18,unknown,triangle,39.9,538366790,a6b3c51d-1a47-47f7-a577-135a7d055777,<$50
2019-10-22 06:19:11+00:00,purchase,9300067,2.0530135545245865e+18,unknown,lg,127.93,552719818,2a957a9c-6f91-4c2b-8065-e3fee01dc2bb,$100-200
2019-10-22 06:30:42+00:00,purchase,8801049,2.0530135555731625e+18,electronics.telephone,philips,48.88,518031446,da559596-7cfd-4c9d-af49-9e22ea4e88d7,<$50
2019-10-22 06:35:34+00:00,purchase,1004767,2.0530135556318828e+18,electronics.smartphone,samsung,246.96,540247320,f6a277da-29ac-45b6-aa63-19ea5947a813,$200-500
2019-10-22 06:53:13+00:00,purchase,12702930,2.0530135535598963e+18,unknown,cordiant,35.78,539559784,eaed3801-ab05-4149-9d3b-4a8a2d613fd8,<$50
2019-10-22 06:53:26+00:00,purchase,1004250,2.0530135556318828e+18,electronics.smartphone,apple,797.58,537239670,8387bd1b-323d-4214-bb14-d091f8e932e5,$500-1000
2019-10-22 07:21:17+00:00,purchase,1002524,2.0530135556318828e+18,electronics.smartphone,apple,533.22,545769281,55c45387-fbbc-4a72-a3b6-802310ca6532,$500-1000
2019-10-22 07:23:14+00:00,purchase,1005141,2.0530135556318828e+18,electronics.smartphone,apple,1731.05,562304982,eb910506-d5d9-4560-9e9d-1a8d6932f5c0,>$1000
2019-10-22 07:24:36+00:00,purchase,1005141,2.0530135556318828e+18,electronics.smartphone,apple,1731.05,562304982,eb910506-d5d9-4560-9e9d-1a8d6932f5c0,>$1000
2019-10-22 07:27:32+00:00,purchase,2701834,2.053013563911439e+18,appliances.kitchen.refrigerators,bosch,566.01,518315105,1af2f0d7-1c40-4000-a9f9-fb622d011934,$500-1000
2019-10-22 08:13:43+00:00,purchase,1005135,2.0530135556318828e+18,electronics.smartphone,apple,1729.3,562304982,7980bb08-1b91-4ab5-9c95-1c473d111c05,>$1000
2019-10-22 08:14:39+00:00,purchase,1005135,2.0530135556318828e+18,electronics.smartphone,apple,1729.3,562304982,7980bb08-1b91-4ab5-9c95-1c473d111c05,>$1000
2019-10-22 08:15:03+00:00,purchase,6200514,2.0530135522932165e+18,appliances.environment.air_heater,ballu,15.19,544694633,b9e72e87-361b-4049-a6fa-fd95688c3717,<$50
2019-10-22 08:36:41+00:00,purchase,1005104,2.0530135556318828e+18,electronics.smartphone,apple,1007.75,562670468,16f8672a-5d38-468c-8cd1-8c817652db3c,>$1000
2019-10-22 08:42:51+00:00,purchase,1004833,2.0530135556318828e+18,electronics.smartphone,samsung,170.85,530340101,9fbd16b9-e4ef-46f8-aab3-a5483910040f,$100-200
2019-10-22 08:44:50+00:00,purchase,1003310,2.0530135556318828e+18,electronics.smartphone,apple,696.03,562896245,823d33b2-9109-4ba1-8b2b-50ce6551468b,$500-1000
2019-10-22 08:49:55+00:00,purchase,4804056,2.053013554658804e+18,electronics.audio.headphone,apple,160.22,562896245,823d33b2-9109-4ba1-8b2b-50ce6551468b,$100-200
2019-10-22 08:53:21+00:00,purchase,12100616,2.053013555816432e+18,kids.skates,longway,82.37,512533261,05bc69ba-da4d-44c7-b2fb-165a12fbb9de,$50-100
2019-10-22 08:58:25+00:00,purchase,28720633,2.0530135652284508e+18,apparel.shoes,native,144.12,561165556,a696738c-7b35-4938-b0f5-730c2d9dac88,$100-200
2019-10-22 09:05:59+00:00,purchase,10701101,2.053013561277416e+18,unknown,ea,69.72,548471564,deab6817-a105-4fde-a639-b142c6bec241,$50-100
2019-10-22 09:11:52+00:00,purchase,1004767,2.0530135556318828e+18,electronics.smartphone,samsung,246.96,523207111,360b7335-263f-4efe-be7f-7633584135be,$200-500
2019-10-22 09:19:34+00:00,purchase,3700709,2.0530135659834253e+18,appliances.environment.vacuum,karcher,109.4,516354682,64464dc4-4d16-4e0e-a864-ed95c94287f4,$100-200
2019-10-22 09:33:34+00:00,purchase,1002633,2.0530135556318828e+18,electronics.smartphone,apple,358.39,562909982,eb7e180f-20fa-47a4-9d53-110f83bbf8ba,$200-500
2019-10-22 09:37:07+00:00,purchase,4804056,2.053013554658804e+18,electronics.audio.headphone,apple,160.22,512803922,ad28c461-aa9c-45f9-89e4-082179113488,$100-200
2019-10-22 09:38:15+00:00,purchase,1005135,2.0530135556318828e+18,electronics.smartphone,apple,1729.3,545325231,c25fd29e-f589-4a1f-83d8-29472f119c86,>$1000
2019-10-22 09:39:11+00:00,purchase,9200607,2.0530135529139732e+18,computers.peripherals.keyboard,defender,9.24,517654771,2e363849-bf4a-4d6c-b88f-a5ad151b12f1,<$50
2019-10-22 10:31:21+00:00,purchase,1004767,2.0530135556318828e+18,electronics.smartphone,samsung,246.81,523207111,81cb0e96-be27-4ab9-a089-5e2835500b62,$200-500
2019-10-22 10:37:07+00:00,purchase,15100132,2.053013557024392e+18,unknown,,312.98,515148802,f251a5eb-c32e-4caf-bfe0-af6fcd423324,$200-500
2019-10-22 10:54:04+00:00,purchase,1004750,2.0530135556318828e+18,electronics.smartphone,samsung,195.51,562906512,cb1aa07f-0f4c-41d0-93b5-067a26046092,$100-200
2019-10-22 11:27:57+00:00,purchase,1004856,2.0530135556318828e+18,electronics.smartphone,samsung,131.53,516217947,27fe49de-cf86-40ff-adbe-fb982fa2b322,$100-200
2019-10-22 11:45:47+00:00,purchase,1004659,2.0530135556318828e+18,electronics.smartphone,samsung,726.65,513506186,5e4c5b8a-6f8a-4029-a31f-9c72aeb0403b,$500-1000
2019-10-22 11:47:04+00:00,purchase,1005179,2.0530135556318828e+18,electronics.smartphone,samsung,900.64,513506186,5e4c5b8a-6f8a-4029-a31f-9c72aeb0403b,$500-1000
2019-10-22 11:59:17+00:00,purchase,1004839,2.0530135556318828e+18,electronics.smartphone,oppo,179.92,562952789,b9b356ac-700c-4264-a6c5-059796513eec,$100-200
2019-10-22 12:00:33+00:00,purchase,12713005,2.0530135535598963e+18,unknown,powertrac,50.45,562959870,3e87cd3d-1151-40b4-b8bd-f9f87dc5fa48,$50-100
2019-10-22 12:00:35+00:00,purchase,12710977,2.0530135535598963e+18,unknown,powertrac,32.95,512502496,97ab5baa-4d6b-4a49-8c46-76a0b9894fa3,<$50
2019-10-22 12:03:05+00:00,purchase,1004741,2.0530135556318828e+18,electronics.smartphone,xiaomi,189.97,562937357,170cc2af-72c4-46db-bb85-61fb8165ad14,$100-200
2019-10-22 12:05:35+00:00,purchase,6200514,2.0530135522932165e+18,appliances.environment.air_heater,ballu,15.19,544694633,fb05933e-9890-47b3-8dde-c6b16ee164f8,<$50
2019-10-22 12:12:26+00:00,purchase,4804056,2.053013554658804e+18,electronics.audio.headphone,apple,160.17,512803922,41255749-ccbb-4a0c-8770-9b7f9365c54c,$100-200
2019-10-22 12:15:14+00:00,purchase,1005145,2.0530135556318828e+18,electronics.smartphone,apple,2059.0,512369042,582d1fba-9c13-9a6a-d1f6-5ede17e2567b,>$1000
2019-10-22 12:19:34+00:00,purchase,1002633,2.0530135556318828e+18,electronics.smartphone,apple,358.39,512369042,582d1fba-9c13-9a6a-d1f6-5ede17e2567b,$200-500
2019-10-22 12:53:01+00:00,purchase,1600282,2.05301355305658e+18,computers.peripherals.printer,hp,38.35,550296668,76182dbb-5054-4b4b-91db-e3335f26254a,<$50
2019-10-22 13:01:34+00:00,purchase,1004209,2.0530135556318828e+18,electronics.smartphone,samsung,88.81,514724890,9d7b909b-f85d-4fd4-8e03-e8491142ee06,$50-100
2019-10-22 13:04:45+00:00,purchase,11500708,2.0530135546252493e+18,unknown,jbl,167.06,512758694,d686b374-0f00-4088-ac77-321723ffb17c,$100-200
2019-10-22 13:12:57+00:00,purchase,11800030,2.0530135612438615e+18,unknown,sony,380.7,512758694,d686b374-0f00-4088-ac77-321723ffb17c,$200-500
2019-10-22 13:13:24+00:00,purchase,1004856,2.0530135556318828e+18,electronics.smartphone,samsung,131.53,525921810,7965ed39-0f81-4e04-95fc-4595de7a4038,$100-200
2019-10-22 13:13:52+00:00,purchase,1307433,2.053013558920217e+18,computers.notebook,lenovo,397.93,513310522,7dbf4a56-c4ab-4ef3-90b6-e720f087f884,$200-500
2019-10-22 13:14:33+00:00,purchase,13000062,2.053013561159976e+18,unknown,sony,96.5,512758694,d686b374-0f00-4088-ac77-321723ffb17c,$50-100
2019-10-22 13:21:50+00:00,purchase,1005102,2.0530135556318828e+18,electronics.smartphone,xiaomi,432.87,512811655,c468e4e5-4015-4f6f-b1ef-36dd474d333b,$200-500
2019-10-22 13:33:21+00:00,purchase,1004777,2.0530135556318828e+18,electronics.smartphone,xiaomi,138.74,512484704,b80d960b-7c1b-451b-bd83-8bdbb6e7aeb5,$100-200
2019-10-22 13:56:56+00:00,purchase,1004856,2.0530135556318828e+18,electronics.smartphone,samsung,131.53,553366259,5d5c5750-a36e-4701-86e6-0c6fd6cb9ba0,$100-200
2019-10-22 14:01:01+00:00,purchase,1004856,2.0530135556318828e+18,electronics.smartphone,samsung,131.53,553366259,5bb08875-3c53-488a-87cb-607382b5641c,$100-200
2019-10-22 14:04:43+00:00,purchase,1004210,2.0530135556318828e+18,electronics.smartphone,samsung,88.42,525921810,f5b2559e-fc4b-4076-a237-038b348189cb,$50-100
2019-10-22 14:18:07+00:00,purchase,5301296,2.0530135631732416e+18,unknown,vitek,28.06,542553112,a8ebe38f-8ac9-4b99-9f16-90834b79e0cf,<$50
2019-10-22 14:43:11+00:00,purchase,5100816,2.053013553375347e+18,unknown,xiaomi,26.68,562969330,89a210b7-d9fa-4515-850d-d0c04cfbd0d7,<$50
2019-10-22 15:14:46+00:00,purchase,5801701,2.0530135539457723e+18,electronics.audio.subwoofer,fli,141.57,563019652,b36cbcf4-de56-4a05-ae49-a8f5b7bff370,$100-200
2019-10-22 15:20:49+00:00,purchase,12709892,2.0530135535598963e+18,unknown,michelin,149.17,554777399,21726ad0-8237-4a0f-90ba-ecf16c589a75,$100-200
2019-10-22 15:25:26+00:00,purchase,3601603,2.053013563810776e+18,appliances.kitchen.washer,lg,398.7,517987958,4e999c7c-488c-454f-ad3d-67454721b9af,$200-500
2019-10-22 15:27:19+00:00,purchase,3601127,2.053013563810776e+18,appliances.kitchen.washer,haier,321.73,517987958,4e999c7c-488c-454f-ad3d-67454721b9af,$200-500
2019-10-22 15:28:31+00:00,purchase,3600666,2.053013563810776e+18,appliances.kitchen.washer,samsung,321.52,517987958,4e999c7c-488c-454f-ad3d-67454721b9af,$200-500
2019-10-22 15:29:43+00:00,purchase,1004249,2.0530135556318828e+18,electronics.smartphone,apple,740.79,512607231,ea9daa18-bb77-4ac6-bc3b-3c752d2bda52,$500-1000
2019-10-22 15:36:20+00:00,purchase,3601485,2.053013563810776e+18,appliances.kitchen.washer,lg,308.63,515842656,03072808-c312-4eba-bcf4-6fc426e91fd1,$200-500
2019-10-22 15:36:23+00:00,purchase,3600659,2.053013563810776e+18,appliances.kitchen.washer,atlant,218.26,517987958,4e999c7c-488c-454f-ad3d-67454721b9af,$200-500
2019-10-22 15:37:29+00:00,purchase,1004834,2.0530135556318828e+18,electronics.smartphone,samsung,171.95,563026431,e25610a1-ddcc-4c0a-b0ef-67254be450e1,$100-200
2019-10-22 15:43:21+00:00,purchase,1004766,2.0530135556318828e+18,electronics.smartphone,samsung,246.78,563026431,e25610a1-ddcc-4c0a-b0ef-67254be450e1,$200-500
2019-10-22 15:48:49+00:00,purchase,2501069,2.0530135640037135e+18,appliances.kitchen.oven,asel,46.31,543788062,23fc7da2-4dd0-4f5e-b557-744439d4f4f5,<$50
2019-10-22 15:48:53+00:00,purchase,5800860,2.0530135539457723e+18,electronics.audio.subwoofer,phantom,15.44,512432519,9c82a277-8075-44f2-b047-8caee5c94cff,<$50
2019-10-22 15:50:15+00:00,purchase,1004727,2.0530135556318828e+18,electronics.smartphone,sony,179.67,563019652,146dfd3f-47aa-4485-b984-988d639ea62e,$100-200
2019-10-22 15:57:40+00:00,purchase,1005135,2.0530135556318828e+18,electronics.smartphone,apple,1727.84,545325231,adb276a8-1ee0-f2f6-cfdb-00063a7ebffd,>$1000
2019-10-22 16:02:41+00:00,purchase,12718429,2.0530135535598963e+18,unknown,cordiant,48.14,515418474,eb82b17d-040b-4df5-9d50-59c2b5d37a49,<$50
2019-10-22 16:09:18+00:00,purchase,22700068,2.0530135561687537e+18,unknown,force,97.81,539406939,424e1030-ddfc-49ec-9b92-92751aad7671,$50-100
2019-10-22 16:18:16+00:00,purchase,1004856,2.0530135556318828e+18,electronics.smartphone,samsung,131.53,546712725,9e754957-1a03-4851-a815-6268c1f95cb9,$100-200
2019-10-22 16:18:55+00:00,purchase,1004856,2.0530135556318828e+18,electronics.smartphone,samsung,131.53,525921810,b32b3b5a-a185-4eba-abe7-391d42a96a6b,$100-200
2019-10-22 16:35:29+00:00,purchase,12702930,2.0530135535598963e+18,unknown,cordiant,35.78,522403775,0e6351ee-e0b9-4d2a-895d-c91e6fd92127,<$50
2019-10-22 16:39:39+00:00,purchase,5000565,2.053013566100866e+18,appliances.sewing_machine,janome,103.0,558188831,f5a59212-a373-16e2-1020-4247bf49a962,$100-200
2019-10-22 16:43:26+00:00,purchase,17302441,2.0530135538534976e+18,unknown,lancome,127.08,547483914,ac4e6744-602a-400f-aa22-cb17606369d6,$100-200
2019-10-22 16:58:22+00:00,purchase,1004856,2.0530135556318828e+18,electronics.smartphone,samsung,131.53,540226181,d3679101-e560-4c30-a645-c353ac110c4f,$100-200
2019-10-22 17:01:13+00:00,purchase,1004870,2.0530135556318828e+18,electronics.smartphone,samsung,283.52,563046103,1c382928-be19-438a-acff-7241e7a9726f,$200-500
2019-10-22 17:01:20+00:00,purchase,1004856,2.0530135556318828e+18,electronics.smartphone,samsung,131.53,541313444,54b2d3dd-846a-4232-a5aa-169f877fd7d3,$100-200
2019-10-22 17:07:37+00:00,purchase,1004870,2.0530135556318828e+18,electronics.smartphone,samsung,283.52,563046103,1c382928-be19-438a-acff-7241e7a9726f,$200-500
2019-10-22 17:12:31+00:00,purchase,17300016,2.0530135538534976e+18,unknown,trussardi,71.14,512871820,ea34914a-65d0-47c8-9d20-8925b265afd3,$50-100
2019-10-22 17:12:44+00:00,purchase,1004870,2.0530135556318828e+18,electronics.smartphone,samsung,283.52,563046103,1c382928-be19-438a-acff-7241e7a9726f,$200-500
2019-10-22 17:23:25+00:00,purchase,22700756,2.0530135561687537e+18,unknown,,108.09,521428585,746bcb8b-07d2-4b5c-bdef-0c4c66ebfea2,$100-200
2019-10-22 17:38:54+00:00,purchase,1801690,2.0530135544155343e+18,electronics.video.tv,samsung,369.37,518670692,6b3e32db-a91f-47cc-82b2-9fe6a369f0f3,$200-500
2019-10-22 17:40:23+00:00,purchase,1004741,2.0530135556318828e+18,electronics.smartphone,xiaomi,189.97,563063141,35dbdeac-a7b9-45de-992d-acc3a9e65768,$100-200
2019-10-22 17:44:42+00:00,purchase,1004249,2.0530135556318828e+18,electronics.smartphone,apple,740.79,518504805,6be6a1f8-7306-43ad-b0f1-e9956f1c084d,$500-1000
2019-10-22 17:49:37+00:00,purchase,1004856,2.0530135556318828e+18,electronics.smartphone,samsung,131.53,517326472,d7c35485-bcc5-4dec-847f-bb0b7f1ea4af,$100-200
2019-10-22 18:00:45+00:00,purchase,18500017,2.0530135526958697e+18,electronics.tablet,wacom,115.58,559837683,9153f7a7-daed-4bdc-97a2-966e02dd3d26,$100-200
2019-10-22 18:30:16+00:00,purchase,5100610,2.0530135533417925e+18,electronics.clocks,apple,334.35,512500938,9a854d9d-6816-4b08-b766-f8f8b9c29618,$200-500
2019-10-22 18:51:40+00:00,purchase,1004835,2.0530135556318828e+18,electronics.smartphone,samsung,224.29,512825701,9979d55e-0edf-4043-b114-818bbb4bf2cc,$200-500
2019-10-22 18:52:46+00:00,purchase,1004835,2.0530135556318828e+18,electronics.smartphone,samsung,224.29,512825701,9979d55e-0edf-4043-b114-818bbb4bf2cc,$200-500
2019-10-22 19:11:22+00:00,purchase,1004836,2.0530135556318828e+18,electronics.smartphone,samsung,224.19,523591415,ad642eb0-a9a2-4c83-9dc1-05f1fef66806,$200-500
2019-10-22 19:32:57+00:00,purchase,18500032,2.0530135526958697e+18,electronics.tablet,huion,109.55,559837683,0f881823-2961-4ff5-8835-8a3791bda9ec,$100-200
2019-10-22 19:48:15+00:00,purchase,12701602,2.0530135535598963e+18,unknown,matador,39.9,514417658,80397998-4cea-4421-9c7e-cd63efc69845,<$50
2019-10-22 19:50:40+00:00,purchase,18500017,2.0530135526958697e+18,electronics.tablet,wacom,115.58,559837683,2b1e27bc-6e9f-4c3f-9b2e-f31a1e0b0872,$100-200
2019-10-22 19:57:15+00:00,purchase,1004249,2.0530135556318828e+18,electronics.smartphone,apple,740.62,532786569,21ea8861-d0af-4c18-8a62-964d9402ca7f,$500-1000
2019-10-22 20:26:58+00:00,purchase,4804295,2.053013554658804e+18,electronics.audio.headphone,xiaomi,22.91,515479771,3e7c4f1d-dd7f-4f0c-b131-ffb645dc2ef0,<$50
2019-10-23 01:58:04+00:00,purchase,6200514,2.0530135522932165e+18,appliances.environment.air_heater,ballu,15.19,544694633,3068e351-76ad-4e64-82c3-fff5eee9e266,<$50
2019-10-23 02:18:30+00:00,purchase,1005123,2.0530135556318828e+18,electronics.smartphone,apple,1192.81,516462497,21aa82c8-0eed-4eb1-a60b-a2fcb771bad0,>$1000
2019-10-23 02:25:48+00:00,purchase,1307344,2.053013558920217e+18,computers.notebook,asus,540.53,515638561,45fe9ab9-3e25-4cbe-82c1-c2286a1acf91,$500-1000
2019-10-23 02:26:55+00:00,purchase,1307344,2.053013558920217e+18,computers.notebook,asus,540.53,515638561,45fe9ab9-3e25-4cbe-82c1-c2286a1acf91,$500-1000
2019-10-23 02:29:57+00:00,purchase,1307344,2.053013558920217e+18,computers.notebook,asus,540.53,515638561,63799e08-bc2c-4e55-bbcc-3badc7a279fe,$500-1000
2019-10-23 02:43:06+00:00,purchase,13101401,2.053013553526342e+18,unknown,skad,193.06,562959870,784f3941-cf4f-4261-b918-27a0d7a786cb,$100-200
2019-10-23 03:07:37+00:00,purchase,4501261,2.053013563877885e+18,appliances.kitchen.hob,gefest,228.06,513667243,70e338db-cf27-47e5-9663-65d11697793b,$200-500
2019-10-23 03:10:11+00:00,purchase,2501409,2.0530135640037135e+18,appliances.kitchen.oven,gefest,277.97,513667243,f577344e-11af-4ffb-b5c9-b9fa5c36679f,$200-500
2019-10-23 03:14:08+00:00,purchase,3701056,2.0530135659834253e+18,appliances.environment.vacuum,samsung,69.47,517987958,bc313e1a-eed6-4292-9c5e-a46fd061da98,$50-100
2019-10-23 03:22:40+00:00,purchase,1002540,2.0530135556318828e+18,electronics.smartphone,apple,462.05,563165528,036ff6cc-5f4e-4b3a-abd0-52abfd05dbfa,$200-500
2019-10-23 03:46:12+00:00,purchase,4000192,2.053013566142809e+18,construction.tools.generator,karcher,165.41,513667243,91a54b0c-021c-4de4-8e83-2735dd00a72d,$100-200
2019-10-23 04:12:44+00:00,purchase,18301069,2.053013558945383e+18,accessories.bag,hama,12.99,519157277,aaa69e18-3a21-438e-b670-089d23df42b8,<$50
2019-10-23 04:49:33+00:00,purchase,3801070,2.0530135661763635e+18,appliances.iron,panasonic,26.49,517987958,84382b41-43b7-4fdf-ab56-26d81327e86d,<$50
2019-10-23 04:52:04+00:00,purchase,27800054,2.079713978300236e+18,unknown,,119.69,516780905,a1ef3c03-f6db-4c39-955e-b1e926592365,$100-200
2019-10-23 05:01:28+00:00,purchase,35800011,2.1356583599682363e+18,unknown,tega,7.72,514145758,2deccd87-d98a-4a13-82da-7101a7dfd787,<$50
2019-10-23 05:14:59+00:00,purchase,1004856,2.0530135556318828e+18,electronics.smartphone,samsung,131.53,520907653,c54420c5-3c57-4c15-8cae-6b542e743496,$100-200
2019-10-23 05:22:58+00:00,purchase,1004870,2.0530135556318828e+18,electronics.smartphone,samsung,283.36,563046103,1538eb14-ce5a-4faf-a8c6-d9515bf2d9a3,$200-500
2019-10-23 05:25:09+00:00,purchase,6201019,2.0530135522932165e+18,appliances.environment.air_heater,,36.53,562884789,60195576-75b8-45a5-85e5-a72ee1fb4819,<$50
2019-10-23 05:25:21+00:00,purchase,1004870,2.0530135556318828e+18,electronics.smartphone,samsung,283.36,563046103,1538eb14-ce5a-4faf-a8c6-d9515bf2d9a3,$200-500
2019-10-23 05:25:28+00:00,purchase,1005102,2.0530135556318828e+18,electronics.smartphone,xiaomi,432.87,512811655,1659c570-6dcc-44f2-af3a-446c5a704984,$200-500
2019-10-23 05:26:52+00:00,purchase,1004873,2.0530135556318828e+18,electronics.smartphone,samsung,369.47,512811655,1659c570-6dcc-44f2-af3a-446c5a704984,$200-500
2019-10-23 05:44:37+00:00,purchase,14000085,2.0530135573851016e+18,unknown,santeri,19.28,513641024,c6073155-4369-5a8d-5ecc-f6893c99be27,<$50
2019-10-23 06:01:53+00:00,purchase,3801304,2.0530135661763635e+18,appliances.iron,tefal,65.61,563200094,05c8b7b3-fc31-48df-9c40-e5e3366c517f,$50-100
2019-10-23 06:10:09+00:00,purchase,13400314,2.0530135570663347e+18,unknown,brw,78.51,513226836,3275010c-4325-4afc-b81d-e7e5f6f04fb2,$50-100
2019-10-23 06:24:36+00:00,purchase,3600661,2.053013563810776e+18,appliances.kitchen.washer,samsung,295.76,515842656,76b01048-456f-4e42-9ed6-ec16bfa20189,$200-500
2019-10-23 06:25:01+00:00,purchase,1004856,2.0530135556318828e+18,electronics.smartphone,samsung,131.53,525921810,6dc23ba9-dbf9-46d0-9a58-51504265cdb1,$100-200
2019-10-23 06:27:21+00:00,purchase,13103867,2.053013553526342e+18,unknown,trebl,55.6,515068260,ed7ad4ab-4143-45d4-9682-7f257a7a8e03,$50-100
2019-10-23 06:57:46+00:00,purchase,3601524,2.053013563810776e+18,appliances.kitchen.washer,samsung,398.95,517987958,31a4b206-414b-4d98-906d-bc9c4e4a0193,$200-500
2019-10-23 06:58:50+00:00,purchase,3601524,2.053013563810776e+18,appliances.kitchen.washer,samsung,398.95,517987958,31a4b206-414b-4d98-906d-bc9c4e4a0193,$200-500
2019-10-23 07:02:26+00:00,purchase,3601423,2.053013563810776e+18,appliances.kitchen.washer,candy,231.38,517987958,31a4b206-414b-4d98-906d-bc9c4e4a0193,$200-500
2019-10-23 07:08:19+00:00,purchase,9000196,2.053013566067312e+18,unknown,janome,213.1,519133124,5525228e-5c9e-45f4-8165-f95190efd9eb,$200-500
2019-10-23 07:11:39+00:00,purchase,2601446,2.0530135639701596e+18,unknown,dauscher,406.13,519133124,5525228e-5c9e-45f4-8165-f95190efd9eb,$200-500
2019-10-23 07:15:49+00:00,purchase,1307004,2.053013558920217e+18,computers.notebook,lenovo,290.6,514575803,b99bac11-1a04-4c87-8090-374070b9add5,$200-500
2019-10-23 07:24:03+00:00,purchase,1600282,2.05301355305658e+18,computers.peripherals.printer,hp,38.35,514575803,bfb906d6-43f9-4023-93bb-95dd3aef1b8a,<$50
2019-10-23 07:32:38+00:00,purchase,1004750,2.0530135556318828e+18,electronics.smartphone,samsung,195.49,563026431,f850ca69-9664-4c66-9728-f1fe77ff96f0,$100-200
2019-10-23 07:33:48+00:00,purchase,1004750,2.0530135556318828e+18,electronics.smartphone,samsung,195.49,563026431,f850ca69-9664-4c66-9728-f1fe77ff96f0,$100-200
2019-10-23 07:36:32+00:00,purchase,7005237,2.0530135603462807e+18,kids.carriage,,101.76,555007464,60eaf2db-92f4-44e0-bb34-2e53a5cef475,$100-200
2019-10-23 07:47:07+00:00,purchase,3600666,2.053013563810776e+18,appliances.kitchen.washer,samsung,321.52,550353366,7592ecf7-e21d-4c1f-8eeb-5afd49102d4c,$200-500
2019-10-23 07:52:02+00:00,purchase,3701404,2.0530135659834253e+18,appliances.environment.vacuum,dauscher,50.94,514471982,ccb11d9f-997f-4fff-b8d6-6bf499cf17c2,$50-100
2019-10-23 08:07:34+00:00,purchase,1005161,2.0530135556318828e+18,electronics.smartphone,xiaomi,222.31,563238823,2572b845-9890-471e-b473-73e60921ca24,$200-500
2019-10-23 08:08:06+00:00,purchase,1801766,2.0530135544155343e+18,electronics.video.tv,artel,147.18,563239244,f2bb5332-3df8-4016-91b3-5e976ac22fc5,$100-200
2019-10-23 08:11:22+00:00,purchase,12704544,2.0530135535598963e+18,unknown,nokian,48.14,541543957,37fcba4b-0703-4061-91ca-3e7e592f981e,<$50
2019-10-23 08:16:44+00:00,purchase,3701321,2.0530135659834253e+18,appliances.environment.vacuum,karcher,151.04,524664887,582e4fa5-a50c-4f74-83fc-62a6fc5fb646,$100-200
2019-10-23 08:45:44+00:00,purchase,1801940,2.0530135544155343e+18,electronics.video.tv,haier,231.64,563251796,c2a38d94-b6eb-4518-9b8d-1134f9e9490b,$200-500
2019-10-23 08:57:42+00:00,purchase,9200403,2.0530135529139732e+18,computers.peripherals.keyboard,kingston,77.2,530537657,3f95ecbb-6af2-4250-8d50-73b94607e648,$50-100
2019-10-23 09:01:28+00:00,purchase,12400120,2.05301355625264e+18,construction.tools.drill,alteco,49.68,514304182,428280e2-7789-4d7b-9b70-98ca31a1e8ef,<$50
2019-10-23 09:07:22+00:00,purchase,1005158,2.0530135556318828e+18,electronics.smartphone,xiaomi,329.46,512811655,5f635d80-f303-4152-8919-6e91f92e889d,$200-500
2019-10-23 09:12:50+00:00,purchase,11500743,2.0530135546252493e+18,unknown,havit,24.7,515458103,f0d8f6c3-0ce2-403c-9958-077c246422cf,<$50
2019-10-23 09:16:32+00:00,purchase,38900027,2.0857186361561585e+18,unknown,,64.33,529255329,b0b063d3-a873-47e5-a622-99000a3c4b42,$50-100
2019-10-23 09:19:04+00:00,purchase,3601524,2.053013563810776e+18,appliances.kitchen.washer,samsung,398.95,517987958,b596fb2e-f261-4614-8231-3f7bc916034a,$200-500
2019-10-23 09:20:16+00:00,purchase,3601524,2.053013563810776e+18,appliances.kitchen.washer,samsung,398.95,517987958,b596fb2e-f261-4614-8231-3f7bc916034a,$200-500
2019-10-23 09:22:04+00:00,purchase,3601244,2.053013563810776e+18,appliances.kitchen.washer,lg,371.23,517987958,b596fb2e-f261-4614-8231-3f7bc916034a,$200-500
2019-10-23 09:25:15+00:00,purchase,8000326,2.0530135565797957e+18,unknown,bambola,24.43,559378963,0435cf39-a381-414d-b169-2c0538914bb0,<$50
2019-10-23 09:26:47+00:00,purchase,3601524,2.053013563810776e+18,appliances.kitchen.washer,samsung,398.95,517987958,b596fb2e-f261-4614-8231-3f7bc916034a,$200-500
2019-10-23 09:28:23+00:00,purchase,3601524,2.053013563810776e+18,appliances.kitchen.washer,samsung,398.95,517987958,b596fb2e-f261-4614-8231-3f7bc916034a,$200-500
2019-10-23 09:41:18+00:00,purchase,1004258,2.0530135556318828e+18,electronics.smartphone,apple,731.47,563269708,f41d5df0-f2cc-41e7-b003-8dc54ca80f3a,$500-1000
2019-10-23 09:52:16+00:00,purchase,5700850,2.053013553970938e+18,auto.accessories.player,alpine,115.83,540741340,4a941270-9761-460c-a5ea-d88017f842bb,$100-200
2019-10-23 09:57:53+00:00,purchase,1002923,2.0530135556318828e+18,electronics.smartphone,huawei,170.67,540741340,34a69576-e860-44f3-bfcf-627b48f497bc,$100-200
2019-10-23 10:08:30+00:00,purchase,12701602,2.0530135535598963e+18,unknown,matador,39.9,514417658,35dc8459-903f-44ec-a562-ab7970ea61e9,<$50
2019-10-23 10:14:03+00:00,purchase,17300450,2.0530135538534976e+18,unknown,,135.5,562102261,c4ac3e64-3929-40a8-943f-845d94b1baca,$100-200
2019-10-23 10:15:37+00:00,purchase,4300260,2.0530135523854912e+18,unknown,xiaomi,236.56,513177059,b3d34f49-0bd2-4ac7-a73b-98e299491952,$200-500
2019-10-23 10:22:49+00:00,purchase,1003316,2.0530135556318828e+18,electronics.smartphone,apple,928.47,545769281,fc1f4cc0-5f01-46f6-b204-874114f98953,$500-1000
2019-10-23 10:31:17+00:00,purchase,1004258,2.0530135556318828e+18,electronics.smartphone,apple,731.47,563269708,feb6e31e-3c9d-43d8-8bcd-1fdc692dea49,$500-1000
2019-10-23 10:32:18+00:00,purchase,1002544,2.0530135556318828e+18,electronics.smartphone,apple,458.42,563269708,feb6e31e-3c9d-43d8-8bcd-1fdc692dea49,$200-500
2019-10-23 10:36:23+00:00,purchase,11300043,2.0530135555312197e+18,electronics.telephone,panasonic,70.75,529563203,fd44573e-3e0b-4bb5-95b6-65eb9d04cb36,$50-100
2019-10-23 10:40:09+00:00,purchase,1004768,2.0530135556318828e+18,electronics.smartphone,samsung,246.45,563289234,d394d35e-b800-4f7e-aa5c-f00b0fc670a9,$200-500
2019-10-23 10:41:31+00:00,purchase,12703498,2.0530135535598963e+18,unknown,cordiant,40.93,514417658,15c585ed-612d-4644-aeb3-94c0f48f2187,<$50
2019-10-23 10:42:47+00:00,purchase,1004741,2.0530135556318828e+18,electronics.smartphone,xiaomi,189.97,541392759,e59bf6bb-a849-4567-908a-4a2f3e3608f6,$100-200
2019-10-23 11:02:29+00:00,purchase,1004834,2.0530135556318828e+18,electronics.smartphone,samsung,171.9,563186292,24c3b16b-b24f-4812-92db-1554936288da,$100-200
2019-10-23 11:04:57+00:00,purchase,31501173,2.053013558031025e+18,unknown,,16.35,512366835,7243f9ea-ae74-4f47-b838-0533968ccde7,<$50
2019-10-23 11:08:52+00:00,purchase,54900011,2.1466608872036764e+18,apparel.costume,,64.35,512366835,7243f9ea-ae74-4f47-b838-0533968ccde7,$50-100
2019-10-23 11:15:20+00:00,purchase,28715723,2.053013565782099e+18,apparel.shoes,caprice,64.61,512366835,7243f9ea-ae74-4f47-b838-0533968ccde7,$50-100
2019-10-23 11:57:09+00:00,purchase,3601524,2.053013563810776e+18,appliances.kitchen.washer,samsung,398.95,517987958,377181da-b0bc-4cf7-8f5f-8c395dbb8f8e,$200-500
2019-10-23 11:58:14+00:00,purchase,3601524,2.053013563810776e+18,appliances.kitchen.washer,samsung,398.95,517987958,377181da-b0bc-4cf7-8f5f-8c395dbb8f8e,$200-500
2019-10-23 11:58:18+00:00,purchase,20000505,2.0530135595158085e+18,unknown,ccm,280.57,514129259,8c977835-a64d-4048-ace2-924306a7d6cf,$200-500
2019-10-23 12:23:20+00:00,purchase,1005069,2.0530135556318828e+18,electronics.smartphone,vivo,308.86,516770571,46186199-a9fb-491c-b757-7ab75cc8f6f7,$200-500
2019-10-23 12:29:48+00:00,purchase,18300999,2.053013558945383e+18,accessories.bag,asus,10.18,543401858,64baf4ed-dc29-4e50-9ca5-edc65304550a,<$50
2019-10-23 12:32:14+00:00,purchase,1004856,2.0530135556318828e+18,electronics.smartphone,samsung,131.51,525921810,298cc510-f48b-42fa-b90a-b0bb314fc526,$100-200
2019-10-23 12:32:39+00:00,purchase,22700068,2.0530135561687537e+18,unknown,force,97.81,532589714,1b55485c-c183-4c33-aad3-9b8a6e45f0e3,$50-100
2019-10-23 12:33:33+00:00,purchase,1004833,2.0530135556318828e+18,electronics.smartphone,samsung,170.79,525921810,298cc510-f48b-42fa-b90a-b0bb314fc526,$100-200
2019-10-23 12:37:05+00:00,purchase,1004767,2.0530135556318828e+18,electronics.smartphone,samsung,246.52,549341839,ea1a0366-eb69-4827-81de-9d8003462695,$200-500
2019-10-23 12:41:35+00:00,purchase,21400424,2.053013561579406e+18,electronics.clocks,,159.59,550324635,d49f4d87-0c43-4a48-b65f-ef0dbacdd8ae,$100-200
2019-10-23 12:44:28+00:00,purchase,30100097,2.0530135561100332e+18,unknown,hyundai,22.65,529445017,5271f8b3-5ae2-4cbe-a027-95b212840f6c,<$50
2019-10-23 12:45:06+00:00,purchase,1004870,2.0530135556318828e+18,electronics.smartphone,samsung,283.23,525921810,298cc510-f48b-42fa-b90a-b0bb314fc526,$200-500
2019-10-23 12:47:57+00:00,purchase,1005163,2.0530135556318828e+18,electronics.smartphone,xiaomi,291.11,549267062,13843af9-2378-4a3b-a3b2-48623c9650df,$200-500
2019-10-23 12:57:38+00:00,purchase,30200002,2.0530135544490888e+18,unknown,,167.29,553057327,504b16ea-b620-418e-abee-7a10009cbe8c,$100-200
2019-10-23 13:01:13+00:00,purchase,1002524,2.0530135556318828e+18,electronics.smartphone,apple,531.67,518681935,cdaacffd-8475-4976-875c-7a86d446bb64,$500-1000
2019-10-23 13:26:27+00:00,purchase,28720426,2.0530135656394929e+18,apparel.shoes,baden,51.22,512880246,9fcd8e43-aa67-4002-9f5e-66f9761b44e1,$50-100
2019-10-23 13:35:40+00:00,purchase,2601779,2.0530135639701596e+18,unknown,artel,174.78,518743244,274d0ac4-e460-47fc-a323-6bb2d1f422d3,$100-200
2019-10-23 13:37:51+00:00,purchase,3700837,2.0530135659834253e+18,appliances.environment.vacuum,arnica,225.99,525013372,4dff1ca6-74ff-4a91-ba65-05a93a67c049,$200-500
2019-10-23 13:40:02+00:00,purchase,3600163,2.053013563810776e+18,appliances.kitchen.washer,indesit,177.3,559478725,3bde829b-7fea-4582-ba92-4d2507334d2a,$100-200
2019-10-23 13:51:37+00:00,purchase,1004856,2.0530135556318828e+18,electronics.smartphone,samsung,131.51,521879697,fbb90426-d2eb-44e7-85ed-a70fd6fd12c5,$100-200
2019-10-23 13:54:51+00:00,purchase,3601524,2.053013563810776e+18,appliances.kitchen.washer,samsung,398.95,517987958,377bd949-403b-47f2-bec8-620649a819f2,$200-500
2019-10-23 13:55:13+00:00,purchase,21407710,2.053013561579406e+18,electronics.clocks,casio,18.02,516013617,e2c98211-75ca-41de-bd43-ebd75fc721ef,<$50
2019-10-23 14:01:42+00:00,purchase,7004056,2.0530135603462807e+18,kids.carriage,babyzen,630.65,558659366,ea2248f0-cb53-40f0-93e0-c774edeceaa2,$500-1000
2019-10-23 14:13:06+00:00,purchase,1004767,2.0530135556318828e+18,electronics.smartphone,samsung,246.52,519271227,ac36e56e-43f7-475d-878f-d53954c02e09,$200-500
2019-10-23 14:18:25+00:00,purchase,1004856,2.0530135556318828e+18,electronics.smartphone,samsung,131.51,542827690,7084fe6b-98da-45f5-bef0-a06c78504eb5,$100-200
2019-10-23 14:20:22+00:00,purchase,1004856,2.0530135556318828e+18,electronics.smartphone,samsung,131.51,542827690,7084fe6b-98da-45f5-bef0-a06c78504eb5,$100-200
2019-10-23 14:36:38+00:00,purchase,1005008,2.0530135556318828e+18,electronics.smartphone,xiaomi,95.73,563282880,51eabc0f-6493-4b0c-ae0c-71a3cb3b82e2,$50-100
2019-10-23 14:48:19+00:00,purchase,1004833,2.0530135556318828e+18,electronics.smartphone,samsung,170.79,529526759,625272c5-41a3-458a-863a-445e69fc92ec,$100-200
2019-10-23 14:53:46+00:00,purchase,1004870,2.0530135556318828e+18,electronics.smartphone,samsung,283.23,525921810,39b1b3e5-fbac-40f1-9c20-ccd333cd45b8,$200-500
2019-10-23 15:15:56+00:00,purchase,1005160,2.0530135556318828e+18,electronics.smartphone,xiaomi,222.08,537166853,af4bab1b-ad40-4418-bc63-3b8672276b26,$200-500
2019-10-23 15:58:22+00:00,purchase,3700677,2.0530135659834253e+18,appliances.environment.vacuum,tefal,128.68,548512853,f465eec9-198a-4877-8d9b-f8bea8f07b77,$100-200
2019-10-23 16:11:30+00:00,purchase,5100816,2.053013553375347e+18,unknown,xiaomi,27.61,521758960,7c18138a-291b-467a-916d-42ffa99eea97,<$50
2019-10-23 16:13:55+00:00,purchase,3601485,2.053013563810776e+18,appliances.kitchen.washer,lg,308.63,518901053,78b9e4a8-3a39-49ad-aa9f-c4b600644ef7,$200-500
2019-10-23 16:14:54+00:00,purchase,1004836,2.0530135556318828e+18,electronics.smartphone,samsung,224.07,563394894,383e8e62-c5ed-49a9-abcc-8126e1caa5a0,$200-500
2019-10-23 16:15:17+00:00,purchase,1005113,2.0530135556318828e+18,electronics.smartphone,apple,1091.1,545218355,4afbb8a3-3007-4597-9fc9-51acde3568e7,>$1000
2019-10-23 16:19:24+00:00,purchase,22700129,2.0530135561687537e+18,unknown,stels,68.73,523218666,a8d57f2c-a704-4d43-94dd-7892e99b70a9,$50-100
2019-10-23 16:20:32+00:00,purchase,22700129,2.0530135561687537e+18,unknown,stels,68.73,523218666,a8d57f2c-a704-4d43-94dd-7892e99b70a9,$50-100
2019-10-23 16:26:45+00:00,purchase,1004566,2.0530135556318828e+18,electronics.smartphone,huawei,165.77,545567536,e011331b-2e61-4b0b-91fd-d05e18bd1379,$100-200
2019-10-23 16:27:07+00:00,purchase,1004833,2.0530135556318828e+18,electronics.smartphone,samsung,170.79,533604671,17b4b31f-0491-45b9-b5c4-6bc4c3e1f8b0,$100-200
2019-10-23 16:32:46+00:00,purchase,3601524,2.053013563810776e+18,appliances.kitchen.washer,samsung,398.95,517987958,975ae1a6-372a-40a4-b6db-b89ad6751e15,$200-500
2019-10-23 16:48:55+00:00,purchase,1003800,2.0530135556318828e+18,electronics.smartphone,apple,771.91,556940853,c16bcdc0-bb97-462c-a37d-30d430637a43,$500-1000
2019-10-23 17:19:05+00:00,purchase,3601358,2.053013563810776e+18,appliances.kitchen.washer,,48.65,547483914,c36b4edb-91c0-43af-9169-9d41c08417fd,<$50
2019-10-23 17:25:17+00:00,purchase,1480494,2.0530135610928668e+18,computers.desktop,acer,898.09,563414316,2a71551b-3d18-4e19-a691-40032d75dbfe,$500-1000
2019-10-23 17:50:25+00:00,purchase,3601195,2.053013563810776e+18,appliances.kitchen.washer,beko,238.28,541562909,78782da7-2dfd-4fcb-9629-9d73316ef927,$200-500
2019-10-23 18:10:08+00:00,purchase,1005115,2.0530135556318828e+18,electronics.smartphone,apple,992.05,561337725,93bf2a68-18b5-41da-bfcd-49a25c26f4a7,$500-1000
2019-10-23 18:12:51+00:00,purchase,2701683,2.053013563911439e+18,appliances.kitchen.refrigerators,beko,228.77,520727859,4fd5a635-12af-458c-ac9c-6dc0c3c76531,$200-500
2019-10-23 18:42:18+00:00,purchase,4201169,2.0530135523519368e+18,appliances.environment.air_conditioner,samsung,591.78,512879972,27cb4a72-f378-47e2-b254-76037bb9c67c,$500-1000
2019-10-23 18:53:11+00:00,purchase,4804600,2.053013554658804e+18,electronics.audio.headphone,sony,38.59,512657316,637d773c-cfc3-46c5-890a-2f613e6bca4c,<$50
2019-10-23 19:48:11+00:00,purchase,7004492,2.0530135603462807e+18,kids.carriage,belecoo,102.18,516404938,750ecc35-a17d-4c4a-b1a6-42937c6a0d20,$100-200
2019-10-24 02:11:52+00:00,purchase,26400788,2.0530135636513925e+18,unknown,,192.03,519074014,ab637e81-0aaa-4034-8c33-04195659efb1,$100-200
2019-10-24 02:28:24+00:00,purchase,11700213,2.053013554591695e+18,electronics.audio.acoustic,yamaha,193.52,519229425,2abcdd7a-effe-412e-be1f-4257b05515f1,$100-200
2019-10-24 02:43:35+00:00,purchase,11700318,2.053013554591695e+18,electronics.audio.acoustic,pioneer,223.94,519229425,510bf93a-017a-4789-a531-44b1216bd763,$200-500
2019-10-24 03:24:15+00:00,purchase,1004249,2.0530135556318828e+18,electronics.smartphone,apple,732.09,515748907,a1646f82-5945-42fd-808b-de1fbd909288,$500-1000
2019-10-24 03:31:16+00:00,purchase,1004875,2.0530135556318828e+18,electronics.smartphone,samsung,363.3,560132689,ee096ed4-58c4-4b48-8b0f-18698a4ee60d,$200-500
2019-10-24 03:40:54+00:00,purchase,1004875,2.0530135556318828e+18,electronics.smartphone,samsung,363.3,560132689,4015b308-c312-4d3b-9d1d-617f6916b694,$200-500
2019-10-24 03:45:10+00:00,purchase,9300035,2.0530135545245865e+18,unknown,lg,140.0,512432519,36303371-4e3b-4928-b7e7-e6e28b0b4890,$100-200
2019-10-24 03:46:45+00:00,purchase,15100403,2.053013557024392e+18,unknown,lider,461.76,519208212,f10c3549-7f72-47d8-8597-8ad8741c1ed4,$200-500
2019-10-24 04:01:35+00:00,purchase,1201297,2.172371436436456e+18,electronics.tablet,apple,360.09,513179269,a54730f2-a3d1-4970-a078-bf07345c50c8,$200-500
2019-10-24 04:19:49+00:00,purchase,4804600,2.053013554658804e+18,electronics.audio.headphone,sony,38.59,512657316,bcf98651-30d4-4ff3-97c8-08822327b5aa,<$50
2019-10-24 04:24:22+00:00,purchase,22700193,2.0530135561687537e+18,unknown,stels,82.81,523218666,aee08c00-96f0-47c8-9153-b614dc1607da,$50-100
2019-10-24 04:33:51+00:00,purchase,24400438,2.053013563215185e+18,unknown,kirkland,51.35,557895598,98e9c84a-ccfb-43ea-85ee-eb47f3d7259e,$50-100
2019-10-24 04:48:55+00:00,purchase,3700748,2.0530135659834253e+18,appliances.environment.vacuum,samsung,99.74,529332083,bfb44a92-6156-4f8a-a5ef-6dc286264533,$50-100
2019-10-24 05:00:11+00:00,purchase,1200957,2.172371436436456e+18,electronics.tablet,samsung,110.66,515147482,cf6c64b4-6312-41a2-87d8-e7548f7fbcfd,$100-200
2019-10-24 05:05:08+00:00,purchase,3600231,2.053013563810776e+18,appliances.kitchen.washer,midea,101.15,548007785,3f8e25e0-6326-4289-861f-336a85823fc4,$100-200
2019-10-24 05:38:40+00:00,purchase,1003316,2.0530135556318828e+18,electronics.smartphone,apple,928.47,545769281,4f3d899f-d0e6-412f-9900-cbe1a1aac63f,$500-1000
2019-10-24 05:54:25+00:00,purchase,1004836,2.0530135556318828e+18,electronics.smartphone,samsung,224.07,530340101,361926fd-9799-4798-9474-daf26b933e35,$200-500
2019-10-24 06:00:53+00:00,purchase,1004957,2.0530135556318828e+18,electronics.smartphone,xiaomi,331.54,515742544,6afee195-06ee-41e3-9072-d559bfd53b23,$200-500
2019-10-24 06:04:18+00:00,purchase,1004856,2.0530135556318828e+18,electronics.smartphone,samsung,131.51,519543524,819b3c01-cf99-4ba0-9ca1-e1c112f2a3dc,$100-200
2019-10-24 06:06:17+00:00,purchase,1004833,2.0530135556318828e+18,electronics.smartphone,samsung,170.79,519543524,819b3c01-cf99-4ba0-9ca1-e1c112f2a3dc,$100-200
2019-10-24 06:08:23+00:00,purchase,14300068,2.0530135576032056e+18,electronics.audio.music_tools.piano,yamaha,236.53,535740940,ab10d86c-b33e-454d-969e-c3bc2235e34b,$200-500
2019-10-24 06:12:18+00:00,purchase,1004767,2.0530135556318828e+18,electronics.smartphone,samsung,246.52,513432558,f891e636-3140-47ca-a5f3-e5e95c79960e,$200-500
2019-10-24 06:12:39+00:00,purchase,19100295,2.053013556227474e+18,construction.tools.saw,dewalt,435.13,563564942,0f91368b-19fe-4b7a-9d11-58a556d06c6e,$200-500
2019-10-24 06:18:14+00:00,purchase,1480770,2.0530135610928668e+18,computers.desktop,lenovo,604.65,513073278,e3879596-964c-4bf6-b0e2-a6136893d9ff,$500-1000
2019-10-24 06:22:10+00:00,purchase,5100816,2.053013553375347e+18,unknown,xiaomi,27.61,547577735,38c4494a-28b3-49a1-8bae-bff8f23ab37f,<$50
2019-10-24 06:29:33+00:00,purchase,4804295,2.053013554658804e+18,electronics.audio.headphone,xiaomi,22.91,562959870,05a69628-c674-4b5b-b840-7234a2ec83cb,<$50
2019-10-24 06:55:32+00:00,purchase,1004766,2.0530135556318828e+18,electronics.smartphone,samsung,245.21,527035204,cde4c713-ff7a-4bb3-85f1-3049c1c950fc,$200-500
2019-10-24 06:59:34+00:00,purchase,1004875,2.0530135556318828e+18,electronics.smartphone,samsung,363.3,562001365,68794c60-c177-76d5-ae50-30222e458f69,$200-500
2019-10-24 07:00:06+00:00,purchase,21408343,2.053013561579406e+18,electronics.clocks,romanson,121.5,512502496,0dd2c850-f2c3-4e4f-a3b1-94216000ae49,$100-200
2019-10-24 07:06:49+00:00,purchase,15700078,2.0530135597339123e+18,unknown,brw,274.65,517929158,00c83454-c748-4cf8-9394-05a468e58052,$200-500
2019-10-24 07:10:00+00:00,purchase,18300370,2.053013558945383e+18,accessories.bag,xiaomi,35.78,530870434,fd096107-ed6e-4a3d-ac77-b55da89ecd91,<$50
2019-10-24 07:14:14+00:00,purchase,13800007,2.0530135574186565e+18,furniture.bathroom.toilet,rosa,101.87,515619901,1f0e3e9a-119f-4454-b112-8db825f4865c,$100-200
2019-10-24 07:33:43+00:00,purchase,4804600,2.053013554658804e+18,electronics.audio.headphone,sony,38.59,512657316,3cb91f5e-91a5-464e-a349-2977f92203f4,<$50
2019-10-24 07:36:05+00:00,purchase,1004749,2.0530135556318828e+18,electronics.smartphone,samsung,195.55,563026431,6d10f3d1-39a5-46b1-a19a-e47b07be1223,$100-200
2019-10-24 07:50:00+00:00,purchase,1005165,2.0530135556318828e+18,electronics.smartphone,xiaomi,312.35,541846799,4e39534a-6bb4-4091-8ca9-dde9056f9244,$200-500
2019-10-24 08:03:10+00:00,purchase,48500001,2.1169075079547456e+18,unknown,,74.65,514138790,5787f467-0677-465b-a43d-c4863c674c4a,$50-100
2019-10-24 08:04:03+00:00,purchase,7800028,2.0530135565210752e+18,unknown,,25.46,514806404,f2e673e2-8ae4-4f9b-b564-f1970eee7c79,<$50
2019-10-24 08:05:24+00:00,purchase,2701882,2.053013563911439e+18,appliances.kitchen.refrigerators,beko,243.35,563596084,6c839b93-eca0-48a1-8722-84dcc294dc9c,$200-500
2019-10-24 08:07:01+00:00,purchase,51000016,2.1349050447665567e+18,appliances.environment.vacuum,,90.09,514138790,5787f467-0677-465b-a43d-c4863c674c4a,$50-100
2019-10-24 08:11:17+00:00,purchase,28000101,2.05301356348362e+18,unknown,,59.98,514806404,f2e673e2-8ae4-4f9b-b564-f1970eee7c79,$50-100
2019-10-24 08:15:32+00:00,purchase,5100816,2.053013553375347e+18,unknown,xiaomi,27.61,515114199,1e6f1e3c-967f-4547-9665-c6c3959fe902,<$50
2019-10-24 08:40:36+00:00,purchase,1004856,2.0530135556318828e+18,electronics.smartphone,samsung,131.51,554655560,2610e4af-aa7c-40f4-a6a7-0d38db30784e,$100-200
2019-10-24 08:44:54+00:00,purchase,15100220,2.053013557024392e+18,unknown,,882.88,532444282,45a0a9e9-524c-4c0b-a85b-c0775419c75a,$500-1000
2019-10-24 08:50:12+00:00,purchase,15100367,2.053013557024392e+18,unknown,,499.11,532444282,45a0a9e9-524c-4c0b-a85b-c0775419c75a,$200-500
2019-10-24 08:51:38+00:00,purchase,4804056,2.053013554658804e+18,electronics.audio.headphone,apple,159.91,515458103,65a90cf6-09c8-4025-ade9-2616d3b0f7d9,$100-200
2019-10-24 08:52:40+00:00,purchase,5100833,2.053013553375347e+18,unknown,xiaomi,46.0,514919415,8513e41f-a801-42cb-8020-8b8ab220a24c,<$50
2019-10-24 09:06:17+00:00,purchase,22700193,2.0530135561687537e+18,unknown,stels,82.81,523218666,4adbf928-461c-451a-a92c-6ad5bb903987,$50-100
2019-10-24 09:32:46+00:00,purchase,5100572,2.0530135533417925e+18,electronics.clocks,apple,431.52,517966070,c0532354-9142-4610-bd7a-722d0e44d466,$200-500
2019-10-24 09:41:12+00:00,purchase,1005105,2.0530135556318828e+18,electronics.smartphone,apple,1397.09,519511293,702ece53-fefa-451e-a798-65b257238983,>$1000
2019-10-24 09:58:51+00:00,purchase,4803981,2.053013554658804e+18,electronics.audio.headphone,huawei,38.97,563638237,6c0f0d51-407e-46c4-9947-59aa7534de23,<$50
2019-10-24 10:24:34+00:00,purchase,3601347,2.053013563810776e+18,appliances.kitchen.washer,artel,137.09,514166453,96ee45d8-758e-4c3c-af79-b8e3eeaca958,$100-200
2019-10-24 10:44:24+00:00,purchase,5100816,2.053013553375347e+18,unknown,xiaomi,27.61,522482923,46ab8921-5f32-4175-b3e1-1769af65990a,<$50
2019-10-24 10:48:51+00:00,purchase,1004767,2.0530135556318828e+18,electronics.smartphone,samsung,246.52,544045212,ba056305-12ac-4d87-ab83-c310085e28c3,$200-500
2019-10-24 10:53:36+00:00,purchase,1004838,2.0530135556318828e+18,electronics.smartphone,oppo,179.9,551918243,5d8c4874-7c53-48b1-bd4a-7ce5942c884a,$100-200
2019-10-24 10:54:25+00:00,purchase,1801995,2.0530135544155343e+18,electronics.video.tv,haier,193.03,553845980,7502f71a-8487-444a-a9a8-b28beb352adb,$100-200
2019-10-24 10:57:43+00:00,purchase,5100863,2.0530135533417925e+18,electronics.clocks,samsung,360.09,553057327,6945105e-7d13-4fed-a896-79af4722139f,$200-500
2019-10-24 10:59:45+00:00,purchase,26500144,2.053013563550729e+18,unknown,lucente,253.29,543026867,60773ed4-6ffa-4309-8e3f-167e1b82d16e,$200-500
2019-10-24 11:04:19+00:00,purchase,19200005,2.053013556202308e+18,construction.tools.saw,huter,92.13,523516613,801139ba-e804-4ccd-bcc3-194b5ff938fc,$50-100
2019-10-24 11:15:04+00:00,purchase,7300464,2.0530135528636416e+18,unknown,apacer,57.66,561295580,7dc8455a-6a8c-4f91-81b8-38bcbd4a4435,$50-100
2019-10-24 11:21:29+00:00,purchase,12716824,2.0530135535598963e+18,unknown,tigar,57.92,543026867,56b388dc-8df1-46a9-b64b-73de0dc3b8ab,$50-100
2019-10-24 11:27:22+00:00,purchase,3800548,2.0530135661763635e+18,appliances.iron,vitek,28.06,563657211,33ea36c0-279d-4bc2-9ee9-f675b0eb7e6e,<$50
2019-10-24 11:34:22+00:00,purchase,1005174,2.0530135556318828e+18,electronics.smartphone,samsung,643.23,551129854,9eb8b347-ee8e-43fe-a674-f050729c206f,$500-1000
2019-10-24 11:35:55+00:00,purchase,12300752,2.05301355631136e+18,construction.tools.drill,total,38.59,563671648,a319d2d1-9c0b-4608-bd24-0440311daecb,<$50
2019-10-24 11:36:47+00:00,purchase,1005174,2.0530135556318828e+18,electronics.smartphone,samsung,643.23,551129854,9eb8b347-ee8e-43fe-a674-f050729c206f,$500-1000
2019-10-24 11:52:11+00:00,purchase,1004767,2.0530135556318828e+18,electronics.smartphone,samsung,246.52,530472605,9384eeb4-1643-454c-b55b-bca3e568fe83,$200-500
2019-10-24 12:03:33+00:00,purchase,4000159,2.053013566142809e+18,construction.tools.generator,tefal,257.33,513330380,15cebd9d-a3fb-4e60-b628-25b394c654b0,$200-500
2019-10-24 12:18:17+00:00,purchase,11700003,2.053013554591695e+18,electronics.audio.acoustic,sony,128.45,519229425,0cc5b068-9ada-4cd8-9db5-ca25358061f9,$100-200
2019-10-24 12:36:04+00:00,purchase,1004741,2.0530135556318828e+18,electronics.smartphone,xiaomi,189.97,518886962,fa1a4fb9-9c60-418a-a217-d16ff3287e00,$100-200
2019-10-24 13:02:08+00:00,purchase,1004870,2.0530135556318828e+18,electronics.smartphone,samsung,283.23,545696820,ef463048-7cbe-4731-a753-bb68011a3513,$200-500
2019-10-24 13:04:46+00:00,purchase,4804056,2.053013554658804e+18,electronics.audio.headphone,apple,159.91,512803922,ee155405-fc2a-45a8-a3aa-59a54d125382,$100-200
2019-10-24 13:04:53+00:00,purchase,1004870,2.0530135556318828e+18,electronics.smartphone,samsung,283.23,545696820,ef463048-7cbe-4731-a753-bb68011a3513,$200-500
2019-10-24 13:07:43+00:00,purchase,1004870,2.0530135556318828e+18,electronics.smartphone,samsung,283.23,545696820,ef463048-7cbe-4731-a753-bb68011a3513,$200-500
2019-10-24 13:08:31+00:00,purchase,1005100,2.0530135556318828e+18,electronics.smartphone,samsung,141.32,563545283,fd1dd804-2173-491c-8755-ca7ee5ef6e7a,$100-200
2019-10-24 13:09:59+00:00,purchase,1004870,2.0530135556318828e+18,electronics.smartphone,samsung,283.23,545696820,ef463048-7cbe-4731-a753-bb68011a3513,$200-500
2019-10-24 13:13:36+00:00,purchase,1005252,2.0530135556318828e+18,electronics.smartphone,oppo,308.61,549045798,cfaeda6d-2715-4b65-ad72-995502484158,$200-500
2019-10-24 13:58:52+00:00,purchase,3601406,2.053013563810776e+18,appliances.kitchen.washer,beko,214.91,520245487,edf48e22-fd93-4a0f-bc89-ad96463b3470,$200-500
2019-10-24 13:59:35+00:00,purchase,1801882,2.0530135544155343e+18,electronics.video.tv,samsung,423.43,563715690,7a0566e4-860e-471a-8782-c5362aaf646e,$200-500
2019-10-24 14:06:21+00:00,purchase,2601860,2.0530135639701596e+18,unknown,artel,123.61,519226248,f63af5c9-b2a6-4f3c-bb03-c71514cb37ed,$100-200
2019-10-24 14:11:27+00:00,purchase,28720303,2.0530135650690675e+18,apparel.shoes.keds,reebok,84.69,512464805,fe64c8e3-b571-4d6b-b319-380e6a81c4f7,$50-100
2019-10-24 14:18:31+00:00,purchase,1004870,2.0530135556318828e+18,electronics.smartphone,samsung,283.23,545696820,ef463048-7cbe-4731-a753-bb68011a3513,$200-500
2019-10-24 14:20:59+00:00,purchase,4000169,2.053013566142809e+18,construction.tools.generator,tefal,90.07,515147482,a1ea322c-c8a5-47cc-b92e-6670bcf14876,$50-100
2019-10-24 14:36:16+00:00,purchase,26404629,2.0530135636513925e+18,unknown,,59.2,526026724,d2f52b61-11f0-41c4-a510-f692768d6d64,$50-100
2019-10-24 14:45:39+00:00,purchase,1004856,2.0530135556318828e+18,electronics.smartphone,samsung,131.51,525921810,060d2689-41bc-4480-b9d1-5be343197c9e,$100-200
2019-10-24 14:59:36+00:00,purchase,1004209,2.0530135556318828e+18,electronics.smartphone,samsung,88.79,525921810,5410696c-3b8b-4326-99fa-556ca9684ff4,$50-100
2019-10-24 15:02:52+00:00,purchase,1004659,2.0530135556318828e+18,electronics.smartphone,samsung,726.63,562267155,0f72453c-db5a-4175-b600-0e476563041a,$500-1000
2019-10-24 15:23:02+00:00,purchase,1004856,2.0530135556318828e+18,electronics.smartphone,samsung,131.51,513730159,09f8c8f7-d88d-4815-bf27-cb94d6204322,$100-200
2019-10-24 15:34:47+00:00,purchase,26400313,2.0530135636513925e+18,unknown,lucente,352.65,559048372,844b1e26-68f9-473a-ba9f-669c7aa2e397,$200-500
2019-10-24 15:46:31+00:00,purchase,1004767,2.0530135556318828e+18,electronics.smartphone,samsung,246.52,554074067,56ce3b37-e6c1-4761-9c1b-e8e59a97f3f5,$200-500
2019-10-24 15:54:09+00:00,purchase,5100816,2.053013553375347e+18,unknown,xiaomi,27.61,513645191,cf6e6291-a593-48d0-9929-de158a6662b3,<$50
2019-10-24 16:30:27+00:00,purchase,26203360,2.0530135636933356e+18,unknown,lucente,178.38,545002658,9bdb8b8c-2e4b-419e-a5c3-df6ba6575b0b,$100-200
2019-10-24 16:49:16+00:00,purchase,26203832,2.0530135636933356e+18,unknown,,89.06,545002658,04427b34-35c9-4995-b2aa-e76096fa3535,$50-100
2019-10-24 17:17:55+00:00,purchase,1004767,2.0530135556318828e+18,electronics.smartphone,samsung,246.52,530472605,edfb38b2-b2d8-4833-b3e9-3ef9e2a14e5a,$200-500
2019-10-24 17:19:01+00:00,purchase,1004767,2.0530135556318828e+18,electronics.smartphone,samsung,246.52,530472605,edfb38b2-b2d8-4833-b3e9-3ef9e2a14e5a,$200-500
2019-10-24 17:21:12+00:00,purchase,1004741,2.0530135556318828e+18,electronics.smartphone,xiaomi,189.97,530472605,edfb38b2-b2d8-4833-b3e9-3ef9e2a14e5a,$100-200
2019-10-24 17:23:34+00:00,purchase,1004741,2.0530135556318828e+18,electronics.smartphone,xiaomi,189.97,530472605,edfb38b2-b2d8-4833-b3e9-3ef9e2a14e5a,$100-200
2019-10-24 17:28:41+00:00,purchase,1005160,2.0530135556318828e+18,electronics.smartphone,xiaomi,222.08,530472605,03733914-c13e-425e-b88c-21145d8762e0,$200-500
2019-10-24 17:45:34+00:00,purchase,5100337,2.0530135533417925e+18,electronics.clocks,apple,319.34,545769281,2534be26-64c6-4115-9d28-7947db334c5a,$200-500
2019-10-24 18:04:41+00:00,purchase,1004856,2.0530135556318828e+18,electronics.smartphone,samsung,131.51,512369042,0534ca9c-3025-441f-8731-a7bf043abc4d,$100-200
2019-10-24 18:09:56+00:00,purchase,22700524,2.0530135561687537e+18,unknown,force,239.36,543970806,41f07c03-82c7-4344-8d1d-be58854f370b,$200-500
2019-10-24 18:10:50+00:00,purchase,22700524,2.0530135561687537e+18,unknown,force,239.36,543970806,41f07c03-82c7-4344-8d1d-be58854f370b,$200-500
2019-10-24 18:14:36+00:00,purchase,1004767,2.0530135556318828e+18,electronics.smartphone,samsung,246.52,530472605,7ce776d0-02e2-4ec1-9002-6e99afd1571b,$200-500
2019-10-24 18:15:35+00:00,purchase,21401211,2.053013561579406e+18,electronics.clocks,casio,77.72,549176983,849903f8-74cb-44b9-b436-e9317417eddf,$50-100
2019-10-24 18:16:49+00:00,purchase,21401211,2.053013561579406e+18,electronics.clocks,casio,77.72,549176983,849903f8-74cb-44b9-b436-e9317417eddf,$50-100
2019-10-25 01:28:35+00:00,purchase,1002540,2.0530135556318828e+18,electronics.smartphone,apple,462.05,513179048,5121285b-5820-a11f-3d2c-356ddde8252a,$200-500
2019-10-25 02:26:32+00:00,purchase,2501528,2.0530135640037135e+18,appliances.kitchen.oven,hansa,385.83,519030770,d7e98443-99a9-4c5c-821b-7b790ba81633,$200-500
2019-10-25 02:28:28+00:00,purchase,16500007,2.053013556462355e+18,unknown,omron,62.52,522340069,17d70078-8d6e-4afe-826b-7d9d304ea804,$50-100
2019-10-25 02:37:13+00:00,purchase,15500132,2.0530135575696512e+18,unknown,ortega,139.0,512439834,f0f9eb12-1b67-40a0-9b6d-7fa9848724bd,$100-200
2019-10-25 02:51:32+00:00,purchase,15500244,2.0530135575696512e+18,unknown,ortega,180.18,512439834,d7ea04ed-2361-400b-a839-3a8c95cf853f,$100-200
2019-10-25 03:03:06+00:00,purchase,12710306,2.0530135535598963e+18,unknown,viatti,44.27,513517696,235602dd-dc0c-48c7-aa73-e0f2c71ccf2c,<$50
2019-10-25 03:31:03+00:00,purchase,1005161,2.0530135556318828e+18,electronics.smartphone,xiaomi,222.09,519404118,2c79a101-9ddd-452a-8046-78b1d6e7e455,$200-500
2019-10-25 03:38:37+00:00,purchase,6200514,2.0530135522932165e+18,appliances.environment.air_heater,ballu,15.19,544694633,8f85c88e-7198-4a21-91e2-a5acd44de8b9,<$50
2019-10-25 03:43:36+00:00,purchase,5801482,2.0530135539457723e+18,electronics.audio.subwoofer,pioneer,51.48,563657211,47585748-0e85-4d10-ba8c-b64fb1adf916,$50-100
2019-10-25 03:47:58+00:00,purchase,4804055,2.053013554658804e+18,electronics.audio.headphone,apple,189.84,563289234,dba95888-ec9d-421e-99b3-96ba19f2c5a9,$100-200
2019-10-25 03:50:56+00:00,purchase,2701305,2.053013563911439e+18,appliances.kitchen.refrigerators,samsung,503.43,518923370,4b586885-f9aa-480e-a14c-71ea3456bbb6,$500-1000
2019-10-25 03:51:35+00:00,purchase,1005211,2.0530135556318828e+18,electronics.smartphone,samsung,198.95,521120926,555c6551-d1b3-4734-85f6-3102b0b12171,$100-200
2019-10-25 03:53:12+00:00,purchase,28718457,2.0530135650690675e+18,apparel.shoes.keds,strobbs,51.22,563289234,dba95888-ec9d-421e-99b3-96ba19f2c5a9,$50-100
2019-10-25 04:04:32+00:00,purchase,4804428,2.053013554658804e+18,electronics.audio.headphone,usams,48.35,563289234,7c0cbcc4-ee27-4de7-8134-258aef96d92b,<$50
2019-10-25 04:10:58+00:00,purchase,34800583,2.062461754293617e+18,unknown,cantra,28.31,563657211,47585748-0e85-4d10-ba8c-b64fb1adf916,<$50
2019-10-25 04:13:39+00:00,purchase,1801784,2.0530135544155343e+18,electronics.video.tv,lg,527.66,512402349,f40b2af7-c336-459c-a92a-aafaabba18b6,$500-1000
2019-10-25 04:18:57+00:00,purchase,6000094,2.053013560807654e+18,auto.accessories.alarm,starline,121.24,523914203,719f3c15-729e-4305-97d1-0abf8bb70715,$100-200
2019-10-25 04:28:14+00:00,purchase,1005205,2.0530135556318828e+18,electronics.smartphone,oppo,256.88,514532779,7d3d0d90-b1d9-4502-b9fd-5f254b23c0db,$200-500
2019-10-25 04:28:35+00:00,purchase,1004767,2.0530135556318828e+18,electronics.smartphone,samsung,246.52,530472605,958868c2-63c8-49ff-9c43-171f3f1798aa,$200-500
2019-10-25 04:31:25+00:00,purchase,1004767,2.0530135556318828e+18,electronics.smartphone,samsung,246.52,530472605,958868c2-63c8-49ff-9c43-171f3f1798aa,$200-500
2019-10-25 04:38:25+00:00,purchase,13400312,2.0530135570663347e+18,unknown,,353.93,515944653,a49c27bb-c7b7-408b-87fb-4c58e4e10540,$200-500
2019-10-25 04:41:20+00:00,purchase,22900287,2.053013561780733e+18,furniture.bedroom.pillow,,7.72,550296668,f942ffb8-b744-47d4-89f8-79e01137ed7d,<$50
2019-10-25 04:46:34+00:00,purchase,22900039,2.053013561780733e+18,furniture.bedroom.pillow,ikea,6.92,550296668,f942ffb8-b744-47d4-89f8-79e01137ed7d,<$50
2019-10-25 05:17:10+00:00,purchase,1801589,2.0530135544155343e+18,electronics.video.tv,sony,462.79,560756341,7affb838-e411-43ec-8e2e-9003cd965870,$200-500
2019-10-25 05:18:36+00:00,purchase,2702331,2.053013563911439e+18,appliances.kitchen.refrigerators,lg,527.65,518315105,5fa0155e-6286-4105-80ff-2ad5bcbfa231,$500-1000
2019-10-25 05:38:01+00:00,purchase,1004833,2.0530135556318828e+18,electronics.smartphone,samsung,170.79,548007785,bb1c5f4c-a9ab-4536-b9c1-c8a40cf217e6,$100-200
2019-10-25 05:39:44+00:00,purchase,1004856,2.0530135556318828e+18,electronics.smartphone,samsung,131.51,548007785,bb1c5f4c-a9ab-4536-b9c1-c8a40cf217e6,$100-200
2019-10-25 05:43:55+00:00,purchase,1004767,2.0530135556318828e+18,electronics.smartphone,samsung,246.52,530472605,38a0da64-c54f-4ce0-8215-1873867387ea,$200-500
2019-10-25 05:47:18+00:00,purchase,34800584,2.062461754293617e+18,unknown,carfashion,50.19,512432519,19dd0730-c262-44d3-99c9-cddd7abd17d4,$50-100
2019-10-25 06:05:32+00:00,purchase,11400099,2.053013558458844e+18,unknown,xiaomi,28.06,512879972,9529ff40-e26e-46cf-832b-f16289631a77,<$50
2019-10-25 06:07:35+00:00,purchase,3700848,2.0530135659834253e+18,appliances.environment.vacuum,karcher,321.73,514963467,c79d183e-3171-4f2b-8ec8-875ebf4c9743,$200-500
2019-10-25 06:08:25+00:00,purchase,1003317,2.0530135556318828e+18,electronics.smartphone,apple,928.47,545769281,57ef469b-6a95-4d8d-84fb-c213a8661057,$500-1000
2019-10-25 06:18:10+00:00,purchase,1005100,2.0530135556318828e+18,electronics.smartphone,samsung,141.32,535935211,6146c175-d268-4be6-9a2a-1c8c5ec5c647,$100-200
2019-10-25 06:31:32+00:00,purchase,26203360,2.0530135636933356e+18,unknown,lucente,178.38,545002658,64e1ff36-1525-43f6-89f3-1434c9899954,$100-200
2019-10-25 06:34:35+00:00,purchase,5100376,2.0530135533417925e+18,electronics.clocks,xiaomi,67.39,563936138,7259084b-bb60-47c5-baab-08dfdbf5bd2c,$50-100
2019-10-25 06:47:07+00:00,purchase,4804592,2.053013554658804e+18,electronics.audio.headphone,apple,250.2,515977323,e660ec7d-13e3-4968-85e5-bdc635b4e1d0,$200-500
2019-10-25 06:50:38+00:00,purchase,22700193,2.0530135561687537e+18,unknown,stels,82.81,523218666,b2247791-7531-4a1b-8f63-05b900527c2f,$50-100
2019-10-25 06:53:53+00:00,purchase,1004870,2.0530135556318828e+18,electronics.smartphone,samsung,283.23,513385056,825e98b5-aa76-4d59-a63d-2d2d8bc885c9,$200-500
2019-10-25 07:07:11+00:00,purchase,1004665,2.0530135556318828e+18,electronics.smartphone,samsung,782.26,522104793,405205ca-5e06-4077-b4f0-e14f65f257b2,$500-1000
2019-10-25 07:10:23+00:00,purchase,54900010,2.1466608872036764e+18,apparel.costume,,64.35,512366835,3eb64a18-1868-4e8b-9dbe-4f96824618e7,$50-100
2019-10-25 07:16:20+00:00,purchase,1480709,2.0530135610928668e+18,computers.desktop,pulser,592.01,522104793,47e4b0e2-f23e-4482-b554-0b81e39324de,$500-1000
2019-10-25 07:18:26+00:00,purchase,1480451,2.0530135610928668e+18,computers.desktop,pulser,404.1,522104793,ee6b6d42-ef43-4cf0-bc96-7a6453468c96,$200-500
2019-10-25 07:22:39+00:00,purchase,10700812,2.053013561277416e+18,unknown,,35.01,541878643,5af218c1-34f0-4754-991a-a8c289c92679,<$50
2019-10-25 07:23:11+00:00,purchase,1004870,2.0530135556318828e+18,electronics.smartphone,samsung,283.23,545696820,a31e3f48-f0ff-4de3-9a08-9f19a5038554,$200-500
2019-10-25 07:25:49+00:00,purchase,4803205,2.053013554658804e+18,electronics.audio.headphone,jbl,26.47,561797045,4f660809-a0e9-4cec-a5c6-d907fd7dbedf,<$50
2019-10-25 07:33:49+00:00,purchase,1004767,2.0530135556318828e+18,electronics.smartphone,samsung,246.52,547785620,9dad81c8-5c6a-4556-8d13-cfe222836e1d,$200-500
2019-10-25 07:43:31+00:00,purchase,1004767,2.0530135556318828e+18,electronics.smartphone,samsung,246.52,543026867,1bbf1cc6-2f47-4b8e-8ef3-48098f9becdc,$200-500
2019-10-25 07:44:35+00:00,purchase,4804056,2.053013554658804e+18,electronics.audio.headphone,apple,159.91,512803922,453c4ff7-940b-4b79-bccf-3eb3044850ca,$100-200
2019-10-25 07:45:10+00:00,purchase,1004870,2.0530135556318828e+18,electronics.smartphone,samsung,283.23,541133445,4dade146-87ff-4917-a501-ea3c57f3af6e,$200-500
2019-10-25 07:54:57+00:00,purchase,4100126,2.053013561218696e+18,unknown,sony,331.54,563961633,725b1ae0-2150-462a-a86b-e35c5150ab88,$200-500
2019-10-25 07:56:05+00:00,purchase,1002524,2.0530135556318828e+18,electronics.smartphone,apple,531.67,518681935,0d1a71a2-15af-4f10-a45d-b7de37c628b4,$500-1000
2019-10-25 08:06:36+00:00,purchase,12710638,2.0530135535598963e+18,unknown,triangle,57.66,537185054,94f28f60-f7c1-44f2-ada0-cecd1dbcd718,$50-100
2019-10-25 08:31:31+00:00,purchase,1005116,2.0530135556318828e+18,electronics.smartphone,apple,1067.93,561179289,758d5425-b60f-41ae-8da2-239f862192ec,>$1000
2019-10-25 08:52:00+00:00,purchase,1005169,2.0530135556318828e+18,electronics.smartphone,samsung,215.93,561749181,3a4885f5-c45a-4c05-a263-99cb779c2839,$200-500
2019-10-25 08:54:37+00:00,purchase,3200221,2.0530135553215045e+18,appliances.kitchen.meat_grinder,,57.89,540663731,7a4e19e1-6f9a-4a88-bb2d-86cf18aa21d1,$50-100
2019-10-25 08:58:42+00:00,purchase,1005201,2.0530135556318828e+18,electronics.smartphone,samsung,642.98,561179289,846dc41f-4ddb-4304-b7a2-b1483c898f51,$500-1000
2019-10-25 08:59:57+00:00,purchase,1004872,2.0530135556318828e+18,electronics.smartphone,samsung,280.87,561179289,846dc41f-4ddb-4304-b7a2-b1483c898f51,$200-500
2019-10-25 09:01:20+00:00,purchase,1004767,2.0530135556318828e+18,electronics.smartphone,samsung,246.52,561179289,846dc41f-4ddb-4304-b7a2-b1483c898f51,$200-500
2019-10-25 09:02:40+00:00,purchase,1004833,2.0530135556318828e+18,electronics.smartphone,samsung,170.79,561179289,846dc41f-4ddb-4304-b7a2-b1483c898f51,$100-200
2019-10-25 09:07:19+00:00,purchase,1005212,2.0530135556318828e+18,electronics.smartphone,samsung,198.91,561179289,846dc41f-4ddb-4304-b7a2-b1483c898f51,$100-200
2019-10-25 09:09:00+00:00,purchase,1004856,2.0530135556318828e+18,electronics.smartphone,samsung,131.51,561179289,846dc41f-4ddb-4304-b7a2-b1483c898f51,$100-200
2019-10-25 09:09:10+00:00,purchase,2501799,2.0530135640037135e+18,appliances.kitchen.oven,elenberg,46.31,539268182,456770a7-1a10-442d-8b0b-fa76de052780,<$50
2019-10-25 09:15:56+00:00,purchase,6200514,2.0530135522932165e+18,appliances.environment.air_heater,ballu,15.19,544694633,4bc693d5-2a02-4de9-9b43-ffd347b70e07,<$50
2019-10-25 09:18:14+00:00,purchase,12706259,2.0530135535598963e+18,unknown,nokian,53.54,543584771,6ae5a37a-6853-4ff8-8db4-61b73b2a7fdf,$50-100
2019-10-25 09:37:43+00:00,purchase,1004836,2.0530135556318828e+18,electronics.smartphone,samsung,224.07,557940114,4ce488ea-6b22-46be-8395-ab0d89526d05,$200-500
2019-10-25 09:41:14+00:00,purchase,5100378,2.0530135533417925e+18,electronics.clocks,xiaomi,69.46,528049875,46ee853d-7010-4fe5-b134-677e65aef484,$50-100
2019-10-25 09:55:50+00:00,purchase,1004856,2.0530135556318828e+18,electronics.smartphone,samsung,131.51,543436579,957f8b9e-1ce0-4ea3-9465-d68bc281745c,$100-200
2019-10-25 10:15:46+00:00,purchase,1004856,2.0530135556318828e+18,electronics.smartphone,samsung,131.51,561186486,02af1fc1-e4a4-4fa4-a692-169eead25573,$100-200
2019-10-25 10:22:21+00:00,purchase,1004767,2.0530135556318828e+18,electronics.smartphone,samsung,246.52,530472605,a414df90-4e8e-4602-904d-2e8ee57ffadb,$200-500
2019-10-25 10:29:12+00:00,purchase,1004948,2.0530135556318828e+18,electronics.smartphone,oneplus,746.13,513451919,8850cb95-efaf-4bec-b4b0-0d6b272279e1,$500-1000
2019-10-25 10:41:04+00:00,purchase,1004856,2.0530135556318828e+18,electronics.smartphone,samsung,131.51,543026867,7d7089d6-b4c7-4ae3-b971-66071cee8df7,$100-200
2019-10-25 11:15:14+00:00,purchase,3801304,2.0530135661763635e+18,appliances.iron,tefal,65.61,544534339,b5ef9581-109a-4047-90f8-5ffb87c2e167,$50-100
2019-10-25 11:39:34+00:00,purchase,1005174,2.0530135556318828e+18,electronics.smartphone,samsung,643.23,564026287,67531912-8cea-4716-8657-2b9ba1be6a67,$500-1000
2019-10-25 11:40:52+00:00,purchase,1005174,2.0530135556318828e+18,electronics.smartphone,samsung,643.23,564026287,67531912-8cea-4716-8657-2b9ba1be6a67,$500-1000
2019-10-25 11:54:02+00:00,purchase,1801516,2.0530135544155343e+18,electronics.video.tv,haier,295.99,562388952,3880092b-baaf-4f20-9fd1-5780b4fb19c0,$200-500
2019-10-25 11:55:29+00:00,purchase,1004856,2.0530135556318828e+18,electronics.smartphone,samsung,131.51,533707054,f4fde61c-984a-4036-b0eb-28980b216d77,$100-200
2019-10-25 11:56:59+00:00,purchase,5300157,2.0530135631732416e+18,unknown,philips,38.35,523524108,aca4303e-380c-4321-8e01-a3fa7ba8c4f1,<$50
2019-10-25 11:58:19+00:00,purchase,1004767,2.0530135556318828e+18,electronics.smartphone,samsung,246.52,514682461,47fda1a8-35e9-43a0-b76c-65fd1c377939,$200-500
2019-10-25 11:59:18+00:00,purchase,3900003,2.053013552326771e+18,appliances.environment.water_heater,ariston,113.27,562388952,3880092b-baaf-4f20-9fd1-5780b4fb19c0,$100-200
2019-10-25 12:00:56+00:00,purchase,1004767,2.0530135556318828e+18,electronics.smartphone,samsung,246.52,514682461,47fda1a8-35e9-43a0-b76c-65fd1c377939,$200-500
2019-10-25 12:09:38+00:00,purchase,5100719,2.0530135533417925e+18,electronics.clocks,samsung,151.61,527037229,84a5ee64-f0a6-43db-875a-e5bc270b3502,$100-200
2019-10-25 12:10:51+00:00,purchase,3900003,2.053013552326771e+18,appliances.environment.water_heater,ariston,113.27,562388952,393fbb3a-4956-431e-9f8d-de448d5db136,$100-200
2019-10-25 12:11:47+00:00,purchase,12705001,2.0530135535598963e+18,unknown,cordiant,41.96,516638382,c9991307-6b9c-4301-a748-f72b226933d5,<$50
2019-10-25 12:18:11+00:00,purchase,3600263,2.053013563810776e+18,appliances.kitchen.washer,midea,113.23,562388952,393fbb3a-4956-431e-9f8d-de448d5db136,$100-200
2019-10-25 12:29:55+00:00,purchase,3600263,2.053013563810776e+18,appliances.kitchen.washer,midea,113.23,562388952,4a17c61b-98f2-451d-99f1-37caa92b04eb,$100-200
2019-10-25 12:38:19+00:00,purchase,1002633,2.0530135556318828e+18,electronics.smartphone,apple,358.54,527037229,2ea20ff4-d59c-46b5-8673-fd4949227500,$200-500
2019-10-25 12:53:50+00:00,purchase,4804660,2.053013554658804e+18,electronics.audio.headphone,xiaomi,32.9,518753772,e0d96ad8-d800-4817-bb4e-b0618c9a9b0a,<$50
2019-10-25 12:56:20+00:00,purchase,26402783,2.0530135636513925e+18,unknown,,55.86,518753772,e0d96ad8-d800-4817-bb4e-b0618c9a9b0a,$50-100
2019-10-25 13:03:42+00:00,purchase,1004870,2.0530135556318828e+18,electronics.smartphone,samsung,283.23,560132689,5539d8bc-4ffd-487a-8398-039328e7f6c6,$200-500
2019-10-25 13:04:43+00:00,purchase,13201121,2.053013557192164e+18,furniture.bedroom.bed,brw,148.27,543436579,9fb4c9d4-7d6f-470d-8a98-685656212dfa,$100-200
2019-10-25 13:15:06+00:00,purchase,1002524,2.0530135556318828e+18,electronics.smartphone,apple,531.67,518681935,1cdcf2e7-b3e2-4470-9a9e-b6d4b7d04718,$500-1000
2019-10-25 13:46:20+00:00,purchase,15100110,2.053013557024392e+18,unknown,,849.19,556442596,cd381b70-6c16-4050-b081-14fa64e99477,$500-1000
2019-10-25 13:50:39+00:00,purchase,5100816,2.053013553375347e+18,unknown,xiaomi,27.61,550247193,430c8da0-cc4b-43d8-8911-dd9af08a4510,<$50
2019-10-25 14:18:45+00:00,purchase,5301399,2.0530135631732416e+18,unknown,elenberg,15.42,531023084,68690782-6df2-44e2-b6d0-33471b59539a,<$50
2019-10-25 14:20:51+00:00,purchase,17300761,2.0530135538534976e+18,unknown,moschino,44.52,531023084,68690782-6df2-44e2-b6d0-33471b59539a,<$50
2019-10-25 14:38:18+00:00,purchase,1005115,2.0530135556318828e+18,electronics.smartphone,apple,987.22,527674590,c5e49c04-cf9d-4ad8-b171-8b736c268e73,$500-1000
2019-10-25 15:29:14+00:00,purchase,26026489,2.0530135628125317e+18,unknown,,6.22,548279449,faad9bdc-3f0b-4ac6-9c33-19fa993959d6,<$50
2019-10-25 15:40:52+00:00,purchase,1005115,2.0530135556318828e+18,electronics.smartphone,apple,987.22,517509341,601dbdd5-4652-45de-979e-d4d0a7eca53a,$500-1000
2019-10-25 15:48:08+00:00,purchase,7004509,2.0530135603462807e+18,kids.carriage,belecoo,102.01,537242624,fad3219f-1701-4530-b8e6-f25158c15790,$100-200
2019-10-25 15:48:31+00:00,purchase,1004247,2.0530135556318828e+18,electronics.smartphone,apple,802.85,526174099,6a95c103-03a3-47f8-a743-0fdd48310d9f,$500-1000
2019-10-25 15:52:45+00:00,purchase,1004741,2.0530135556318828e+18,electronics.smartphone,xiaomi,189.97,563719408,4b670eae-ff27-462e-b1b1-062cb1d4391e,$100-200
2019-10-25 16:12:25+00:00,purchase,1004781,2.0530135556318828e+18,electronics.smartphone,huawei,266.61,552010862,90c73124-6018-42b6-b812-53f9d1c90344,$200-500
2019-10-25 16:22:21+00:00,purchase,13300091,2.053013557166998e+18,unknown,vegas,240.42,519232803,2ebbdc71-be31-4b5b-8f17-891ea0c6ed6a,$200-500
2019-10-25 16:23:27+00:00,purchase,13300091,2.053013557166998e+18,unknown,vegas,240.42,519232803,2ebbdc71-be31-4b5b-8f17-891ea0c6ed6a,$200-500
2019-10-25 16:27:25+00:00,purchase,1004856,2.0530135556318828e+18,electronics.smartphone,samsung,131.02,552067735,bc7e44f0-4ded-4d60-812c-118529ceb6bb,$100-200
2019-10-25 16:43:46+00:00,purchase,15901705,2.053013558190408e+18,unknown,tefal,61.7,531037886,2235b337-d57c-42f0-bea3-e198f204f824,$50-100
2019-10-25 16:47:07+00:00,purchase,15901702,2.053013558190408e+18,unknown,tefal,48.83,531037886,2235b337-d57c-42f0-bea3-e198f204f824,<$50
2019-10-25 17:40:36+00:00,purchase,1003316,2.0530135556318828e+18,electronics.smartphone,apple,928.42,541431085,8b828d26-42a5-4664-8ea4-e34b26aa7757,$500-1000
2019-10-25 17:55:28+00:00,purchase,1004870,2.0530135556318828e+18,electronics.smartphone,samsung,281.51,541256795,042c933a-4bb5-254f-c040-cf78690e1938,$200-500
2019-10-25 18:02:17+00:00,purchase,7005751,2.0530135603462807e+18,kids.carriage,,77.22,533202180,41943c62-db84-4a5a-a35c-b763894ac03a,$50-100
2019-10-25 18:25:04+00:00,purchase,1004856,2.0530135556318828e+18,electronics.smartphone,samsung,130.99,512372445,cada4321-4d48-4767-a138-420cecdd8b71,$100-200
2019-10-25 18:25:05+00:00,purchase,1005100,2.0530135556318828e+18,electronics.smartphone,samsung,140.73,515649498,70abcabc-1a85-4742-899d-e0e8b53c17af,$100-200
2019-10-25 18:36:42+00:00,purchase,4804600,2.053013554658804e+18,electronics.audio.headphone,sony,38.59,512657316,f7f75244-d378-4a99-a7d1-e25ac3ebdb5c,<$50
2019-10-25 18:45:41+00:00,purchase,15100009,2.053013557024392e+18,unknown,,321.73,512372445,9d73d406-de00-47fc-a38e-d11371a30c76,$200-500
2019-10-25 18:59:05+00:00,purchase,1005157,2.0530135556318828e+18,electronics.smartphone,xiaomi,269.97,538849167,15d4432b-5efd-4e32-b20b-48b6c084886f,$200-500
2019-10-25 19:01:54+00:00,purchase,1005156,2.0530135556318828e+18,electronics.smartphone,xiaomi,329.22,538849167,15d4432b-5efd-4e32-b20b-48b6c084886f,$200-500
2019-10-25 19:03:46+00:00,purchase,1005156,2.0530135556318828e+18,electronics.smartphone,xiaomi,329.22,538849167,15d4432b-5efd-4e32-b20b-48b6c084886f,$200-500
2019-10-25 19:28:33+00:00,purchase,1004856,2.0530135556318828e+18,electronics.smartphone,samsung,130.99,530151176,c8ee1833-2e61-4bec-904d-6b630cac2c15,$100-200
2019-10-25 19:42:52+00:00,purchase,1004872,2.0530135556318828e+18,electronics.smartphone,samsung,279.66,532823073,efa9e9e6-d408-455f-8f4d-eef728e3b152,$200-500
2019-10-25 20:57:29+00:00,purchase,5800406,2.0530135539457723e+18,electronics.audio.subwoofer,jbl,54.06,515099854,da914a96-13a0-4c6e-8ed7-21e022223fd7,$50-100
2019-10-25 23:53:58+00:00,purchase,1306569,2.053013558920217e+18,computers.notebook,acer,1029.6,514533813,0f40c9f0-0460-49e4-ad1f-a784e3188972,>$1000
2019-10-26 02:03:43+00:00,purchase,15200894,2.0530135534843988e+18,unknown,bars,51.48,537751473,25c0e039-9a9f-414b-92ff-a190599e7c75,$50-100
2019-10-26 02:09:51+00:00,purchase,1004838,2.0530135556318828e+18,electronics.smartphone,oppo,141.29,559673568,2cbedfed-0555-41e3-ac32-5d5cc2b93f35,$100-200
2019-10-26 03:03:09+00:00,purchase,2701587,2.053013563911439e+18,appliances.kitchen.refrigerators,haier,501.92,513179465,ae110ae2-e5ce-4c86-a050-ca35798c4bd3,$500-1000
2019-10-26 03:11:35+00:00,purchase,1004767,2.0530135556318828e+18,electronics.smartphone,samsung,245.48,557650233,5aa02939-bab2-48cc-9d7f-622c6917e74b,$200-500
2019-10-26 04:08:12+00:00,purchase,1005069,2.0530135556318828e+18,electronics.smartphone,vivo,308.81,530811109,d7845da2-ea48-4dde-a39b-24366e32a413,$200-500
2019-10-26 04:22:19+00:00,purchase,15100403,2.053013557024392e+18,unknown,lider,461.76,519208212,40a8c091-f8c9-4198-aa5b-4a42d4725bc9,$200-500
2019-10-26 04:26:59+00:00,purchase,6200514,2.0530135522932165e+18,appliances.environment.air_heater,ballu,12.84,544694633,f09260db-8643-4d01-af5f-1bdcbc2fa7a6,<$50
2019-10-26 04:32:04+00:00,purchase,1005135,2.0530135556318828e+18,electronics.smartphone,apple,1709.62,564249050,25455998-65c5-4e29-a442-eceb850da9ff,>$1000
2019-10-26 04:33:59+00:00,purchase,4100126,2.053013561218696e+18,unknown,sony,331.25,512364781,c8ac32f6-ca6b-42e0-aec2-fbee441c5bf9,$200-500
2019-10-26 05:51:41+00:00,purchase,12400120,2.05301355625264e+18,construction.tools.drill,alteco,49.68,547370265,7d05be8d-3cc3-4a13-811d-fc02af81e9e4,<$50
2019-10-26 05:54:34+00:00,purchase,12400120,2.05301355625264e+18,construction.tools.drill,alteco,49.68,547370265,7d05be8d-3cc3-4a13-811d-fc02af81e9e4,<$50
2019-10-26 05:57:12+00:00,purchase,1004446,2.0530135556318828e+18,electronics.smartphone,samsung,89.32,513849949,27eaa0f9-5206-4930-b919-43dd3ddc2b6d,$50-100
2019-10-26 06:02:58+00:00,purchase,3700869,2.0530135659834253e+18,appliances.environment.vacuum,samsung,89.81,522488233,f519df7d-8764-4540-8b7e-9917ab75d573,$50-100
2019-10-26 06:03:08+00:00,purchase,5100337,2.0530135533417925e+18,electronics.clocks,apple,319.05,545793237,7292c8c8-c5cb-4171-99a2-66749c6ace25,$200-500
2019-10-26 06:06:05+00:00,purchase,1500259,2.0530135529559163e+18,computers.peripherals.printer,epson,141.32,551454456,7d97efb6-ab8a-4706-aaeb-671bd02051dc,$100-200
2019-10-26 06:07:33+00:00,purchase,1004767,2.0530135556318828e+18,electronics.smartphone,samsung,245.28,530472605,786d2d81-4d9b-4716-ba2b-7270904e3c67,$200-500
2019-10-26 06:13:52+00:00,purchase,1004767,2.0530135556318828e+18,electronics.smartphone,samsung,245.28,530472605,786d2d81-4d9b-4716-ba2b-7270904e3c67,$200-500
2019-10-26 06:14:05+00:00,purchase,26400488,2.0530135636513925e+18,unknown,,229.09,548007785,a82bd574-dfc7-4c50-ace7-418d2130b111,$200-500
2019-10-26 06:32:48+00:00,purchase,26601552,2.0530135635171743e+18,unknown,sokolov,18.79,516521299,407b165c-0e8f-4959-a0c8-31f47a1fa04f,<$50
2019-10-26 06:42:16+00:00,purchase,1004856,2.0530135556318828e+18,electronics.smartphone,samsung,130.99,517326472,287990ac-47b4-47c2-a240-1a595ba34dac,$100-200
2019-10-26 06:48:13+00:00,purchase,26401412,2.0530135636513925e+18,unknown,lucente,170.4,564276004,d0e1bb1b-a786-467f-9f68-cee62a152648,$100-200
2019-10-26 06:51:44+00:00,purchase,5800299,2.0530135539457723e+18,electronics.audio.subwoofer,alpine,144.15,547878505,547ec3f7-ddfe-4338-aac4-e2de5d72af55,$100-200
2019-10-26 07:12:12+00:00,purchase,2900958,2.0530135547762445e+18,appliances.kitchen.microwave,arg,56.6,544962721,97467f0d-3d46-43d0-90a1-98537628ccd2,$50-100
2019-10-26 07:13:24+00:00,purchase,1004249,2.0530135556318828e+18,electronics.smartphone,apple,727.65,537271374,ccceaf01-5ac1-4702-9b22-56172dd965c4,$500-1000
2019-10-26 07:14:16+00:00,purchase,1004833,2.0530135556318828e+18,electronics.smartphone,samsung,170.14,516642563,8b7dce56-2c8c-45d9-9919-689d459a25fa,$100-200
2019-10-26 07:18:50+00:00,purchase,1005101,2.0530135556318828e+18,electronics.smartphone,xiaomi,431.92,520221456,a8a60349-14d1-42f5-8f88-060477dc4234,$200-500
2019-10-26 07:25:57+00:00,purchase,8500105,2.053013552259662e+18,unknown,bosch,543.08,564288273,9c0f67a9-2a47-4ccc-b7bf-2a0026ac9b01,$500-1000
2019-10-26 07:32:52+00:00,purchase,1004258,2.0530135556318828e+18,electronics.smartphone,apple,716.17,519967953,cebd1b2b-cfa3-4b04-b9ed-666c92fc9ce3,$500-1000
2019-10-26 07:43:16+00:00,purchase,1002544,2.0530135556318828e+18,electronics.smartphone,apple,458.96,537271374,827c7b98-2eb4-4f63-be90-de0abcd0a5c7,$200-500
2019-10-26 07:48:21+00:00,purchase,1005006,2.0530135556318828e+18,electronics.smartphone,xiaomi,86.22,562884250,9f3fad63-8dd4-45e2-83b7-34cc1a45bae0,$50-100
2019-10-26 07:59:28+00:00,purchase,26205512,2.0530135636933356e+18,unknown,sokolov,15.44,559918602,ac0c82fb-7a64-4e60-b83f-6600cd2c500b,<$50
2019-10-26 08:20:10+00:00,purchase,1003317,2.0530135556318828e+18,electronics.smartphone,apple,947.26,545769281,1877eedd-da49-491b-96fa-ba0714f729b2,$500-1000
2019-10-26 08:21:01+00:00,purchase,4804295,2.053013554658804e+18,electronics.audio.headphone,xiaomi,21.88,512589865,64f90831-3994-4b8c-b810-1c366d2a9a29,<$50
2019-10-26 08:24:10+00:00,purchase,12703415,2.0530135535598963e+18,unknown,cordiant,48.91,512557643,a93b548f-096a-40dc-b240-a37ede12e139,<$50
2019-10-26 08:41:32+00:00,purchase,5300125,2.0530135631732416e+18,unknown,philips,48.88,560813614,3aff3ef9-34d7-40e4-8ec6-c72a6d22c9f2,<$50
2019-10-26 09:12:53+00:00,purchase,1004856,2.0530135556318828e+18,electronics.smartphone,samsung,130.99,512996415,830dd87a-4202-45b6-b48f-85ded85a0b84,$100-200
2019-10-26 10:00:53+00:00,purchase,2900536,2.0530135547762445e+18,appliances.kitchen.microwave,elenberg,50.91,534541862,acfe5cd4-5dc7-45bb-a094-a14991cecc3e,$50-100
2019-10-26 10:23:13+00:00,purchase,1004246,2.0530135556318828e+18,electronics.smartphone,apple,756.24,512839770,16a3a2f8-dc20-4d9c-b5dd-9b1cd9a18a28,$500-1000
2019-10-26 10:37:56+00:00,purchase,10800025,2.0530135549943483e+18,unknown,redmond,54.0,545522139,e259720a-e5c4-4548-bd74-6d78cb9fec3e,$50-100
2019-10-26 10:58:00+00:00,purchase,2702277,2.053013563911439e+18,appliances.kitchen.refrigerators,lg,463.07,518315105,480fd537-8c4c-4be6-be39-ee05f99f27c5,$200-500
2019-10-26 10:59:18+00:00,purchase,1500463,2.0530135529559163e+18,computers.peripherals.printer,hp,147.56,564343405,83bf3418-cde5-4956-a18d-8bde54740d51,$100-200
2019-10-26 11:00:37+00:00,purchase,1500463,2.0530135529559163e+18,computers.peripherals.printer,hp,147.56,564343405,83bf3418-cde5-4956-a18d-8bde54740d51,$100-200
2019-10-26 11:02:35+00:00,purchase,4804056,2.053013554658804e+18,electronics.audio.headphone,apple,159.85,512516934,4220ea53-7b52-4ddd-982f-621874346b50,$100-200
2019-10-26 11:43:56+00:00,purchase,17300632,2.0530135538534976e+18,unknown,,47.04,559918602,8ecbb7c3-5d6d-43c6-a17d-eba031692dec,<$50
2019-10-26 12:21:24+00:00,purchase,1004856,2.0530135556318828e+18,electronics.smartphone,samsung,130.99,529523398,b6949265-3f2d-49fd-ba4d-5c7ae5735e73,$100-200
2019-10-26 12:48:48+00:00,purchase,22700129,2.0530135561687537e+18,unknown,stels,70.79,543720495,5ec554a5-5564-4e4f-9492-84fd4c974657,$50-100
2019-10-26 13:02:57+00:00,purchase,1002524,2.0530135556318828e+18,electronics.smartphone,apple,531.41,518681935,5e2517be-8f1b-4154-9364-047d8275e440,$500-1000
2019-10-26 13:21:18+00:00,purchase,13700042,2.0530135574522107e+18,unknown,erlit,347.67,512717308,1207e535-2bdb-4155-ad71-e71bd89ed936,$200-500
2019-10-26 13:23:44+00:00,purchase,1002544,2.0530135556318828e+18,electronics.smartphone,apple,458.96,514617780,262bc516-b77e-40b0-b057-8d27bb17b470,$200-500
2019-10-26 13:34:17+00:00,purchase,1004237,2.0530135556318828e+18,electronics.smartphone,apple,1093.82,551494766,7213e6dc-02dd-44c3-8a4f-f22c5be1a0a8,>$1000
2019-10-26 13:39:20+00:00,purchase,1004237,2.0530135556318828e+18,electronics.smartphone,apple,1093.82,551494766,7213e6dc-02dd-44c3-8a4f-f22c5be1a0a8,>$1000
2019-10-26 13:56:46+00:00,purchase,3500009,2.0530135552879496e+18,unknown,bosch,290.1,519967953,972ab1d8-69b2-445b-89ac-c722aa796b4c,$200-500
2019-10-26 13:57:57+00:00,purchase,3500009,2.0530135552879496e+18,unknown,bosch,290.1,519967953,972ab1d8-69b2-445b-89ac-c722aa796b4c,$200-500
2019-10-26 13:58:10+00:00,purchase,1005168,2.0530135556318828e+18,electronics.smartphone,samsung,216.72,545256701,977f2401-547e-4cac-b434-bd4f98472e8c,$200-500
2019-10-26 14:11:06+00:00,purchase,29502228,2.053013566344135e+18,unknown,mutant,68.34,562159714,6307c1db-b9e6-4844-aa50-fb776106c541,$50-100
2019-10-26 15:13:04+00:00,purchase,5000356,2.053013566100866e+18,appliances.sewing_machine,janome,169.86,513935912,739a90b4-64c0-4da5-97fb-c0578a3dd839,$100-200
2019-10-26 15:22:40+00:00,purchase,12709427,2.0530135535598963e+18,unknown,triangle,74.39,516871119,1b3eaafd-d979-fb75-2553-2ccfaf96d853,$50-100
2019-10-26 15:33:19+00:00,purchase,12718066,2.0530135535598963e+18,unknown,,38.61,517461958,dcd72389-de77-4f0a-9ef1-a152ec8195f8,<$50
2019-10-26 15:51:17+00:00,purchase,14100000,2.0530135576703145e+18,electronics.audio.acoustic,cort,167.31,556079769,286686c9-a5d5-4a7e-8ed9-38def1620b3b,$100-200
2019-10-26 16:11:54+00:00,purchase,1005115,2.0530135556318828e+18,electronics.smartphone,apple,980.76,564276004,11b9dd90-8e7f-489c-b22f-2666e00c4f54,$500-1000
2019-10-26 16:37:49+00:00,purchase,28718721,2.0530135656394929e+18,apparel.shoes,respect,128.45,559918602,a8faa50e-6053-4fc2-8f5b-37fe7e8437ad,$100-200
2019-10-26 16:53:10+00:00,purchase,1004850,2.0530135556318828e+18,electronics.smartphone,huawei,694.48,512600817,a4e5f9e5-16f9-49aa-b5a1-007aebc6f4f7,$500-1000
2019-10-26 17:01:22+00:00,purchase,4300077,2.0530135523854912e+18,unknown,timberk,38.59,512600817,a4e5f9e5-16f9-49aa-b5a1-007aebc6f4f7,<$50
2019-10-26 17:06:33+00:00,purchase,1005115,2.0530135556318828e+18,electronics.smartphone,apple,978.49,518142894,c945517a-b623-4732-b599-75e3b9e1bc8b,$500-1000
2019-10-26 17:15:21+00:00,purchase,12200960,2.1169075251765576e+18,sport.bicycle,dahon,411.59,517288734,827c5f20-e94b-4384-89a6-3e1659911946,$200-500
2019-10-26 18:02:52+00:00,purchase,2501061,2.0530135640037135e+18,appliances.kitchen.oven,darina,243.81,515783060,0e1df0b9-26c4-4569-85d3-81fff14455c3,$200-500
2019-10-26 18:13:55+00:00,purchase,1004708,2.0530135556318828e+18,electronics.smartphone,huawei,152.5,522482923,1dd7a087-c66d-4ec2-807f-8463d189f512,$100-200
2019-10-26 18:17:35+00:00,purchase,2401235,2.053013563743667e+18,appliances.kitchen.hood,darina,72.82,515783060,0e1df0b9-26c4-4569-85d3-81fff14455c3,$50-100
2019-10-26 18:26:39+00:00,purchase,9300078,2.0530135545245865e+18,unknown,lg,257.15,519523019,7e955cf1-b061-48ca-a893-a4f4788d3f12,$200-500
2019-10-26 18:49:34+00:00,purchase,2701683,2.053013563911439e+18,appliances.kitchen.refrigerators,beko,223.36,520727859,74bbcca4-b682-4380-8cfa-c5d22e7bf5e4,$200-500
2019-10-26 19:04:51+00:00,purchase,1005098,2.0530135556318828e+18,electronics.smartphone,samsung,140.69,519543524,1978b393-a36b-418e-8e0a-8483eef21fa8,$100-200
2019-10-26 19:05:45+00:00,purchase,1201496,2.172371436436456e+18,electronics.tablet,prestigio,51.22,519543524,1978b393-a36b-418e-8e0a-8483eef21fa8,$50-100
2019-10-26 20:48:21+00:00,purchase,3601489,2.053013563810776e+18,appliances.kitchen.washer,samsung,476.18,535781297,d222ac44-75e7-479e-893f-b6ecce65bd14,$200-500
2019-10-26 23:33:27+00:00,purchase,4804056,2.053013554658804e+18,electronics.audio.headphone,apple,159.8,512607513,1351a01f-ac52-46a1-8f7b-f8986217b3c3,$100-200
2019-10-27 01:49:22+00:00,purchase,1004850,2.0530135556318828e+18,electronics.smartphone,huawei,694.48,512600817,58f7b4e9-b1d6-49d7-bec4-0abb156d4169,$500-1000
2019-10-27 02:06:30+00:00,purchase,1002544,2.0530135556318828e+18,electronics.smartphone,apple,458.96,519138914,20ead353-5203-469a-8b6a-98584e4a940f,$200-500
2019-10-27 02:15:59+00:00,purchase,2501908,2.0530135640037135e+18,appliances.kitchen.oven,dauscher,43.99,539268182,c3a5c6f4-a172-47a8-aaa0-1fd6f00d7d31,<$50
2019-10-27 02:22:36+00:00,purchase,26500136,2.053013563550729e+18,unknown,lucente,91.38,521020426,38104bf4-ad6c-41bc-8ebe-78b95a878998,$50-100
2019-10-27 03:07:13+00:00,purchase,7202671,2.053013553165632e+18,unknown,lego,20.57,513742776,c3ebacb3-a0b2-4d36-ab33-2f63c39cff69,<$50
2019-10-27 03:10:44+00:00,purchase,1004249,2.0530135556318828e+18,electronics.smartphone,apple,723.12,530482376,72ca3ccb-b184-4736-b080-078d5023b4bb,$500-1000
2019-10-27 03:32:41+00:00,purchase,1005135,2.0530135556318828e+18,electronics.smartphone,apple,1700.48,564558470,ee14890d-899c-4fbb-8f9d-371f0aa7af0c,>$1000
2019-10-27 04:34:37+00:00,purchase,4803205,2.053013554658804e+18,electronics.audio.headphone,jbl,25.1,561797045,0ebf5124-1ab3-4163-899f-02f74bf754ca,<$50
2019-10-27 04:45:40+00:00,purchase,5100816,2.053013553375347e+18,unknown,xiaomi,29.09,517501018,62e4aa18-0643-4f98-ba80-5856d3ec4348,<$50
2019-10-27 04:47:39+00:00,purchase,45100003,2.1060757254412695e+18,unknown,rozenbal,12.36,517501018,62e4aa18-0643-4f98-ba80-5856d3ec4348,<$50
2019-10-27 04:48:05+00:00,purchase,4804045,2.053013554658804e+18,electronics.audio.headphone,ipipoo,21.88,531037886,325a2be8-2c07-4db4-8de8-554ae55c3a56,<$50
2019-10-27 04:49:04+00:00,purchase,52900140,2.139150089359196e+18,accessories.bag,stanley,26.17,513315287,f805aa0b-223d-4660-a926-b71ace6b1465,<$50
2019-10-27 04:51:16+00:00,purchase,15900111,2.053013558190408e+18,unknown,tefal,30.86,531037886,325a2be8-2c07-4db4-8de8-554ae55c3a56,<$50
2019-10-27 04:54:10+00:00,purchase,52900142,2.139150089359196e+18,accessories.bag,stanley,15.21,513315287,d9923f2c-9b68-445e-ba80-0eab61c0c677,<$50
2019-10-27 05:13:23+00:00,purchase,1005067,2.0530135556318828e+18,electronics.smartphone,samsung,1201.98,522104793,c96dc4ba-3742-41b2-aea6-878be8f553aa,>$1000
2019-10-27 05:15:07+00:00,purchase,1004665,2.0530135556318828e+18,electronics.smartphone,samsung,782.22,522104793,c96dc4ba-3742-41b2-aea6-878be8f553aa,$500-1000
2019-10-27 05:24:41+00:00,purchase,1005102,2.0530135556318828e+18,electronics.smartphone,xiaomi,432.69,522104793,c96dc4ba-3742-41b2-aea6-878be8f553aa,$200-500
2019-10-27 05:24:55+00:00,purchase,12711235,2.0530135535598963e+18,unknown,dunlop,74.26,550499263,80308420-1fc1-46ca-a755-e023be0da7a0,$50-100
2019-10-27 05:30:38+00:00,purchase,12702930,2.0530135535598963e+18,unknown,cordiant,35.78,522403775,2a86df2d-a421-4a89-81a2-e195bd201454,<$50
2019-10-27 05:36:30+00:00,purchase,3701277,2.0530135659834253e+18,appliances.environment.vacuum,elenberg,41.16,560813614,7eb60ab1-a343-4ba3-9d5d-defdd7991528,<$50
2019-10-27 05:40:37+00:00,purchase,1005143,2.0530135556318828e+18,electronics.smartphone,apple,1544.17,512709586,18b8be21-fdfc-4bd4-960a-d4f023b01490,>$1000
2019-10-27 05:42:59+00:00,purchase,1005158,2.0530135556318828e+18,electronics.smartphone,xiaomi,329.46,522104793,b22f77de-e954-4a21-96e4-1b117e424c51,$200-500
2019-10-27 05:44:39+00:00,purchase,1005239,2.0530135556318828e+18,electronics.smartphone,xiaomi,262.3,522104793,b22f77de-e954-4a21-96e4-1b117e424c51,$200-500
2019-10-27 05:46:50+00:00,purchase,1005159,2.0530135556318828e+18,electronics.smartphone,xiaomi,215.44,522104793,b22f77de-e954-4a21-96e4-1b117e424c51,$200-500
2019-10-27 05:57:34+00:00,purchase,12703015,2.0530135535598963e+18,unknown,cordiant,42.99,534659433,aad65b91-8842-4112-9f0d-49eb6ecdcd9b,<$50
2019-10-27 06:25:34+00:00,purchase,4804056,2.053013554658804e+18,electronics.audio.headphone,apple,159.8,515357891,7ff94b04-d51e-4bc0-b44a-c11a615fcb55,$100-200
2019-10-27 06:32:32+00:00,purchase,5701037,2.053013553970938e+18,auto.accessories.player,swat,100.39,517149970,24dd8f8e-ac23-43b4-b128-0f780fd59163,$100-200
2019-10-27 06:40:39+00:00,purchase,26300079,2.0530135635842836e+18,unknown,lucente,343.12,534766227,eca182c2-46ff-41df-8cf0-cc5211512a15,$200-500
2019-10-27 06:43:27+00:00,purchase,13200244,2.053013557192164e+18,furniture.bedroom.bed,,87.52,560577241,a21b0ba6-aede-40f2-a67a-8cd3954beb5e,$50-100
2019-10-27 06:45:03+00:00,purchase,26300742,2.0530135635842836e+18,unknown,lucente,306.57,534766227,eca182c2-46ff-41df-8cf0-cc5211512a15,$200-500
2019-10-27 06:48:30+00:00,purchase,26300735,2.0530135635842836e+18,unknown,,153.67,534766227,eca182c2-46ff-41df-8cf0-cc5211512a15,$100-200
2019-10-27 06:49:37+00:00,purchase,49800013,2.1266796548016049e+18,accessories.bag,ritmix,10.73,512432519,71ccfeb2-ca6f-40c7-a3a1-d4e62433a7e3,<$50
2019-10-27 06:54:33+00:00,purchase,16500004,2.053013556462355e+18,unknown,omron,57.97,548707727,f030d469-23fb-4709-a3bc-7a8f46ee0378,$50-100
2019-10-27 07:03:06+00:00,purchase,1005124,2.0530135556318828e+18,electronics.smartphone,apple,1602.73,564586855,686d2fe6-a3a3-4f12-8cfd-55fc5421bf66,>$1000
2019-10-27 07:26:04+00:00,purchase,1004850,2.0530135556318828e+18,electronics.smartphone,huawei,676.69,512600817,109b12b3-8ab6-4b20-a08f-b106552ed4f3,$500-1000
2019-10-27 07:30:34+00:00,purchase,12711503,2.0530135535598963e+18,unknown,maxxis,41.06,519270049,60fe28cf-79c4-4e45-a6de-4337f91a7c4d,<$50
2019-10-27 07:32:09+00:00,purchase,12711503,2.0530135535598963e+18,unknown,maxxis,41.06,519270049,60fe28cf-79c4-4e45-a6de-4337f91a7c4d,<$50
2019-10-27 07:38:58+00:00,purchase,3500009,2.0530135552879496e+18,unknown,bosch,290.1,519967953,9f1c4c42-3a41-447e-81fa-6c83175cf087,$200-500
2019-10-27 07:41:18+00:00,purchase,1201496,2.172371436436456e+18,electronics.tablet,prestigio,51.22,519543524,b5ddec31-cfaf-40eb-8415-048f8b7b143e,$50-100
2019-10-27 08:14:41+00:00,purchase,4804295,2.053013554658804e+18,electronics.audio.headphone,xiaomi,21.86,513645191,68e25027-0825-450b-811a-337e30e9030e,<$50
2019-10-27 08:19:34+00:00,purchase,1307310,2.053013558920217e+18,computers.notebook,acer,283.1,543026867,b810ab03-40e7-47b5-a2f0-13a2f8a777ed,$200-500
2019-10-27 08:26:49+00:00,purchase,1004850,2.0530135556318828e+18,electronics.smartphone,huawei,676.69,512600817,83b14934-ce73-4617-a9fa-625f1afd2d40,$500-1000
2019-10-27 08:27:25+00:00,purchase,5700518,2.053013553970938e+18,auto.accessories.player,,131.25,517149970,3295122b-c826-4290-bc50-50bc9f41366d,$100-200
2019-10-27 08:28:56+00:00,purchase,1005132,2.0530135556318828e+18,electronics.smartphone,apple,1393.09,522873319,a2854483-b5eb-454b-ae36-3cb05af1c89e,>$1000
2019-10-27 08:30:21+00:00,purchase,13104732,2.053013553526342e+18,unknown,kipardo,372.73,514434839,2c4d3569-26d3-4e0a-aa02-e54d5f788e28,$200-500
2019-10-27 08:38:29+00:00,purchase,1480748,2.0530135610928668e+18,computers.desktop,pulser,1186.62,519836830,72b4bd7b-f2d1-463e-bf9e-31d9355791d3,>$1000
2019-10-27 08:46:01+00:00,purchase,26200586,2.0530135636933356e+18,unknown,,286.49,545002658,94559ed6-b199-4640-9ae5-e5eb4909423b,$200-500
2019-10-27 08:48:28+00:00,purchase,1005132,2.0530135556318828e+18,electronics.smartphone,apple,1393.09,564621985,e3eb30e6-c743-436a-9137-6b27beae6f6d,>$1000
2019-10-27 08:55:20+00:00,purchase,1004446,2.0530135556318828e+18,electronics.smartphone,samsung,89.32,540834768,f30b398f-4a1f-4345-8e79-ddf8a4b6ac72,$50-100
2019-10-27 08:56:53+00:00,purchase,3701035,2.0530135659834253e+18,appliances.environment.vacuum,samsung,218.77,560902392,6e3b1ea4-ea48-407c-a904-ad5a7c1a11fb,$200-500
2019-10-27 08:57:49+00:00,purchase,48400005,2.1191490082942487e+18,unknown,,64.33,559918602,506cf16e-5c72-4462-a691-db9fbdaf4e5d,$50-100
2019-10-27 09:01:00+00:00,purchase,1004767,2.0530135556318828e+18,electronics.smartphone,samsung,244.1,530472605,c0b454ee-8af7-46eb-bf15-a645a993619d,$200-500
2019-10-27 09:15:31+00:00,purchase,1004871,2.0530135556318828e+18,electronics.smartphone,samsung,277.71,561088767,08ddb818-926b-412b-9290-61341db34809,$200-500
2019-10-27 09:21:25+00:00,purchase,21401447,2.053013561579406e+18,electronics.clocks,casio,221.88,530482376,96dd4b16-10ff-4ec9-a857-ac2b413851e7,$200-500
2019-10-27 10:00:47+00:00,purchase,4801840,2.053013554658804e+18,electronics.audio.headphone,jbl,83.12,517826800,cb7e993c-47e7-4bbb-8064-c8bf15e77976,$50-100
2019-10-27 10:24:53+00:00,purchase,1004958,2.0530135556318828e+18,electronics.smartphone,xiaomi,330.78,564657593,242d9582-3fd3-422b-b0ab-9d7a95abf67c,$200-500
2019-10-27 10:25:58+00:00,purchase,1004958,2.0530135556318828e+18,electronics.smartphone,xiaomi,330.78,564657593,242d9582-3fd3-422b-b0ab-9d7a95abf67c,$200-500
2019-10-27 10:27:53+00:00,purchase,1004449,2.0530135556318828e+18,electronics.smartphone,xiaomi,218.49,564657593,242d9582-3fd3-422b-b0ab-9d7a95abf67c,$200-500
2019-10-27 10:29:03+00:00,purchase,1004449,2.0530135556318828e+18,electronics.smartphone,xiaomi,218.49,564657593,242d9582-3fd3-422b-b0ab-9d7a95abf67c,$200-500
2019-10-27 10:50:58+00:00,purchase,2601299,2.0530135639701596e+18,unknown,dauscher,424.46,554241210,05739d27-6a4e-467e-b5f3-ff7bcffa88a8,$200-500
2019-10-27 10:58:43+00:00,purchase,3801134,2.0530135661763635e+18,appliances.iron,elenberg,16.71,524091994,545fdf4b-5e51-4e04-ae7c-bb6310218ed4,<$50
2019-10-27 11:09:38+00:00,purchase,4804600,2.053013554658804e+18,electronics.audio.headphone,sony,30.61,512657316,0c4faddf-b18c-4088-8af5-4d6b689b1a55,<$50
2019-10-27 11:17:35+00:00,purchase,12705234,2.0530135535598963e+18,unknown,viatti,53.28,548379927,d8ae9808-8c8d-4f3e-9afd-7465c22c4eaf,$50-100
2019-10-27 11:18:29+00:00,purchase,6800659,2.0530135542225964e+18,computers.components.hdd,kingston,64.4,524367842,addb7f91-4376-4d61-8015-36fe34926347,$50-100
2019-10-27 11:19:12+00:00,purchase,1004856,2.0530135556318828e+18,electronics.smartphone,samsung,130.99,525921810,100eb435-600c-4290-96b0-8399e6585cc6,$100-200
2019-10-27 11:20:14+00:00,purchase,1004856,2.0530135556318828e+18,electronics.smartphone,samsung,130.99,525921810,100eb435-600c-4290-96b0-8399e6585cc6,$100-200
2019-10-27 11:24:58+00:00,purchase,12702033,2.0530135535598963e+18,unknown,nokian,69.76,548379927,d8ae9808-8c8d-4f3e-9afd-7465c22c4eaf,$50-100
2019-10-27 11:27:25+00:00,purchase,6600981,2.053013554189042e+18,computers.components.memory,hyperx,127.93,524367842,ff797bf3-ff4c-48e5-af40-abbcca22669f,$100-200
2019-10-27 11:30:34+00:00,purchase,1004210,2.0530135556318828e+18,electronics.smartphone,samsung,88.24,541313444,19507961-dbc1-4739-8b65-cb169856fe15,$50-100
2019-10-27 11:50:34+00:00,purchase,1004767,2.0530135556318828e+18,electronics.smartphone,samsung,244.1,562906512,3305c45e-2607-4320-addb-4a83bcfe9115,$200-500
2019-10-27 11:59:18+00:00,purchase,1005106,2.0530135556318828e+18,electronics.smartphone,apple,1488.17,514789425,596b250a-76dd-4252-bc23-f63efbaf1f8f,>$1000
2019-10-27 12:03:03+00:00,purchase,35108913,2.070005009382114e+18,apparel.underwear,milavitsa,33.35,561258306,1ff69fab-4155-4887-8ffe-787920708674,<$50
2019-10-27 12:04:16+00:00,purchase,1004833,2.0530135556318828e+18,electronics.smartphone,samsung,170.14,552036612,c44b2f86-10c7-4e0d-8fcb-948ac5d42ab3,$100-200
2019-10-27 12:06:22+00:00,purchase,3601127,2.053013563810776e+18,appliances.kitchen.washer,haier,321.73,564670117,473094f6-13b0-4c9e-9c32-a55da24d520e,$200-500
2019-10-27 12:46:44+00:00,purchase,38900020,2.0857186361561585e+18,unknown,,20.59,557609477,691e03c3-e266-458f-9aab-bbfef593a757,<$50
2019-10-27 13:06:25+00:00,purchase,1004856,2.0530135556318828e+18,electronics.smartphone,samsung,130.99,552036612,1461d1a8-4ae0-449a-b739-124d56f88719,$100-200
2019-10-27 13:10:04+00:00,purchase,1802116,2.0530135544155343e+18,electronics.video.tv,lg,1415.45,527692742,cc9cfd31-e532-4fce-bd36-1b861084fcb3,>$1000
2019-10-27 13:11:46+00:00,purchase,1005098,2.0530135556318828e+18,electronics.smartphone,samsung,140.53,538842970,9ed02d8e-0657-4c28-90ab-3915fa14deb5,$100-200
2019-10-27 13:14:28+00:00,purchase,1004838,2.0530135556318828e+18,electronics.smartphone,oppo,141.28,536590614,7c82f37c-1dff-4d7d-a97b-1517029ec730,$100-200
2019-10-27 13:16:51+00:00,purchase,5100562,2.0530135533417925e+18,electronics.clocks,apple,298.34,551220520,4793454b-987b-40ac-a236-b696ff459e7a,$200-500
2019-10-27 13:26:09+00:00,purchase,5100562,2.0530135533417925e+18,electronics.clocks,apple,298.34,551220520,4793454b-987b-40ac-a236-b696ff459e7a,$200-500
2019-10-27 13:36:56+00:00,purchase,26027335,2.053013562778977e+18,unknown,,7.14,552117695,649b59fb-f8a9-40ce-abf0-6ffae128c13d,<$50
2019-10-27 13:37:45+00:00,purchase,1004227,2.0530135556318828e+18,electronics.smartphone,apple,1002.47,517509341,9c8343cb-0eaf-4672-9242-22ed00becba5,>$1000
2019-10-27 13:46:41+00:00,purchase,1004767,2.0530135556318828e+18,electronics.smartphone,samsung,244.06,564715839,6396bdef-f87b-47e5-bb7f-2cc5e641cad2,$200-500
2019-10-27 13:52:48+00:00,purchase,1307067,2.053013558920217e+18,computers.notebook,lenovo,251.25,559546878,8fa1e024-0410-4930-8ac9-9fa52c2e8d30,$200-500
2019-10-27 14:05:46+00:00,purchase,1002536,2.0530135556318828e+18,electronics.smartphone,apple,566.04,564715839,86169535-b874-4565-8201-fe475689c99e,$500-1000
2019-10-27 14:24:24+00:00,purchase,1004226,2.0530135556318828e+18,electronics.smartphone,apple,993.56,547394750,9f98789a-b09a-4093-bb87-f8495e0caad8,$500-1000
2019-10-27 14:25:55+00:00,purchase,1004870,2.0530135556318828e+18,electronics.smartphone,samsung,279.29,564715839,01b425fd-2d8d-4b1a-af64-751d8de8a3a6,$200-500
2019-10-27 14:27:49+00:00,purchase,1004870,2.0530135556318828e+18,electronics.smartphone,samsung,279.29,564715839,01b425fd-2d8d-4b1a-af64-751d8de8a3a6,$200-500
2019-10-27 14:33:40+00:00,purchase,1307344,2.053013558920217e+18,computers.notebook,asus,540.53,517558419,7ea025ba-23d2-4a83-9267-38852743aba3,$500-1000
2019-10-27 14:35:30+00:00,purchase,1004238,2.0530135556318828e+18,electronics.smartphone,apple,1243.79,560813614,7ca7858c-b41e-4143-9bf4-ece31be748e4,>$1000
2019-10-27 14:43:52+00:00,purchase,7900244,2.0530135564875208e+18,furniture.kitchen.chair,,25.7,515622671,9b80a73b-3745-44a6-95f4-732eca98763d,<$50
2019-10-27 14:49:55+00:00,purchase,1004875,2.0530135556318828e+18,electronics.smartphone,samsung,361.7,564722358,b76e0c1a-5e8f-47f0-8578-107ee31f0d5d,$200-500
2019-10-27 14:51:22+00:00,purchase,1004875,2.0530135556318828e+18,electronics.smartphone,samsung,361.7,564722358,b76e0c1a-5e8f-47f0-8578-107ee31f0d5d,$200-500
2019-10-27 14:52:24+00:00,purchase,2900958,2.0530135547762445e+18,appliances.kitchen.microwave,arg,56.6,555584705,1739dee8-db06-49af-9372-74c04d92cd39,$50-100
2019-10-27 14:54:21+00:00,purchase,1004238,2.0530135556318828e+18,electronics.smartphone,apple,1243.79,560813614,c5a7c895-e715-4f35-a5cc-abe475ec9874,>$1000
2019-10-27 15:13:40+00:00,purchase,1801766,2.0530135544155343e+18,electronics.video.tv,artel,147.03,562959870,f7b62da9-6f1e-4e9d-bd65-2e083da96eac,$100-200
2019-10-27 15:49:18+00:00,purchase,12700552,2.0530135535598963e+18,unknown,continental,131.28,540827117,60195257-a792-4c19-9965-77c22209ba4e,$100-200
2019-10-27 16:03:45+00:00,purchase,1005100,2.0530135556318828e+18,electronics.smartphone,samsung,140.5,514015072,dd8df4b9-cc09-4be9-987f-30b41daa2b2b,$100-200
2019-10-27 16:05:14+00:00,purchase,1004836,2.0530135556318828e+18,electronics.smartphone,samsung,223.73,544629989,1b3197cd-0ecd-4053-9ab7-d2b2a8c1f38f,$200-500
2019-10-27 16:30:15+00:00,purchase,1005205,2.0530135556318828e+18,electronics.smartphone,oppo,218.5,532444282,8d442ae5-167e-4964-83e3-ec15625452d2,$200-500
2019-10-27 16:56:13+00:00,purchase,5000065,2.053013566100866e+18,appliances.sewing_machine,janome,208.96,564771727,341a84df-bcd1-41eb-bfb7-57529110654e,$200-500
2019-10-27 17:13:34+00:00,purchase,1004833,2.0530135556318828e+18,electronics.smartphone,samsung,172.23,515357432,73c591f2-035f-47d1-9d70-c2f00226c753,$100-200
2019-10-27 17:17:44+00:00,purchase,45601501,2.1356585427811704e+18,apparel.shoes,babybotte,33.46,532448577,6f615ad2-fffb-4576-8582-bbd60641a493,<$50
2019-10-27 17:30:34+00:00,purchase,22700129,2.0530135561687537e+18,unknown,stels,70.79,560209965,5811b469-a882-462f-a80a-41a02763040f,$50-100
2019-10-27 17:31:35+00:00,purchase,22700129,2.0530135561687537e+18,unknown,stels,70.79,560209965,5811b469-a882-462f-a80a-41a02763040f,$50-100
2019-10-27 17:37:38+00:00,purchase,3700753,2.0530135659834253e+18,appliances.environment.vacuum,samsung,90.07,564784974,22e16a66-2afe-46ca-8083-b82c7b855030,$50-100
2019-10-27 18:11:25+00:00,purchase,1004836,2.0530135556318828e+18,electronics.smartphone,samsung,223.73,564796083,058f531a-b0e0-4b39-96c8-21ed5a4ce158,$200-500
2019-10-27 18:12:55+00:00,purchase,1004836,2.0530135556318828e+18,electronics.smartphone,samsung,223.73,564796083,058f531a-b0e0-4b39-96c8-21ed5a4ce158,$200-500
2019-10-27 18:38:39+00:00,purchase,1005135,2.0530135556318828e+18,electronics.smartphone,apple,1692.81,562087816,16bf517e-3c78-40c7-8a26-dced602d2998,>$1000
2019-10-27 18:48:51+00:00,purchase,1003316,2.0530135556318828e+18,electronics.smartphone,apple,928.4,541431085,44022302-1149-4aaf-a88d-8c3e1783bc9b,$500-1000
2019-10-27 19:28:44+00:00,purchase,1005115,2.0530135556318828e+18,electronics.smartphone,apple,972.29,540897544,94fbb95a-bdc3-4d2e-955c-b24b235ca8fc,$500-1000
2019-10-27 20:08:35+00:00,purchase,1004833,2.0530135556318828e+18,electronics.smartphone,samsung,172.23,519543524,b639bd56-ee70-4362-a4c7-3428a6c6bf01,$100-200
2019-10-27 20:37:08+00:00,purchase,1005135,2.0530135556318828e+18,electronics.smartphone,apple,1691.92,492719150,5c33996c-b680-4a03-817a-e92887bd1013,>$1000
2019-10-27 20:38:22+00:00,purchase,22700193,2.0530135561687537e+18,unknown,stels,79.8,523218666,302d2ea1-b13b-4bdb-ad96-5b82a633f325,$50-100
2019-10-28 03:04:44+00:00,purchase,1004856,2.0530135556318828e+18,electronics.smartphone,samsung,130.99,564893760,92101113-a7a0-4462-90bd-e7f9cdf762ae,$100-200
2019-10-28 03:07:14+00:00,purchase,1004767,2.0530135556318828e+18,electronics.smartphone,samsung,244.03,562267155,2254b43c-713e-47dc-aece-1771da6017bb,$200-500
2019-10-28 03:22:53+00:00,purchase,1004566,2.0530135556318828e+18,electronics.smartphone,huawei,165.17,551740013,10af80e5-8324-4f31-b112-d39d4e2c02e1,$100-200
2019-10-28 03:43:25+00:00,purchase,9200607,2.0530135529139732e+18,computers.peripherals.keyboard,defender,9.24,517654771,463c585b-a310-4967-a07f-7157cbd111c6,<$50
2019-10-28 03:43:33+00:00,purchase,1004856,2.0530135556318828e+18,electronics.smartphone,samsung,130.99,564796083,55dea619-3c5f-4139-902d-0df82815f07f,$100-200
2019-10-28 04:20:00+00:00,purchase,23000161,2.1643674228935892e+18,unknown,bardahl,23.17,564670117,07da0bd7-3aaa-4cf3-9823-4736894c9537,<$50
2019-10-28 04:25:15+00:00,purchase,1004856,2.0530135556318828e+18,electronics.smartphone,samsung,130.99,525921810,fffb8cfd-6eaf-48cf-9fd7-3c7d1f071613,$100-200
2019-10-28 04:25:20+00:00,purchase,8801091,2.0530135555731625e+18,electronics.telephone,nokia,22.39,513736573,b0242102-e9ea-4286-9b5a-daa7704c8beb,<$50
2019-10-28 05:18:52+00:00,purchase,4804055,2.053013554658804e+18,electronics.audio.headphone,apple,189.68,512867386,a3c4550c-6cf6-4217-900e-054e9954de96,$100-200
2019-10-28 05:23:08+00:00,purchase,1307067,2.053013558920217e+18,computers.notebook,lenovo,251.25,564918282,84a58a74-4a1c-453a-9ffc-31b6b803811b,$200-500
2019-10-28 05:39:06+00:00,purchase,1002548,2.0530135556318828e+18,electronics.smartphone,apple,527.17,544962721,5793a3ff-2e8a-4f56-915c-9c329ff374ab,$500-1000
2019-10-28 05:41:59+00:00,purchase,1004210,2.0530135556318828e+18,electronics.smartphone,samsung,88.24,516197825,f625b109-4d48-4ee8-a927-423b40a5eb56,$50-100
2019-10-28 06:03:55+00:00,purchase,26200635,2.0530135636933356e+18,unknown,,84.94,544799254,4fcd0461-fb09-4c6e-869b-7f9ff0f5712d,$50-100
2019-10-28 06:07:53+00:00,purchase,1005100,2.0530135556318828e+18,electronics.smartphone,samsung,140.49,515349237,c200021b-dd0c-42ce-8164-358ca4307e3e,$100-200
2019-10-28 06:13:25+00:00,purchase,3700755,2.0530135659834253e+18,appliances.environment.vacuum,samsung,92.41,514951110,3111c4fe-30da-4eec-871f-c4b78cdb936d,$50-100
2019-10-28 06:17:36+00:00,purchase,1600548,2.05301355305658e+18,computers.peripherals.printer,hp,136.12,523845036,5cf1dd0a-1fe8-4846-896e-c2cfa75d254b,$100-200
2019-10-28 06:46:28+00:00,purchase,1005135,2.0530135556318828e+18,electronics.smartphone,apple,1689.36,527937024,dd5db985-9d03-4101-bbf0-62d3e981c433,>$1000
2019-10-28 06:56:44+00:00,purchase,1005135,2.0530135556318828e+18,electronics.smartphone,apple,1689.36,527937024,4b1fb9cc-042a-4b9d-ba31-8cde54328764,>$1000
2019-10-28 07:08:07+00:00,purchase,1004767,2.0530135556318828e+18,electronics.smartphone,samsung,243.75,514432118,4f5ecbfd-9f77-4ed5-8bd3-eda4b87f61df,$200-500
2019-10-28 07:14:09+00:00,purchase,6100193,2.0530135608663744e+18,auto.accessories.radar,sho-me,79.8,512484704,15da7efa-53b5-4c09-9840-16367912b431,$50-100
2019-10-28 07:18:16+00:00,purchase,1004767,2.0530135556318828e+18,electronics.smartphone,samsung,243.75,542826414,40bbf825-4074-4e76-8e98-43ff5e5dae35,$200-500
2019-10-28 07:35:02+00:00,purchase,16800177,2.0530135583162373e+18,furniture.kitchen.table,,153.16,514997951,8816b66d-5895-454c-8d39-f2c5a0b50e9f,$100-200
2019-10-28 07:42:40+00:00,purchase,1004777,2.0530135556318828e+18,electronics.smartphone,xiaomi,135.01,512455399,20e3d3c3-25dc-43f8-a13a-26968aee6cc4,$100-200
2019-10-28 08:01:23+00:00,purchase,1002532,2.0530135556318828e+18,electronics.smartphone,apple,563.46,547732572,fd07b735-2530-436f-beb7-a4cb1bdbc3c5,$500-1000
2019-10-28 08:16:51+00:00,purchase,1004856,2.0530135556318828e+18,electronics.smartphone,samsung,130.99,564796083,0ec089c7-211d-4cf0-8bd7-e472fd8bc621,$100-200
2019-10-28 08:20:28+00:00,purchase,1004750,2.0530135556318828e+18,electronics.smartphone,samsung,195.26,558560892,9d9a0589-e66c-4b68-9874-1d9cfbeedbe4,$100-200
2019-10-28 08:23:31+00:00,purchase,1004249,2.0530135556318828e+18,electronics.smartphone,apple,725.08,550444451,587ccf50-587e-4c56-979b-0cb6783c3bf5,$500-1000
2019-10-28 08:26:33+00:00,purchase,1004750,2.0530135556318828e+18,electronics.smartphone,samsung,195.26,558560892,4590d723-dbeb-4bbc-9c41-b41961ecd534,$100-200
2019-10-28 08:26:43+00:00,purchase,1004856,2.0530135556318828e+18,electronics.smartphone,samsung,130.99,564796083,0ec089c7-211d-4cf0-8bd7-e472fd8bc621,$100-200
2019-10-28 08:28:18+00:00,purchase,1004833,2.0530135556318828e+18,electronics.smartphone,samsung,172.22,564796083,0ec089c7-211d-4cf0-8bd7-e472fd8bc621,$100-200
2019-10-28 08:35:18+00:00,purchase,1004887,2.0530135556318828e+18,electronics.smartphone,oppo,115.55,534277061,f8f2a1e7-42d0-44a5-9f15-2c9168762f2b,$100-200
2019-10-28 08:43:45+00:00,purchase,1801909,2.0530135544155343e+18,electronics.video.tv,samsung,771.96,562481230,6a680ee1-acd0-4c55-9d95-412ece075c93,$500-1000
2019-10-28 08:48:52+00:00,purchase,13102295,2.053013553526342e+18,unknown,kipardo,458.18,519286286,6a26d5d8-4b09-497f-86f3-998fbb5d5f6c,$200-500
2019-10-28 08:52:00+00:00,purchase,17301397,2.0530135538534976e+18,unknown,montblanc,42.26,514789970,5845b678-eef2-418e-8e66-65e4c646a326,<$50
2019-10-28 08:52:39+00:00,purchase,26300735,2.0530135635842836e+18,unknown,,153.67,534766227,cde1918d-ffd8-4cee-9802-dd3d26982bd5,$100-200
2019-10-28 08:54:27+00:00,purchase,17301397,2.0530135538534976e+18,unknown,montblanc,42.26,514789970,90d0c3c0-a7e4-4cfb-9813-f3476caa7ca1,<$50
2019-10-28 08:58:13+00:00,purchase,26300742,2.0530135635842836e+18,unknown,lucente,306.57,534766227,cde1918d-ffd8-4cee-9802-dd3d26982bd5,$200-500
2019-10-28 08:58:22+00:00,purchase,12714114,2.0530135535598963e+18,unknown,viatti,69.24,564897593,15939f58-6dc2-41e5-9a92-a162c06d0eb4,$50-100
2019-10-28 09:06:41+00:00,purchase,6200971,2.0530135522932165e+18,appliances.environment.air_heater,willmark,10.27,522360490,48cf13e8-8bd2-4733-9653-be95b300f2d0,<$50
2019-10-28 09:09:43+00:00,purchase,4802036,2.053013554658804e+18,electronics.audio.headphone,apple,180.13,513199186,848bf448-2575-4876-9bb8-2f30fe8a003a,$100-200
2019-10-28 09:19:38+00:00,purchase,1005124,2.0530135556318828e+18,electronics.smartphone,apple,1602.36,527937024,183d2d92-874b-4e06-90a4-f4f0822faf55,>$1000
2019-10-28 09:22:44+00:00,purchase,1005124,2.0530135556318828e+18,electronics.smartphone,apple,1602.36,527937024,183d2d92-874b-4e06-90a4-f4f0822faf55,>$1000
2019-10-28 09:25:43+00:00,purchase,1002544,2.0530135556318828e+18,electronics.smartphone,apple,459.21,531985691,ca803ec1-346d-46af-ac9c-4e533c9402f3,$200-500
2019-10-28 09:26:59+00:00,purchase,1004833,2.0530135556318828e+18,electronics.smartphone,samsung,172.22,564796083,2b5e7e4e-3c64-4a6c-bd83-8f0dac29bd65,$100-200
2019-10-28 09:28:40+00:00,purchase,3100439,2.053013555262784e+18,appliances.kitchen.blender,braun,102.94,542092513,013ba826-dec5-4e52-acbf-bec182a66cfa,$100-200
2019-10-28 09:34:13+00:00,purchase,10900250,2.0530135550698455e+18,appliances.kitchen.mixer,vitek,59.13,520449957,80185287-cff1-44a7-b848-ddbf84894713,$50-100
2019-10-28 09:44:32+00:00,purchase,26010323,2.053013562778977e+18,unknown,,9.01,520449957,80185287-cff1-44a7-b848-ddbf84894713,<$50
2019-10-28 09:45:31+00:00,purchase,43100015,2.0985634481483287e+18,unknown,roxy,4.09,515256246,45ec426b-a9e6-418a-9783-2f573e8b2b87,<$50
2019-10-28 09:47:38+00:00,purchase,1004767,2.0530135556318828e+18,electronics.smartphone,samsung,243.75,564294284,59ee994e-d526-4820-8538-6084181a1ee7,$200-500
2019-10-28 10:14:45+00:00,purchase,2601987,2.0530135639701596e+18,unknown,artel,205.13,517061199,5444cff5-4496-4cc9-9f7a-149bff1fe247,$200-500
2019-10-28 10:26:10+00:00,purchase,17301106,2.0530135538534976e+18,unknown,hermes,189.19,550875356,fafb56a0-3dbd-44f6-ae54-e511b5881505,$100-200
2019-10-28 10:50:33+00:00,purchase,11500273,2.0530135546252493e+18,unknown,jbl,94.7,512455399,cac7ad63-167d-4a7d-9db9-7d40efc40f77,$50-100
2019-10-28 10:54:29+00:00,purchase,1306650,2.053013558920217e+18,computers.notebook,acer,437.57,562292568,fbfc0a76-7d34-4c57-8a82-17c15e452e45,$200-500
2019-10-28 10:56:59+00:00,purchase,1306650,2.053013558920217e+18,computers.notebook,acer,437.57,562292568,fbfc0a76-7d34-4c57-8a82-17c15e452e45,$200-500
2019-10-28 10:59:24+00:00,purchase,1004870,2.0530135556318828e+18,electronics.smartphone,samsung,278.72,562292568,fbfc0a76-7d34-4c57-8a82-17c15e452e45,$200-500
2019-10-28 11:02:16+00:00,purchase,3600661,2.053013563810776e+18,appliances.kitchen.washer,samsung,305.57,562292568,fbfc0a76-7d34-4c57-8a82-17c15e452e45,$200-500
2019-10-28 11:16:34+00:00,purchase,4804055,2.053013554658804e+18,electronics.audio.headphone,apple,189.63,512867386,0e4e2229-49df-4253-a54a-52439c30b3e0,$100-200
2019-10-28 11:18:49+00:00,purchase,4804055,2.053013554658804e+18,electronics.audio.headphone,apple,189.63,512867386,309e08ae-7102-4788-8ecb-2d630609c25d,$100-200
2019-10-28 11:54:26+00:00,purchase,1004856,2.0530135556318828e+18,electronics.smartphone,samsung,130.99,527700673,9a2f7943-8736-4adc-a507-646aabc66174,$100-200
2019-10-28 12:02:18+00:00,purchase,1004856,2.0530135556318828e+18,electronics.smartphone,samsung,130.99,527700673,01ac458a-2616-4c18-9f3e-02efd4446e92,$100-200
2019-10-28 12:06:11+00:00,purchase,1004238,2.0530135556318828e+18,electronics.smartphone,apple,1243.79,560813614,0cd2db89-d30e-4797-b582-340dde81a186,>$1000
2019-10-28 12:12:12+00:00,purchase,1005115,2.0530135556318828e+18,electronics.smartphone,apple,968.92,519511293,56fb4e4b-3893-4597-b4ae-6a16b5c64e12,$500-1000
2019-10-28 12:16:34+00:00,purchase,1801940,2.0530135544155343e+18,electronics.video.tv,haier,231.64,513683849,765c9006-4a5b-43bd-8654-38047c57e219,$200-500
2019-10-28 12:20:31+00:00,purchase,3700566,2.0530135659834253e+18,appliances.environment.vacuum,thomas,375.79,555941682,b9a2b766-4b96-495a-9bcb-9bc7642c779f,$200-500
2019-10-28 12:40:28+00:00,purchase,1004247,2.0530135556318828e+18,electronics.smartphone,apple,775.31,564621985,a39a96aa-947e-472a-8e02-bde220b6879b,$500-1000
2019-10-28 12:44:13+00:00,purchase,16700415,2.0530135599016845e+18,furniture.kitchen.chair,,141.57,512719833,c236ae43-a8d2-4262-8096-e3ba22cad19b,$100-200
2019-10-28 12:46:13+00:00,purchase,14400001,2.053013558492398e+18,unknown,samsung,41.16,515416649,1074bfa5-6758-4e31-97e5-5b38c79094cd,<$50
2019-10-28 12:51:58+00:00,purchase,10800025,2.0530135549943483e+18,unknown,redmond,54.0,513585515,237be31e-48fd-4db3-a895-d3ab0b4f5168,$50-100
2019-10-28 12:56:14+00:00,purchase,10800025,2.0530135549943483e+18,unknown,redmond,54.0,513585515,3f0ddc78-7a8a-479e-b9da-b773714fa452,$50-100
2019-10-28 13:04:06+00:00,purchase,4804056,2.053013554658804e+18,electronics.audio.headphone,apple,159.8,516378998,47249f0f-9791-4c37-a6e3-0b521484f557,$100-200
2019-10-28 13:28:19+00:00,purchase,1002633,2.0530135556318828e+18,electronics.smartphone,apple,358.26,565007093,81232c99-28a5-4f7a-b5f2-4fce5938e2f7,$200-500
2019-10-28 13:35:16+00:00,purchase,1003310,2.0530135556318828e+18,electronics.smartphone,apple,695.76,565065854,6b7bb452-ffd2-4107-acc7-0fc3eb4a642c,$500-1000
2019-10-28 13:41:02+00:00,purchase,1003310,2.0530135556318828e+18,electronics.smartphone,apple,695.76,565065854,84ab9060-1218-473b-b2e7-e1543e382697,$500-1000
2019-10-28 13:44:46+00:00,purchase,1005105,2.0530135556318828e+18,electronics.smartphone,apple,1358.59,547398075,f46db5ec-c036-409a-8578-2f7b23b14fb1,>$1000
2019-10-28 14:03:30+00:00,purchase,6200554,2.0530135522932165e+18,appliances.environment.air_heater,ballu,38.61,514677187,9e0216ac-2164-42a1-959d-0591d8083fb4,<$50
2019-10-28 14:21:13+00:00,purchase,4804056,2.053013554658804e+18,electronics.audio.headphone,apple,159.8,512803922,2bb33766-246d-43cc-ba87-2df8b34d8aae,$100-200
2019-10-28 14:23:51+00:00,purchase,1306650,2.053013558920217e+18,computers.notebook,acer,437.57,564918282,39aac5fc-f7d9-4ef9-8e2f-f379bacf391b,$200-500
2019-10-28 14:36:34+00:00,purchase,1307366,2.053013558920217e+18,computers.notebook,lenovo,264.47,549172153,5f6e1426-9c38-4ae4-b3d2-ecf160a15fc8,$200-500
2019-10-28 14:42:47+00:00,purchase,8000275,2.0530135565797957e+18,unknown,,27.1,559378963,683df9f1-297a-4eec-91d3-607289082be5,<$50
2019-10-28 14:46:17+00:00,purchase,1200947,2.172371436436456e+18,electronics.tablet,samsung,110.39,564772917,50bc0591-4ab1-4e20-8811-985097d215c2,$100-200
2019-10-28 14:59:40+00:00,purchase,1201408,2.172371436436456e+18,electronics.tablet,lenovo,76.94,564772917,8edd5306-c065-43b7-a7b2-e6e387483085,$50-100
2019-10-28 16:11:00+00:00,purchase,11200064,2.053013562946749e+18,appliances.personal.scales,saturn,8.75,548236699,6c78f2cc-a1ce-4eef-91b8-36cddba465a8,<$50
2019-10-28 16:16:01+00:00,purchase,3800979,2.0530135661763635e+18,appliances.iron,tefal,56.6,554442825,726f1e65-7b42-4881-9ad1-f5e41b75e5ea,$50-100
2019-10-28 16:18:48+00:00,purchase,1005102,2.0530135556318828e+18,electronics.smartphone,xiaomi,432.17,528015217,39864554-fa39-4e54-86f5-407c1bd8ecbf,$200-500
2019-10-28 19:09:29+00:00,purchase,22700129,2.0530135561687537e+18,unknown,stels,70.79,548587440,ecc869bd-77af-475a-9b09-77786237b613,$50-100
2019-10-28 20:13:20+00:00,purchase,5100816,2.053013553375347e+18,unknown,xiaomi,29.03,520243041,20943af0-39df-410f-8610-1e9e5173098e,<$50
2019-10-28 20:55:21+00:00,purchase,10201420,2.053013553224352e+18,kids.dolls,,7.7,519543524,0c02e8a0-b106-4918-86f1-fe6ededbfc33,<$50
2019-10-29 02:10:15+00:00,purchase,4100343,2.053013561218696e+18,unknown,microsoft,360.34,520395721,c25eceb7-d3e2-4734-a731-e4e0acb63fb1,$200-500
2019-10-29 03:04:54+00:00,purchase,15100034,2.053013557024392e+18,unknown,,282.89,519405175,78ca4ab4-2c3d-4bf2-ba12-9d03c0e83e19,$200-500
2019-10-29 03:24:58+00:00,purchase,15100034,2.053013557024392e+18,unknown,,282.89,519405175,032afbb0-301e-4a79-afd8-cd42dc5a5d20,$200-500
2019-10-29 03:56:05+00:00,purchase,1801772,2.0530135544155343e+18,electronics.video.tv,changhong,360.11,517047852,8fb82251-bd9c-4479-80cf-ff1896f07892,$200-500
2019-10-29 04:10:05+00:00,purchase,1004749,2.0530135556318828e+18,electronics.smartphone,samsung,193.03,553358136,24115ba2-ce5e-429d-ac31-639932cafa98,$100-200
2019-10-29 04:22:38+00:00,purchase,26400272,2.0530135636513925e+18,unknown,lucente,251.49,518315105,81f8fb22-1b52-427c-a625-b2df6b29a4b8,$200-500
2019-10-29 04:34:00+00:00,purchase,5400829,2.053013552989471e+18,unknown,svc,51.22,528144419,de366160-04ff-4fa1-aeb7-27427725fb73,$50-100
2019-10-29 04:42:54+00:00,purchase,1004856,2.0530135556318828e+18,electronics.smartphone,samsung,130.99,525921810,e4b0788c-85b5-4c99-91c2-79016b4942c6,$100-200
2019-10-29 04:47:43+00:00,purchase,8700291,2.053013563097744e+18,appliances.personal.hair_cutter,promozer,22.65,513574919,76c7e700-5bad-408f-957e-20ba27871d86,<$50
2019-10-29 05:06:10+00:00,purchase,1005106,2.0530135556318828e+18,electronics.smartphone,apple,1469.74,522104793,03efce03-57f8-435f-8e21-66e6f09c07e7,>$1000
2019-10-29 05:08:04+00:00,purchase,1005121,2.0530135556318828e+18,electronics.smartphone,apple,1000.8,522104793,03efce03-57f8-435f-8e21-66e6f09c07e7,>$1000
2019-10-29 05:11:34+00:00,purchase,1005158,2.0530135556318828e+18,electronics.smartphone,xiaomi,321.5,522104793,03efce03-57f8-435f-8e21-66e6f09c07e7,$200-500
2019-10-29 05:40:12+00:00,purchase,1004905,2.0530135556318828e+18,electronics.smartphone,huawei,91.71,558461567,fd8bc42f-b097-490b-8fd7-a378263f6e13,$50-100
2019-10-29 05:40:42+00:00,purchase,1004856,2.0530135556318828e+18,electronics.smartphone,samsung,130.99,525921810,c600c71e-52e1-4c08-bbf5-5444a507b28f,$100-200
2019-10-29 06:29:55+00:00,purchase,1004870,2.0530135556318828e+18,electronics.smartphone,samsung,278.45,533604671,026799ac-88a0-46e6-8f44-730ec48d7763,$200-500
2019-10-29 06:42:08+00:00,purchase,26402784,2.0530135636513925e+18,unknown,,102.45,565271170,d7ed4dc5-06ac-4802-a9cd-a27c98f7ab4a,$100-200
2019-10-29 06:42:30+00:00,purchase,4000197,2.053013566142809e+18,construction.tools.generator,polaris,77.2,564778473,d7448c4f-80ea-4df4-80d6-3124c04ff1b7,$50-100
2019-10-29 06:56:09+00:00,purchase,1004836,2.0530135556318828e+18,electronics.smartphone,samsung,229.9,533604671,3a9bb6df-ae34-4b14-acfa-476fdf91e84d,$200-500
2019-10-29 07:05:15+00:00,purchase,1201297,2.172371436436456e+18,electronics.tablet,apple,385.83,513179269,15cf35a0-e896-496e-86f2-445eb09df521,$200-500
2019-10-29 07:09:16+00:00,purchase,1004768,2.0530135556318828e+18,electronics.smartphone,samsung,243.25,565296601,f23d085b-2ff5-437b-99fb-84d369142c42,$200-500
2019-10-29 07:19:02+00:00,purchase,12718717,2.0530135535598963e+18,unknown,yokohama,86.49,518399551,9dc406bc-5ec0-4e0e-a9ca-cd92aa85de2b,$50-100
2019-10-29 07:20:52+00:00,purchase,3700848,2.0530135659834253e+18,appliances.environment.vacuum,karcher,321.73,514963467,61ec7653-5f9f-4b11-8586-9815addf9e49,$200-500
2019-10-29 07:25:14+00:00,purchase,1004856,2.0530135556318828e+18,electronics.smartphone,samsung,130.99,565308590,5e02ce71-a564-44c3-8033-d6c974996617,$100-200
2019-10-29 07:53:11+00:00,purchase,1004856,2.0530135556318828e+18,electronics.smartphone,samsung,130.99,565308590,67db350c-82b3-442f-9995-063ee12a821c,$100-200
2019-10-29 07:57:34+00:00,purchase,17200971,2.0530135597926328e+18,furniture.living_room.sofa,komfort-s,352.11,515610931,c7c28d50-f168-4839-9418-3dc9308f2fc4,$200-500
2019-10-29 08:17:58+00:00,purchase,1004767,2.0530135556318828e+18,electronics.smartphone,samsung,243.22,564294284,b083cf56-2a24-47ff-a4e4-7c2ac3934dd2,$200-500
2019-10-29 08:33:41+00:00,purchase,1004665,2.0530135556318828e+18,electronics.smartphone,samsung,782.22,542826414,f99bca5a-193e-44cf-b0bf-16fd7ca2ab7c,$500-1000
2019-10-29 08:37:33+00:00,purchase,2700071,2.053013563911439e+18,appliances.kitchen.refrigerators,atlant,226.26,515827604,fcd0913a-0d3a-49ab-97f5-e6889adc17a2,$200-500
2019-10-29 08:40:00+00:00,purchase,1004856,2.0530135556318828e+18,electronics.smartphone,samsung,130.99,525921810,2f549f97-be0e-43e4-9ff0-741c64359dbf,$100-200
2019-10-29 08:45:21+00:00,purchase,5100337,2.0530135533417925e+18,electronics.clocks,apple,317.63,519278851,8d7ec757-1575-4b34-9d48-526633da4664,$200-500
2019-10-29 08:46:00+00:00,purchase,1004767,2.0530135556318828e+18,electronics.smartphone,samsung,243.22,564294284,c2e27389-986b-43f6-b4ac-2394758a7f8f,$200-500
2019-10-29 08:46:36+00:00,purchase,1005105,2.0530135556318828e+18,electronics.smartphone,apple,1357.42,523516613,8ad24c6b-f4a9-458c-8356-9e2a0d9c3765,>$1000
2019-10-29 08:58:06+00:00,purchase,1004209,2.0530135556318828e+18,electronics.smartphone,samsung,88.29,512372445,5720a5cf-8020-4a12-855d-2891c4389d0d,$50-100
2019-10-29 09:08:45+00:00,purchase,57100067,2.152289023127716e+18,unknown,novline,27.8,565335462,9a1871d4-de16-41cf-b0a5-b7e3dcbb8bcd,<$50
2019-10-29 09:13:18+00:00,purchase,26401462,2.0530135636513925e+18,unknown,lucente,124.07,512372445,0b4e0a99-898f-401a-8868-a4030e744c9c,$100-200
2019-10-29 09:22:39+00:00,purchase,57100066,2.152289023127716e+18,unknown,novline,33.21,565335462,9a1871d4-de16-41cf-b0a5-b7e3dcbb8bcd,<$50
2019-10-29 09:24:30+00:00,purchase,8500141,2.053013552259662e+18,unknown,navien,676.7,519813589,59f79699-b443-463c-94b7-14c92f85e9c1,$500-1000
2019-10-29 09:28:41+00:00,purchase,1005105,2.0530135556318828e+18,electronics.smartphone,apple,1357.42,542826414,bdee407c-5ae0-42e6-b259-d3b179b7b3e1,>$1000
2019-10-29 09:30:25+00:00,purchase,12718721,2.0530135535598963e+18,unknown,yokohama,90.88,518399551,e1366635-f937-439f-b3d1-495afc7034fd,$50-100
2019-10-29 09:44:03+00:00,purchase,1004873,2.0530135556318828e+18,electronics.smartphone,samsung,365.45,539958828,1c3c51d1-ce2c-4f1b-b8e0-377a4a4d9a5f,$200-500
2019-10-29 10:06:59+00:00,purchase,1004870,2.0530135556318828e+18,electronics.smartphone,samsung,278.38,545565245,3e1a36a4-53e1-4eba-9535-4c6fc34da724,$200-500
2019-10-29 10:09:04+00:00,purchase,26200040,2.0530135636933356e+18,unknown,,107.6,526026724,3880e6ec-a847-4634-a4a8-f5478e46661b,$100-200
2019-10-29 10:41:23+00:00,purchase,29502073,2.0530135664783524e+18,unknown,,21.62,530202458,d875a48b-aee0-4827-9423-022f2918fe45,<$50
2019-10-29 10:53:24+00:00,purchase,1005263,2.0530135556318828e+18,electronics.smartphone,oppo,772.19,519581716,24c3113f-f134-49a5-aa29-98a002afed3f,$500-1000
2019-10-29 10:54:48+00:00,purchase,1004905,2.0530135556318828e+18,electronics.smartphone,huawei,100.39,518709899,3597d449-0a32-4189-a6c2-0c13d2491389,$100-200
2019-10-29 11:11:26+00:00,purchase,1004858,2.0530135556318828e+18,electronics.smartphone,samsung,131.02,521615431,f4c9926e-1ab3-4656-a738-f8d6ae361d5d,$100-200
2019-10-29 11:17:42+00:00,purchase,1004858,2.0530135556318828e+18,electronics.smartphone,samsung,131.02,521615431,f4c9926e-1ab3-4656-a738-f8d6ae361d5d,$100-200
2019-10-29 11:44:37+00:00,purchase,1801929,2.0530135544155343e+18,electronics.video.tv,samsung,559.91,562637944,820333e4-3bcb-45ea-ab2f-b2f90f2c5514,$500-1000
2019-10-29 11:55:03+00:00,purchase,34200333,2.061717948493464e+18,unknown,,24.71,512879972,8aa41075-5947-4793-adec-75a0721dd7a1,<$50
2019-10-29 11:56:23+00:00,purchase,1201408,2.172371436436456e+18,electronics.tablet,lenovo,76.94,564772917,bc47f162-13cc-4c61-9cbc-f721636b4098,$50-100
2019-10-29 12:47:29+00:00,purchase,2701737,2.0530135638359416e+18,appliances.kitchen.refrigerators,,228.47,522874072,d254aa2d-73ec-49a0-b875-ab9e27ff6876,$200-500
2019-10-29 13:21:33+00:00,purchase,1004258,2.0530135556318828e+18,electronics.smartphone,apple,718.14,565418146,c9f5b118-f5b3-4ff3-a182-f229201be407,$500-1000
2019-10-29 13:26:32+00:00,purchase,1003316,2.0530135556318828e+18,electronics.smartphone,apple,928.4,565418146,c9f5b118-f5b3-4ff3-a182-f229201be407,$500-1000
2019-10-29 13:41:16+00:00,purchase,2701683,2.053013563911439e+18,appliances.kitchen.refrigerators,beko,223.36,565422870,7ff26fcb-a770-4899-b717-8887ac301299,$200-500
2019-10-29 14:05:10+00:00,purchase,1004756,2.0530135556318828e+18,electronics.smartphone,meizu,87.26,560949806,ddb32464-3c64-4463-81a6-073541d252ef,$50-100
2019-10-29 14:05:30+00:00,purchase,2800613,2.0530135638359416e+18,appliances.kitchen.refrigerators,dauscher,213.62,537943781,d89ed61f-c62c-47e7-930e-3829d82bfb36,$200-500
2019-10-29 14:21:03+00:00,purchase,1004161,2.0530135556318828e+18,electronics.smartphone,xiaomi,82.34,560949806,ddb32464-3c64-4463-81a6-073541d252ef,$50-100
2019-10-29 14:22:28+00:00,purchase,6100191,2.0530135608663744e+18,auto.accessories.radar,sho-me,83.65,512484704,f5126952-15b0-4c58-8d40-492b4d69219c,$50-100
2019-10-29 15:25:56+00:00,purchase,5100378,2.0530135533417925e+18,electronics.clocks,xiaomi,69.47,528049875,6743ff23-a82a-4d49-af28-3e81e921e069,$50-100
2019-10-29 15:29:40+00:00,purchase,1004777,2.0530135556318828e+18,electronics.smartphone,xiaomi,134.88,518623927,d47f36ea-459d-4255-a115-37ee59571fcc,$100-200
2019-10-29 15:32:28+00:00,purchase,1004856,2.0530135556318828e+18,electronics.smartphone,samsung,130.99,517326472,ead7333b-9db6-4437-9e90-e68a04f94db4,$100-200
2019-10-29 15:46:41+00:00,purchase,1004565,2.0530135556318828e+18,electronics.smartphone,huawei,165.0,562884789,228adcec-13a2-4710-95f6-47ebaa8d12b9,$100-200
2019-10-29 16:20:16+00:00,purchase,4802606,2.053013554658804e+18,electronics.audio.headphone,sony,59.18,536217412,cde89e86-cfe4-4415-b616-72ac5168cd4f,$50-100
2019-10-29 16:23:50+00:00,purchase,1004246,2.0530135556318828e+18,electronics.smartphone,apple,753.91,564621985,2c240819-63a9-465f-9617-5ac3d3409d59,$500-1000
2019-10-29 17:00:18+00:00,purchase,3800548,2.0530135661763635e+18,appliances.iron,vitek,23.14,516610377,0b2818e4-4a39-4fca-bca4-11e471b75ad3,<$50
2019-10-29 17:02:36+00:00,purchase,4804600,2.053013554658804e+18,electronics.audio.headphone,sony,30.61,512657316,eed79034-d52e-412a-86fd-b17045d0f7b7,<$50
2019-10-29 17:05:59+00:00,purchase,5100816,2.053013553375347e+18,unknown,xiaomi,29.01,522338751,09e6b811-def1-41b2-8204-80dc4b8594a1,<$50
2019-10-29 17:23:20+00:00,purchase,22700076,2.0530135561687537e+18,unknown,stels,34.49,514977489,8684bc97-add4-48b5-850a-365b5e11fd70,<$50
2019-10-29 18:12:50+00:00,purchase,15200296,2.0530135534843988e+18,unknown,voltman,64.22,541440545,afc217d7-6a21-451e-ba83-bd76b1bcc58d,$50-100
2019-10-29 18:27:19+00:00,purchase,1005102,2.0530135556318828e+18,electronics.smartphone,xiaomi,431.92,565514714,725ddbfc-4351-4655-a092-e7514e74ff31,$200-500
2019-10-29 18:28:55+00:00,purchase,1004797,2.0530135556318828e+18,electronics.smartphone,xiaomi,334.37,565514714,725ddbfc-4351-4655-a092-e7514e74ff31,$200-500
2019-10-29 18:30:37+00:00,purchase,1005160,2.0530135556318828e+18,electronics.smartphone,xiaomi,213.06,565514714,725ddbfc-4351-4655-a092-e7514e74ff31,$200-500
2019-10-29 19:40:02+00:00,purchase,1003316,2.0530135556318828e+18,electronics.smartphone,apple,928.4,541431085,a80c7474-717f-4b8f-9967-b8d0cb0be02d,$500-1000
2019-10-29 19:51:35+00:00,purchase,1004948,2.0530135556318828e+18,electronics.smartphone,oneplus,746.04,551214880,995a1527-5410-44a9-a36c-aece06667531,$500-1000
2019-10-30 00:59:40+00:00,purchase,1004565,2.0530135556318828e+18,electronics.smartphone,huawei,165.0,551740013,351d3fda-8ca5-47d9-b914-8985b302a015,$100-200
2019-10-30 02:50:33+00:00,purchase,1306931,2.053013558920217e+18,computers.notebook,hp,542.89,525437650,795d50e0-862f-4f06-ac14-4909a17ffcdc,$500-1000
2019-10-30 03:05:38+00:00,purchase,1004856,2.0530135556318828e+18,electronics.smartphone,samsung,130.99,525921810,3a61ae66-00ed-4a9e-b456-01e6e66fc0ea,$100-200
2019-10-30 03:42:39+00:00,purchase,3701056,2.0530135659834253e+18,appliances.environment.vacuum,samsung,69.45,563657211,06784e57-de96-4107-9779-dc3f95dc8420,$50-100
2019-10-30 03:56:21+00:00,purchase,1004838,2.0530135556318828e+18,electronics.smartphone,oppo,179.21,563657211,b03922d0-a665-4213-8501-74da427dc880,$100-200
2019-10-30 04:28:27+00:00,purchase,5800902,2.0530135539457723e+18,electronics.audio.subwoofer,kicx,26.26,512432519,e20e6f14-33c8-4fab-b830-3773062864c3,<$50
2019-10-30 04:38:33+00:00,purchase,1004870,2.0530135556318828e+18,electronics.smartphone,samsung,278.38,525244302,05f7c3f8-10b8-4be7-8ae7-1269e8a9be32,$200-500
2019-10-30 04:43:46+00:00,purchase,12700879,2.0530135535598963e+18,unknown,nokian,158.82,518529032,a4dcb160-0f2e-4901-bb54-0ad8c70058ff,$100-200
2019-10-30 04:56:07+00:00,purchase,3100267,2.053013555262784e+18,appliances.kitchen.blender,vitek,39.68,534277061,7b1cd7f6-e3e7-4ffd-9881-1ff5c782b404,<$50
2019-10-30 05:02:26+00:00,purchase,9300104,2.0530135545245865e+18,unknown,sony,431.26,565625793,d3eb23ae-43b4-460d-8d36-e4cdc1ac4162,$200-500
2019-10-30 05:06:03+00:00,purchase,1005105,2.0530135556318828e+18,electronics.smartphone,apple,1357.42,516236537,b38adde4-f581-4e70-8bd6-a90cb8621768,>$1000
2019-10-30 05:09:25+00:00,purchase,12701624,2.0530135535598963e+18,unknown,matador,43.24,536777905,62ac6cef-22bf-41b2-a027-bf992ca628fb,<$50
2019-10-30 05:14:03+00:00,purchase,3100267,2.053013555262784e+18,appliances.kitchen.blender,vitek,39.68,534277061,a306e032-00ca-48f5-825c-97149baf5aa0,<$50
2019-10-30 05:19:38+00:00,purchase,1004767,2.0530135556318828e+18,electronics.smartphone,samsung,243.22,564294284,bd696dd3-4a3e-4837-bf0d-af95421952a5,$200-500
2019-10-30 05:20:00+00:00,purchase,1004870,2.0530135556318828e+18,electronics.smartphone,samsung,278.38,562884789,7715dc97-5a32-4298-a0f8-f72c946e954d,$200-500
2019-10-30 05:20:11+00:00,purchase,10800172,2.0530135549943483e+18,unknown,redmond,61.75,514974359,838e3ddd-d289-4456-acb1-93ca1ef7e787,$50-100
2019-10-30 05:20:31+00:00,purchase,1004767,2.0530135556318828e+18,electronics.smartphone,samsung,243.22,564294284,bd696dd3-4a3e-4837-bf0d-af95421952a5,$200-500
2019-10-30 05:22:48+00:00,purchase,1004741,2.0530135556318828e+18,electronics.smartphone,xiaomi,189.97,525198367,b5a3fd4e-75c9-44c7-a7b0-a989dc20cf44,$100-200
2019-10-30 05:27:15+00:00,purchase,1005239,2.0530135556318828e+18,electronics.smartphone,xiaomi,282.61,525198367,ff21302a-5dee-49ec-b7fc-6c32fa00fc23,$200-500
2019-10-30 05:42:14+00:00,purchase,1004870,2.0530135556318828e+18,electronics.smartphone,samsung,278.38,546771421,58718711-7552-4a17-bbe6-2c7bfd891079,$200-500
2019-10-30 06:15:02+00:00,purchase,1003316,2.0530135556318828e+18,electronics.smartphone,apple,928.4,541431085,53454368-ceb2-4f43-81c8-0e4d56a279aa,$500-1000
2019-10-30 06:28:18+00:00,purchase,23900295,2.053013561814287e+18,unknown,neposeda,25.23,513669680,c5b56275-79e8-4300-b331-4fb253d93145,<$50
2019-10-30 07:04:27+00:00,purchase,1801882,2.0530135544155343e+18,electronics.video.tv,samsung,437.33,546703698,1a1bfc4b-42fa-4b95-8c81-9d65c22e87cd,$200-500
2019-10-30 07:07:42+00:00,purchase,7900950,2.0530135564875208e+18,furniture.kitchen.chair,pituso,190.46,550960521,de7c9faf-ff20-444d-b0e9-012ed30f1442,$100-200
2019-10-30 07:08:53+00:00,purchase,1800931,2.0530135544155343e+18,electronics.video.tv,sony,384.75,548017494,0ffd1a08-976a-439c-aef8-7a413a16d7f0,$200-500
2019-10-30 07:19:15+00:00,purchase,1004781,2.0530135556318828e+18,electronics.smartphone,huawei,255.2,559106244,5e66a883-8c60-4926-a44a-0ea4d37bbf20,$200-500
2019-10-30 07:19:19+00:00,purchase,1004871,2.0530135556318828e+18,electronics.smartphone,samsung,275.8,546771421,b1271604-3ee4-4400-95e2-1a7606e75434,$200-500
2019-10-30 07:20:35+00:00,purchase,1004836,2.0530135556318828e+18,electronics.smartphone,samsung,229.9,546771421,b1271604-3ee4-4400-95e2-1a7606e75434,$200-500
2019-10-30 07:21:46+00:00,purchase,4804600,2.053013554658804e+18,electronics.audio.headphone,sony,30.61,512657316,bd38a982-d7a5-4b2f-8f77-c1fbf3d6622f,<$50
2019-10-30 07:29:17+00:00,purchase,15200573,2.0530135534843988e+18,unknown,voltman,69.21,541440545,0b158489-3de0-475f-8b6f-2ba814a18f8d,$50-100
2019-10-30 07:30:07+00:00,purchase,2701737,2.0530135638359416e+18,appliances.kitchen.refrigerators,,228.47,522874072,5396b9e9-9cb5-4c0c-a10b-273b61c64c0c,$200-500
2019-10-30 07:34:07+00:00,purchase,1004748,2.0530135556318828e+18,electronics.smartphone,huawei,125.61,519238384,c5fc108c-1a4d-4262-911f-c257cc97ef1b,$100-200
2019-10-30 07:35:05+00:00,purchase,1004209,2.0530135556318828e+18,electronics.smartphone,samsung,88.29,515082020,19b2f3b4-bc08-4ace-91b1-37f35797ce99,$50-100
2019-10-30 07:35:13+00:00,purchase,1005160,2.0530135556318828e+18,electronics.smartphone,xiaomi,213.06,547033204,0e583985-ce3c-4339-b988-32d681780e65,$200-500
2019-10-30 07:42:39+00:00,purchase,1003317,2.0530135556318828e+18,electronics.smartphone,apple,947.26,540653714,a1563986-72a3-44b8-b0f9-c867c24d2c7b,$500-1000
2019-10-30 07:59:24+00:00,purchase,1002633,2.0530135556318828e+18,electronics.smartphone,apple,358.23,539338426,e66c4be2-a395-465f-8039-10a04c54e439,$200-500
2019-10-30 08:02:04+00:00,purchase,17300136,2.0530135538534976e+18,unknown,montale,69.5,549584746,68b617d8-5314-4fcf-8dba-0a526a8ad115,$50-100
2019-10-30 08:07:05+00:00,purchase,6000167,2.053013560807654e+18,auto.accessories.alarm,centurion,82.11,549584746,68b617d8-5314-4fcf-8dba-0a526a8ad115,$50-100
2019-10-30 08:29:39+00:00,purchase,1004870,2.0530135556318828e+18,electronics.smartphone,samsung,278.38,512402349,6dcef4d4-90fe-4dc9-827a-1be45c19dc26,$200-500
2019-10-30 08:50:05+00:00,purchase,3700912,2.0530135659834253e+18,appliances.environment.vacuum,samsung,108.09,513902975,9321e66d-47fa-4551-9257-ad7fa7bc0579,$100-200
2019-10-30 09:02:27+00:00,purchase,4300285,2.0530135523854912e+18,unknown,electrolux,107.53,542913316,dbe01609-d2f4-485f-9c9e-628d6aa54bd3,$100-200
2019-10-30 09:03:37+00:00,purchase,8700289,2.053013563097744e+18,appliances.personal.hair_cutter,elenberg,23.14,513369456,b8947934-6367-4752-9da0-6c60b9a7d170,<$50
2019-10-30 09:05:05+00:00,purchase,1005239,2.0530135556318828e+18,electronics.smartphone,xiaomi,282.61,512529429,09f36872-31b6-4bd2-9c57-c01fe5012ea0,$200-500
2019-10-30 09:08:38+00:00,purchase,1005186,2.0530135556318828e+18,electronics.smartphone,samsung,771.94,559239616,91151af9-847d-4fc8-8af2-153c73e76b66,$500-1000
2019-10-30 09:15:36+00:00,purchase,1005100,2.0530135556318828e+18,electronics.smartphone,samsung,140.23,537317083,eefd6a7b-209e-42d0-8780-3b3c3706b033,$100-200
2019-10-30 09:28:49+00:00,purchase,1004249,2.0530135556318828e+18,electronics.smartphone,apple,725.12,534522394,27bbed7a-f36f-4a30-95be-3898cb0b30d0,$500-1000
2019-10-30 09:36:36+00:00,purchase,4804056,2.053013554658804e+18,electronics.audio.headphone,apple,159.8,512803922,34416c72-a887-4624-95a1-88a815ece3c8,$100-200
2019-10-30 10:33:47+00:00,purchase,3100439,2.053013555262784e+18,appliances.kitchen.blender,braun,102.94,538091341,11bcc778-eab0-4556-a724-a41477f5a140,$100-200
2019-10-30 10:37:58+00:00,purchase,1005100,2.0530135556318828e+18,electronics.smartphone,samsung,140.23,537317083,5251200d-82b7-42b7-a12e-7345903b0d29,$100-200
2019-10-30 10:41:01+00:00,purchase,1700981,2.053013553031414e+18,computers.peripherals.monitor,dell,113.0,540222491,60728d70-b6f8-4ec7-88b1-8f45dd118fb3,$100-200
2019-10-30 10:43:17+00:00,purchase,1005100,2.0530135556318828e+18,electronics.smartphone,samsung,140.23,537317083,0201c57c-2025-411a-95eb-46924f27702e,$100-200
2019-10-30 10:53:05+00:00,purchase,15200781,2.0530135534843988e+18,unknown,volta,49.42,537751473,29978b1c-b817-462c-9512-56b450d058e7,<$50
2019-10-30 11:30:19+00:00,purchase,1004766,2.0530135556318828e+18,electronics.smartphone,samsung,242.79,565742572,b4acc57e-3604-47a4-9322-d20de7971fc3,$200-500
2019-10-30 11:39:52+00:00,purchase,1004659,2.0530135556318828e+18,electronics.smartphone,samsung,717.86,514551092,030dd475-b67d-4d15-9447-fe589865047b,$500-1000
2019-10-30 11:49:20+00:00,purchase,2800682,2.0530135638359416e+18,appliances.kitchen.refrigerators,indesit,236.81,537943781,2d479141-18d5-4c9a-800e-a7053e0ce7b6,$200-500
2019-10-30 12:08:22+00:00,purchase,14300173,2.053013557544485e+18,unknown,yamaha,1029.37,513055251,33e37d4d-83d0-4a58-9f67-7edb8ab5e908,>$1000
2019-10-30 12:14:36+00:00,purchase,42700009,2.1000650808287567e+18,auto.accessories.winch,t-max,645.83,538829125,cd54483d-bcd7-4aa9-b078-f8c481b4cee1,$500-1000
2019-10-30 12:15:46+00:00,purchase,42700009,2.1000650808287567e+18,auto.accessories.winch,t-max,645.83,538829125,cd54483d-bcd7-4aa9-b078-f8c481b4cee1,$500-1000
2019-10-30 12:19:33+00:00,purchase,1600638,2.05301355305658e+18,computers.peripherals.printer,hp,257.38,565759599,47f38626-c2b3-42a2-a37b-f9e126ab4d6c,$200-500
2019-10-30 12:23:07+00:00,purchase,42700009,2.1000650808287567e+18,auto.accessories.winch,t-max,645.83,565443652,13159a8c-1bab-4caa-b179-1a3665ff8ca0,$500-1000
2019-10-30 12:26:13+00:00,purchase,1004856,2.0530135556318828e+18,electronics.smartphone,samsung,130.99,525921810,33416041-5a09-4c15-ad43-972a6d1d7caa,$100-200
2019-10-30 12:51:13+00:00,purchase,5100719,2.0530135533417925e+18,electronics.clocks,samsung,151.61,538437301,adfe70f9-3312-4516-a447-302a937a1d35,$100-200
2019-10-30 12:55:23+00:00,purchase,1004856,2.0530135556318828e+18,electronics.smartphone,samsung,130.99,520727859,53423c53-2262-4f32-93da-a61ce0996bb6,$100-200
2019-10-30 13:25:24+00:00,purchase,1004659,2.0530135556318828e+18,electronics.smartphone,samsung,717.86,534907772,24d43352-fca6-4316-a2a8-1c58ad2f256b,$500-1000
2019-10-30 13:28:53+00:00,purchase,14300309,2.0530135576032056e+18,electronics.audio.music_tools.piano,m-audio,109.27,522485267,67c653c3-d610-4302-88e4-7cd6f2d37370,$100-200
2019-10-30 13:47:07+00:00,purchase,29502873,2.071490004441368e+18,unknown,,29.6,517810698,c76dedc3-471f-4b4e-ad9b-c82a5e7dc289,<$50
2019-10-30 14:01:26+00:00,purchase,1005106,2.0530135556318828e+18,electronics.smartphone,apple,1462.06,524036278,6354a35b-f5f3-490f-87c5-f782e96e00e5,>$1000
2019-10-30 14:16:06+00:00,purchase,1003317,2.0530135556318828e+18,electronics.smartphone,apple,947.26,559681007,c26bbd03-69a6-488f-8cdd-6ade83560330,$500-1000
2019-10-30 14:49:24+00:00,purchase,17301397,2.0530135538534976e+18,unknown,montblanc,42.26,542989714,681454a5-cbd3-4123-b260-c8d2c38fd158,<$50
2019-10-30 14:54:05+00:00,purchase,1002544,2.0530135556318828e+18,electronics.smartphone,apple,459.21,536647955,52b2c855-460f-4065-8621-69615df9269f,$200-500
2019-10-30 15:00:51+00:00,purchase,15900286,2.053013558190408e+18,unknown,rondell,41.16,519454580,67bd91a1-27d5-41be-b57b-9e6ea354ea9c,<$50
2019-10-30 15:45:04+00:00,purchase,5000487,2.053013566100866e+18,appliances.sewing_machine,janome,1261.04,525756462,54a1d1e3-236b-4c91-a725-947dc05716c1,>$1000
2019-10-30 15:59:40+00:00,purchase,26014610,2.053013562393101e+18,unknown,,10.94,518753772,1e5a3643-6664-434a-8db3-73b4ac9289f1,<$50
2019-10-30 16:22:52+00:00,purchase,22700799,2.0530135561687537e+18,unknown,partner,119.69,565808976,3e5d4990-3821-4c28-8b2a-8923002bd294,$100-200
2019-10-30 16:55:13+00:00,purchase,1005159,2.0530135556318828e+18,electronics.smartphone,xiaomi,212.59,564299878,bf71dc27-ca6d-4ff6-9fbd-1b3885be2fc9,$200-500
2019-10-30 17:27:27+00:00,purchase,12702958,2.0530135535598963e+18,unknown,cordiant,42.47,524686824,76b37e3f-1332-4965-a666-9ba69a0ab183,<$50
2019-10-30 17:48:02+00:00,purchase,5800792,2.0530135539457723e+18,electronics.audio.subwoofer,,162.17,531401330,9966b18d-41b3-4ba8-a22a-93e85a4029a4,$100-200
2019-10-30 18:15:20+00:00,purchase,17303078,2.0530135538534976e+18,unknown,givenchy,141.57,529778115,3930416f-0df0-484e-9c50-2a8aa6af01d4,$100-200
2019-10-30 18:16:15+00:00,purchase,17303078,2.0530135538534976e+18,unknown,givenchy,141.57,529778115,3930416f-0df0-484e-9c50-2a8aa6af01d4,$100-200
2019-10-30 18:17:00+00:00,purchase,17303078,2.0530135538534976e+18,unknown,givenchy,141.57,529778115,3930416f-0df0-484e-9c50-2a8aa6af01d4,$100-200
2019-10-30 18:23:07+00:00,purchase,1004767,2.0530135556318828e+18,electronics.smartphone,samsung,242.92,565484156,2aefb004-9289-4d43-808a-6234acac1a87,$200-500
2019-10-30 18:42:57+00:00,purchase,1201496,2.172371436436456e+18,electronics.tablet,prestigio,56.37,519543524,a9e9450b-1135-4c06-879c-df1b3c3d1cc6,$50-100
2019-10-30 18:52:22+00:00,purchase,1004777,2.0530135556318828e+18,electronics.smartphone,xiaomi,135.01,562239606,7b790fe7-90a2-4866-ba03-9b0323893734,$100-200
2019-10-31 02:00:50+00:00,purchase,1004833,2.0530135556318828e+18,electronics.smartphone,samsung,172.22,536289313,8ad20949-a519-4110-8e7e-8c1adca70a6e,$100-200
2019-10-31 02:29:37+00:00,purchase,1004565,2.0530135556318828e+18,electronics.smartphone,huawei,165.0,551740013,09b42520-5226-462b-bf72-a0059faddb47,$100-200
2019-10-31 02:31:58+00:00,purchase,1005203,2.0530135556318828e+18,electronics.smartphone,xiaomi,111.88,551740013,09b42520-5226-462b-bf72-a0059faddb47,$100-200
2019-10-31 02:55:58+00:00,purchase,1003304,2.0530135556318828e+18,electronics.smartphone,apple,591.25,565758850,bd80ab30-da9a-4a51-be87-429ad7ad4bb3,$500-1000
2019-10-31 03:01:03+00:00,purchase,5100816,2.053013553375347e+18,unknown,xiaomi,29.6,545681307,b4313526-90d5-45d0-b368-1422f927dc8d,<$50
2019-10-31 04:16:35+00:00,purchase,1005115,2.0530135556318828e+18,electronics.smartphone,apple,955.84,514899731,e366f2fe-0ff3-4c3a-9436-d045cbe8d06f,$500-1000
2019-10-31 04:24:56+00:00,purchase,5800902,2.0530135539457723e+18,electronics.audio.subwoofer,kicx,26.26,512432519,29c66cfa-dc25-4daf-bcf3-7cdbc543c05a,<$50
2019-10-31 04:55:16+00:00,purchase,1004767,2.0530135556318828e+18,electronics.smartphone,samsung,242.86,514682461,8f48fe33-2600-46b2-ad86-faf1e7629ca7,$200-500
2019-10-31 05:28:42+00:00,purchase,1004873,2.0530135556318828e+18,electronics.smartphone,samsung,362.6,555495675,ab16586e-6687-41ac-b157-aa0a059d8abe,$200-500
2019-10-31 05:30:47+00:00,purchase,26201192,2.0530135636933356e+18,unknown,lucente,87.26,542997049,54cca4df-c657-42a5-8f25-521fc20ef1e9,$50-100
2019-10-31 05:34:48+00:00,purchase,1005106,2.0530135556318828e+18,electronics.smartphone,apple,1458.12,522104793,6ec39b7e-57bc-4cb5-87b2-5c67eb09a3ee,>$1000
2019-10-31 05:36:40+00:00,purchase,1005254,2.0530135556318828e+18,electronics.smartphone,xiaomi,452.43,522104793,6ec39b7e-57bc-4cb5-87b2-5c67eb09a3ee,$200-500
2019-10-31 05:38:40+00:00,purchase,1004247,2.0530135556318828e+18,electronics.smartphone,apple,803.62,522104793,6ec39b7e-57bc-4cb5-87b2-5c67eb09a3ee,$500-1000
2019-10-31 05:41:06+00:00,purchase,1005239,2.0530135556318828e+18,electronics.smartphone,xiaomi,280.57,522104793,6ec39b7e-57bc-4cb5-87b2-5c67eb09a3ee,$200-500
2019-10-31 05:42:07+00:00,purchase,17000006,2.0530135583917348e+18,computers.desktop,sv,157.79,547865212,b1635fc6-c489-4f77-a74f-456f6708cdb1,$100-200
2019-10-31 05:45:04+00:00,purchase,26025584,2.0530135628376973e+18,unknown,,4.81,529893948,dbc04eb2-893f-41d0-b696-a0626105c143,<$50
2019-10-31 05:47:05+00:00,purchase,1004247,2.0530135556318828e+18,electronics.smartphone,apple,803.62,563651401,606be36b-766e-49f5-985d-a6bb4a13faae,$500-1000
2019-10-31 05:53:54+00:00,purchase,12703015,2.0530135535598963e+18,unknown,cordiant,42.99,513683849,16e914eb-8abf-49d4-b332-c11c37b79538,<$50
2019-10-31 05:57:48+00:00,purchase,1002544,2.0530135556318828e+18,electronics.smartphone,apple,459.09,546421306,b0321170-2de2-49ed-a838-d02bf5d186f7,$200-500
2019-10-31 06:01:59+00:00,purchase,4804056,2.053013554658804e+18,electronics.audio.headphone,apple,159.59,565086933,7ab53336-9a60-4439-9b16-cc8e75c517a9,$100-200
2019-10-31 06:09:34+00:00,purchase,8800778,2.0530135555731625e+18,electronics.telephone,bq,10.79,524374822,820ad488-57c6-4989-8aa9-5664e3e8e625,<$50
2019-10-31 06:28:55+00:00,purchase,2601446,2.0530135639701596e+18,unknown,dauscher,432.13,557328844,dbca4c08-6df9-4a1d-a0a6-8c657f4bc421,$200-500
2019-10-31 06:35:20+00:00,purchase,1004766,2.0530135556318828e+18,electronics.smartphone,samsung,242.81,546771421,1556f107-d856-4de7-9731-5eeadee71dc5,$200-500
2019-10-31 06:58:01+00:00,purchase,2400216,2.053013563743667e+18,appliances.kitchen.hood,bosch,148.05,557328844,dbca4c08-6df9-4a1d-a0a6-8c657f4bc421,$100-200
2019-10-31 07:00:46+00:00,purchase,1003318,2.0530135556318828e+18,electronics.smartphone,apple,1055.11,531381878,e63e94d1-ac03-f75f-4fd5-773e6ccc666d,>$1000
2019-10-31 07:01:42+00:00,purchase,4802400,2.053013554658804e+18,electronics.audio.headphone,samsung,43.88,514774569,b36797da-a2c0-4d29-8890-d5327d664d3c,<$50
2019-10-31 07:04:12+00:00,purchase,1004870,2.0530135556318828e+18,electronics.smartphone,samsung,275.36,561888400,ed830c8e-8fab-481f-b0f9-236a1ac94e3c,$200-500
2019-10-31 07:08:51+00:00,purchase,1004870,2.0530135556318828e+18,electronics.smartphone,samsung,275.36,561888400,ed830c8e-8fab-481f-b0f9-236a1ac94e3c,$200-500
2019-10-31 07:18:30+00:00,purchase,3600666,2.053013563810776e+18,appliances.kitchen.washer,samsung,321.73,561084614,5886ba03-b1df-4e61-a254-c7952875cf6e,$200-500
2019-10-31 07:34:34+00:00,purchase,1004948,2.0530135556318828e+18,electronics.smartphone,oneplus,746.04,513451919,e152d98f-1553-45f3-a39e-c0ed7ee981b8,$500-1000
2019-10-31 07:39:00+00:00,purchase,1004856,2.0530135556318828e+18,electronics.smartphone,samsung,130.99,517326472,b1a5f6cf-717e-4b59-b4f0-8f3dbf3ef7ed,$100-200
2019-10-31 07:45:12+00:00,purchase,1005106,2.0530135556318828e+18,electronics.smartphone,apple,1457.3,559061844,49bf4ee6-7df4-4bbb-be6d-394c2444dc7a,>$1000
2019-10-31 08:14:09+00:00,purchase,1305566,2.053013558920217e+18,computers.notebook,hp,264.87,566034091,25dcb260-e4cf-4ad3-9de7-dfedf3ecbcab,$200-500
2019-10-31 08:16:03+00:00,purchase,1307067,2.053013558920217e+18,computers.notebook,lenovo,252.23,566034091,25dcb260-e4cf-4ad3-9de7-dfedf3ecbcab,$200-500
2019-10-31 08:17:00+00:00,purchase,28719606,2.0530135652284508e+18,apparel.shoes,baden,51.22,543520348,6e5f3df1-1460-4521-aa24-c617b15376a5,$50-100
2019-10-31 08:18:31+00:00,purchase,1307310,2.053013558920217e+18,computers.notebook,acer,283.09,566034091,25dcb260-e4cf-4ad3-9de7-dfedf3ecbcab,$200-500
2019-10-31 08:18:34+00:00,purchase,5300172,2.0530135631732416e+18,unknown,philips,56.6,519057783,5b87541d-89ee-480f-bee4-31784ab92363,$50-100
2019-10-31 09:04:34+00:00,purchase,1004856,2.0530135556318828e+18,electronics.smartphone,samsung,130.99,525921810,49f64fb1-46c5-433b-b964-feba8e2f34b1,$100-200
2019-10-31 09:44:23+00:00,purchase,1002634,2.0530135556318828e+18,electronics.smartphone,apple,410.82,566060351,31fa8e27-31da-4beb-9d0c-12ada1e316aa,$200-500
2019-10-31 10:01:59+00:00,purchase,10701101,2.053013561277416e+18,unknown,ea,69.72,562519384,d2486e05-8cf3-40d1-bbaa-d704d083e5a6,$50-100
2019-10-31 10:12:54+00:00,purchase,12719665,2.0530135535598963e+18,unknown,comforser,34.11,522375064,ad7c506b-9295-46c6-b022-52fbec84079c,<$50
2019-10-31 10:16:15+00:00,purchase,3601637,2.053013563810776e+18,appliances.kitchen.washer,arg,100.36,566068918,6b4025fa-5fdd-4f9e-8dc5-e6778d3436f1,$100-200
2019-10-31 10:35:49+00:00,purchase,1005100,2.0530135556318828e+18,electronics.smartphone,samsung,139.71,561041683,39f00311-1a78-4c6b-86f9-3c9663aa2a78,$100-200
2019-10-31 10:39:11+00:00,purchase,1004838,2.0530135556318828e+18,electronics.smartphone,oppo,178.9,553170002,51550ede-a63e-478e-a095-6f7b49a3724e,$100-200
2019-10-31 10:39:31+00:00,purchase,1005100,2.0530135556318828e+18,electronics.smartphone,samsung,139.71,561041683,95ae0532-fd4f-46a8-aae3-d7e2a159bc0c,$100-200
2019-10-31 10:43:21+00:00,purchase,1004838,2.0530135556318828e+18,electronics.smartphone,oppo,178.9,553170002,51550ede-a63e-478e-a095-6f7b49a3724e,$100-200
2019-10-31 10:47:23+00:00,purchase,11200402,2.053013562946749e+18,appliances.personal.scales,elenberg,10.27,512420823,5c688e09-ae7d-44a0-9818-90ffb8974c03,<$50
2019-10-31 10:48:49+00:00,purchase,11200402,2.053013562946749e+18,appliances.personal.scales,elenberg,10.27,512420823,5c688e09-ae7d-44a0-9818-90ffb8974c03,<$50
2019-10-31 10:48:55+00:00,purchase,1003317,2.0530135556318828e+18,electronics.smartphone,apple,928.19,540653714,4713ee01-a9a2-44e8-8770-d3e3c1c979fe,$500-1000
2019-10-31 10:56:09+00:00,purchase,19700095,2.0530135591047665e+18,unknown,,11.36,566019460,9395df47-3eb2-4634-a991-523bdfe40fad,<$50
2019-10-31 11:10:45+00:00,purchase,1005115,2.0530135556318828e+18,electronics.smartphone,apple,952.37,555584705,2d26c969-eca1-4e79-9f1b-c9735df13e5b,$500-1000
2019-10-31 11:15:52+00:00,purchase,7002252,2.0530135603462807e+18,kids.carriage,wingoffly,117.79,518918892,48c85e63-f202-41ec-88ae-5c5822e0fbdc,$100-200
2019-10-31 11:25:03+00:00,purchase,1004238,2.0530135556318828e+18,electronics.smartphone,apple,1243.78,560813614,5d967a06-138c-4059-84fc-733123c2744b,>$1000
2019-10-31 11:38:50+00:00,purchase,1004870,2.0530135556318828e+18,electronics.smartphone,samsung,275.34,561888400,d1be9970-6121-4259-b13e-5c04b2525c59,$200-500
2019-10-31 12:39:26+00:00,purchase,8801085,2.0530135555731625e+18,electronics.telephone,nokia,22.37,520663129,5ad4691a-4dc1-4e2d-bed4-ceaafe3864a0,<$50
2019-10-31 12:47:29+00:00,purchase,26401669,2.0530135636513925e+18,unknown,lucente,109.66,517312428,4e748c84-2e25-4811-8372-00cd0ed4d7e0,$100-200
2019-10-31 12:57:17+00:00,purchase,1004838,2.0530135556318828e+18,electronics.smartphone,oppo,178.9,563657211,c843a50e-f8fa-4b63-a45b-b35a7dab0b85,$100-200
2019-10-31 13:01:35+00:00,purchase,1004886,2.0530135556318828e+18,electronics.smartphone,oppo,154.11,563657211,c843a50e-f8fa-4b63-a45b-b35a7dab0b85,$100-200
2019-10-31 13:27:03+00:00,purchase,1005177,2.0530135556318828e+18,electronics.smartphone,samsung,900.64,518691613,64913414-1a40-40e7-8f57-fd62292cfcd3,$500-1000
2019-10-31 13:41:06+00:00,purchase,4804055,2.053013554658804e+18,electronics.audio.headphone,apple,188.94,523569032,f087ba7c-d817-49dd-80e5-16dfeec75720,$100-200
2019-10-31 13:42:06+00:00,purchase,4804055,2.053013554658804e+18,electronics.audio.headphone,apple,188.94,523569032,f087ba7c-d817-49dd-80e5-16dfeec75720,$100-200
2019-10-31 13:45:08+00:00,purchase,4804295,2.053013554658804e+18,electronics.audio.headphone,xiaomi,22.81,531938528,fdc6ff86-af0a-409c-b1d3-20f58b59f847,<$50
2019-10-31 14:16:00+00:00,purchase,1005169,2.0530135556318828e+18,electronics.smartphone,samsung,211.68,525921810,d167faa7-2176-4e3d-bc0f-ef1343f9e11c,$200-500
2019-10-31 14:17:21+00:00,purchase,5100816,2.053013553375347e+18,unknown,xiaomi,29.59,525921810,d167faa7-2176-4e3d-bc0f-ef1343f9e11c,<$50
2019-10-31 14:25:33+00:00,purchase,1005105,2.0530135556318828e+18,electronics.smartphone,apple,1349.17,559681007,95dee9dc-5384-40ca-aa41-7e497583c232,>$1000
2019-10-31 14:27:21+00:00,purchase,1003317,2.0530135556318828e+18,electronics.smartphone,apple,928.19,559681007,95dee9dc-5384-40ca-aa41-7e497583c232,$500-1000
2019-10-31 14:27:33+00:00,purchase,4804056,2.053013554658804e+18,electronics.audio.headphone,apple,160.62,516452712,88b7400d-6c7b-4648-ac9a-3b0e07a5ec04,$100-200
2019-10-31 14:30:54+00:00,purchase,22600046,2.165087460176953e+18,auto.accessories.compressor,autoprofi,68.21,512929771,da00e2cb-c048-4ac3-bfe8-4792187a1626,$50-100
2019-10-31 14:44:45+00:00,purchase,4700542,2.0530135608999288e+18,auto.accessories.videoregister,anytek,79.8,512929771,d39563f3-e63c-419c-929c-2cbc3868d3e0,$50-100
2019-10-31 14:56:59+00:00,purchase,4804056,2.053013554658804e+18,electronics.audio.headphone,apple,160.57,513502808,dbeb7245-d969-4c54-8ee7-414130c30983,$100-200
2019-10-31 15:07:02+00:00,purchase,1005118,2.0530135556318828e+18,electronics.smartphone,apple,976.82,564621985,7cc9ccd1-d2e6-41cb-bee8-c96b7f7d852d,$500-1000
2019-10-31 15:16:38+00:00,purchase,1004785,2.0530135556318828e+18,electronics.smartphone,huawei,266.0,533618122,58078808-bcb9-46ea-819d-d1f6ad0dac38,$200-500
2019-10-31 15:39:56+00:00,purchase,1005115,2.0530135556318828e+18,electronics.smartphone,apple,949.78,557431505,cee0f931-8eb9-4427-b438-d4b5ec4410b5,$500-1000
2019-10-31 15:51:56+00:00,purchase,1005205,2.0530135556318828e+18,electronics.smartphone,oppo,256.76,553170002,b94195a4-18da-4fdb-a44a-b597c48a008a,$200-500
2019-10-31 16:11:54+00:00,purchase,1005104,2.0530135556318828e+18,electronics.smartphone,apple,977.3,566179490,8bb1b8d7-841b-44ae-9cdf-9a069a4dd599,$500-1000
2019-10-31 16:32:41+00:00,purchase,1005116,2.0530135556318828e+18,electronics.smartphone,apple,1014.17,555188915,48276544-da5a-4332-bf66-a526db53be43,>$1000
2019-10-31 16:35:06+00:00,purchase,17300353,2.0530135538534976e+18,unknown,creed,380.96,547998227,10a5b98e-ece6-440a-8e03-038e3e4ec12a,$200-500
2019-10-31 16:35:50+00:00,purchase,1003312,2.0530135556318828e+18,electronics.smartphone,apple,717.63,560756341,06292c79-39c3-48e2-a697-6b16d9e38c28,$500-1000
2019-10-31 17:03:33+00:00,purchase,1005098,2.0530135556318828e+18,electronics.smartphone,samsung,139.66,537242624,eab3c570-05bd-445e-8a66-f8f707226dd5,$100-200
2019-10-31 17:53:31+00:00,purchase,1307073,2.053013558920217e+18,computers.notebook,acer,682.09,552532395,d2ed643f-c1a3-440a-9a76-dd99fb3f3d4b,$500-1000
2019-10-31 18:00:00+00:00,purchase,1005115,2.0530135556318828e+18,electronics.smartphone,apple,949.78,558820989,fd4c4a8c-bd30-4660-8c9a-6b656ceee84f,$500-1000
2019-10-31 19:34:21+00:00,purchase,4804056,2.053013554658804e+18,electronics.audio.headphone,apple,160.57,512803922,72247597-d293-4340-9141-6e45afb11629,$100-200
2019-10-31 19:34:42+00:00,purchase,1005008,2.0530135556318828e+18,electronics.smartphone,xiaomi,94.46,536415577,29ee9f58-ba80-467c-bb46-735f337597a9,$50-100
2019-10-31 20:40:05+00:00,purchase,1004653,2.0530135556318828e+18,electronics.smartphone,samsung,588.92,559992992,44bed139-b743-4787-afc0-ea6cf5d87431,$500-1000
2019-11-01 00:00:41+00:00,purchase,13200605,,furniture.bedroom.bed,,566.3,559368633,d6034fa2-41fb-4ac0-9051-55ea9fc9147a,$500-1000
2019-11-01 02:09:19+00:00,purchase,1004777,,electronics.smartphone,xiaomi,135.01,527700673,fbf0f21d-dc08-4aab-afe8-b753e9060a2a,$100-200
2019-11-01 03:29:58+00:00,purchase,2601983,,unknown,artel,213.11,517061199,b62cc205-c7f9-4eda-bd9b-5264b17564d2,$200-500
2019-11-01 03:45:23+00:00,purchase,1004870,,electronics.smartphone,samsung,275.25,560132689,464637d5-063d-44de-9323-af589d527283,$200-500
2019-11-01 04:04:38+00:00,purchase,11300008,,electronics.telephone,panasonic,32.69,515954341,ef34028e-c2a2-4ecb-8c91-01914421bdee,<$50
2019-11-01 04:14:09+00:00,purchase,1004243,,electronics.smartphone,apple,743.04,533604671,f373782d-6247-4e4b-89de-cbc1d86fcd9d,$500-1000
2019-11-01 04:14:45+00:00,purchase,3700951,,appliances.environment.vacuum,bosch,164.48,561394540,a3ff5790-6015-4e38-aa40-3a7a5a18ff6e,$100-200
2019-11-01 04:18:59+00:00,purchase,11600160,,computers.desktop,microlab,22.2,520389683,437d253b-ac09-49f9-b4dd-ed9c9df02c31,<$50
2019-11-01 04:37:50+00:00,purchase,1004767,,electronics.smartphone,samsung,242.63,513605862,da13ade1-9adf-4bd0-965a-65788ecb8acb,$200-500
2019-11-01 04:38:19+00:00,purchase,5300157,,unknown,philips,38.19,523100448,88434c27-c5ac-4281-874f-905ff38c7284,<$50
2019-11-01 04:48:46+00:00,purchase,1005122,,electronics.smartphone,apple,1027.59,522104793,23accfb5-0925-4fad-84f7-ecf0f447f670,>$1000
2019-11-01 04:49:38+00:00,purchase,11300005,,electronics.telephone,panasonic,25.95,515954341,6035cd46-24cc-443a-890c-47cf5720cf9a,<$50
2019-11-01 05:58:23+00:00,purchase,2800600,,appliances.kitchen.refrigerators,indesit,357.77,523387230,09bc2e18-c974-4f89-82b8-e0a4341d3f79,$200-500
2019-11-01 06:05:48+00:00,purchase,1004720,,electronics.smartphone,huawei,125.61,533209838,834c6981-b8ec-49f9-a052-327f93825da2,$100-200
2019-11-01 06:07:30+00:00,purchase,12702804,,unknown,cordiant,43.5,512719231,d717432c-bd07-47de-91e0-1c05b44c9c0c,<$50
2019-11-01 06:09:47+00:00,purchase,1002524,,electronics.smartphone,apple,531.26,523283982,6751bee3-232e-441c-9dac-e501a66d98fa,$500-1000
2019-11-01 06:20:01+00:00,purchase,28720336,,apparel.shoes.keds,reebok,118.15,517736009,bdb753dc-f0b5-4e2f-83c3-ea9eaf281cfa,$100-200
2019-11-01 06:33:42+00:00,purchase,12704935,,unknown,nokian,150.58,558631473,cedf0bb4-1fc2-4b6d-b89a-0ee564860c07,$100-200
2019-11-01 06:37:23+00:00,purchase,1004659,,electronics.smartphone,samsung,717.26,515136860,5cc2f865-c69b-4738-b9b9-438105bcaab8,$500-1000
2019-11-01 06:42:29+00:00,purchase,12706903,,unknown,viatti,35.91,556587414,3b8993e6-c66f-42e7-8f50-5a48d0b32093,<$50
2019-11-01 06:45:12+00:00,purchase,1004856,,electronics.smartphone,samsung,128.42,525921810,ad9cf14d-5844-42a2-a319-a7bc5db08aea,$100-200
2019-11-01 06:50:06+00:00,purchase,33900022,,unknown,mercury,1676.49,543760114,8948a2cf-a485-48dd-b71e-adba7eaa1924,>$1000
2019-11-01 07:04:29+00:00,purchase,6800658,,computers.components.hdd,kingston,40.11,513511867,b5356230-2be6-4065-a723-9eea2ba2a027,<$50
2019-11-01 07:06:38+00:00,purchase,1004433,,electronics.smartphone,samsung,313.78,513010527,391409dc-0fcd-409d-a5ed-35dcade78187,$200-500
2019-11-01 07:08:47+00:00,purchase,6800318,,computers.components.hdd,toshiba,44.0,513511867,b5356230-2be6-4065-a723-9eea2ba2a027,<$50
2019-11-01 07:12:06+00:00,purchase,6800658,,computers.components.hdd,kingston,40.11,513511867,ec1031f7-d022-4224-83b9-2fde62766600,<$50
2019-11-01 07:14:40+00:00,purchase,2601299,,unknown,dauscher,429.84,557328844,f86dbcf4-840e-4d08-851f-e6a7959c7a02,$200-500
2019-11-01 07:16:26+00:00,purchase,2601299,,unknown,dauscher,429.84,557328844,f86dbcf4-840e-4d08-851f-e6a7959c7a02,$200-500
2019-11-01 07:18:14+00:00,purchase,2601446,,unknown,dauscher,432.13,557328844,f86dbcf4-840e-4d08-851f-e6a7959c7a02,$200-500
2019-11-01 07:19:57+00:00,purchase,2400216,,appliances.kitchen.hood,bosch,148.05,557328844,f86dbcf4-840e-4d08-851f-e6a7959c7a02,$100-200
2019-11-01 07:22:52+00:00,purchase,2601446,,unknown,dauscher,432.13,557328844,f86dbcf4-840e-4d08-851f-e6a7959c7a02,$200-500
2019-11-01 07:25:18+00:00,purchase,2601299,,unknown,dauscher,429.84,557328844,f86dbcf4-840e-4d08-851f-e6a7959c7a02,$200-500
2019-11-01 07:28:20+00:00,purchase,26300105,,unknown,lucente,699.89,564427758,7fdf0414-9b8c-4d40-a369-54c43d59a593,$500-1000
2019-11-01 07:34:51+00:00,purchase,2601298,,unknown,bosher,437.57,557328844,f86dbcf4-840e-4d08-851f-e6a7959c7a02,$200-500
2019-11-01 07:42:00+00:00,purchase,7005750,,kids.carriage,,78.51,533202180,e2e5dc03-8904-4b41-8443-d5a82d69a6cf,$50-100
2019-11-01 07:56:34+00:00,purchase,32801127,,unknown,riviera,464.14,543760114,8948a2cf-a485-48dd-b71e-adba7eaa1924,$200-500
2019-11-01 08:12:03+00:00,purchase,12301356,,construction.tools.drill,crown,72.07,512698248,ca2d3135-6cb9-4706-8863-44a40dd23143,$50-100
2019-11-01 08:19:21+00:00,purchase,22700211,,unknown,stels,36.05,512698248,690ae7bc-9e45-48b7-9056-e9fce8c0c295,<$50
2019-11-01 08:22:55+00:00,purchase,8500290,,unknown,,256.33,523170177,398ba51c-7bda-41cb-a668-2953fda75d33,$200-500
2019-11-01 08:25:48+00:00,purchase,4804660,,electronics.audio.headphone,xiaomi,23.05,518623289,19ee12e9-ee5a-49f5-b17d-fdc8cf12e884,<$50
2019-11-01 08:27:58+00:00,purchase,1004767,,electronics.smartphone,samsung,242.48,546771421,d48ee0a8-607c-459b-a9a9-950a38f221b6,$200-500
2019-11-01 08:29:24+00:00,purchase,1004237,,electronics.smartphone,apple,1091.29,566179490,5ebcd4f4-948e-4d72-95a0-32c23055c07e,>$1000
2019-11-01 08:37:59+00:00,purchase,1004246,,electronics.smartphone,apple,749.2,564621985,003b95ff-4d44-4e3f-b0ed-f6feefcedb37,$500-1000
2019-11-01 08:40:06+00:00,purchase,28718817,,unknown,respect,79.02,525247856,67a15f79-ec44-44c4-9cfe-ec8a7f2bdc71,$50-100
2019-11-01 08:58:54+00:00,purchase,3100152,,appliances.kitchen.blender,panasonic,48.88,519967953,1c9e7367-f4d7-4205-91d8-b0e9309fcc21,<$50
2019-11-01 09:41:43+00:00,purchase,3100152,,appliances.kitchen.blender,panasonic,48.88,519967953,01018d89-99ea-43bc-8613-4b93fe3c91f4,<$50
2019-11-01 09:48:40+00:00,purchase,1307067,,computers.notebook,lenovo,252.23,517509341,a08e7414-d5fb-4936-a785-c8dbc19cb5b4,$200-500
2019-11-01 09:56:20+00:00,purchase,1004833,,electronics.smartphone,samsung,172.23,529523398,760f5438-95f4-42b1-b6ea-63fa6de7857b,$100-200
2019-11-01 10:11:34+00:00,purchase,1004574,,electronics.smartphone,samsung,563.7,563251796,a28c5b67-5ec8-426a-a125-fcbd86789d8c,$500-1000
2019-11-01 10:37:51+00:00,purchase,5100816,,unknown,xiaomi,29.58,521758960,7995068a-3e8f-4510-868d-afb1b501c8d3,<$50
2019-11-01 10:40:41+00:00,purchase,2800687,,appliances.kitchen.refrigerators,indesit,368.07,513649368,798cc888-e4d9-48f8-a647-7fc5bc92b885,$200-500
2019-11-01 10:43:11+00:00,purchase,2800449,,appliances.kitchen.refrigerators,,231.0,513649368,798cc888-e4d9-48f8-a647-7fc5bc92b885,$200-500
2019-11-01 10:45:21+00:00,purchase,2702013,,appliances.kitchen.refrigerators,,306.31,513649368,798cc888-e4d9-48f8-a647-7fc5bc92b885,$200-500
2019-11-01 11:12:01+00:00,purchase,1005177,,electronics.smartphone,samsung,900.64,518691613,3327f13c-4823-43b4-a259-cb87873fef7b,$500-1000
2019-11-01 11:14:57+00:00,purchase,1002544,,electronics.smartphone,apple,458.25,555154226,6aa3b629-897c-4524-9302-9c96aaa8b4cf,$200-500
2019-11-01 11:39:06+00:00,purchase,3700926,,appliances.environment.vacuum,samsung,64.02,512402349,4439d1f2-7746-4f98-8072-afc58ec9744c,$50-100
2019-11-01 12:36:07+00:00,purchase,1307457,,computers.notebook,lenovo,872.35,560518294,3ec1f576-fb51-45cf-a1c1-58ed208759d0,$500-1000
2019-11-01 12:49:01+00:00,purchase,1005098,,electronics.smartphone,samsung,139.55,537242624,624e154c-af4f-4fff-b700-9e25b1e0fa7a,$100-200
2019-11-01 13:11:02+00:00,purchase,15700176,,unknown,bts,231.64,563174803,cfe86095-42ed-17d2-3c8b-2c60c61efcaf,$200-500
2019-11-01 13:13:13+00:00,purchase,2601094,,unknown,gefest,27.23,525946604,e71378a2-897d-4c61-b607-37625335ca1a,<$50
2019-11-01 13:22:58+00:00,purchase,1005105,,electronics.smartphone,apple,1348.5,515832881,0145ca1e-43be-4a5a-93e1-889e1068d793,>$1000
2019-11-01 13:59:58+00:00,purchase,1004834,,electronics.smartphone,samsung,172.19,514718711,ab8632aa-e823-7cbb-eee0-850d9eaa2955,$100-200
2019-11-01 14:29:52+00:00,purchase,1003310,,electronics.smartphone,apple,720.47,536636132,6df13d58-894c-4379-b5b4-66340c7f3be3,$500-1000
2019-11-01 15:15:42+00:00,purchase,1480647,,computers.desktop,acer,360.11,526997794,6a603c9b-8be1-41ff-9c75-ade1a40352d0,$200-500
2019-11-01 15:16:10+00:00,purchase,1480647,,computers.desktop,acer,360.11,526997794,6a603c9b-8be1-41ff-9c75-ade1a40352d0,$200-500
2019-11-01 16:12:54+00:00,purchase,3701016,,appliances.environment.vacuum,tefal,108.09,524151240,7761e6bf-a402-4cae-98d9-6332479af83e,$100-200
2019-11-01 16:48:47+00:00,purchase,6600476,,computers.components.memory,kingston,42.26,562443930,076216f6-9834-4d3d-b5d9-1c8a2b4905c8,<$50
2019-11-01 17:02:40+00:00,purchase,1002633,,electronics.smartphone,apple,358.31,534802291,5fa348be-4669-4892-bb00-a7f0d5500bf8,$200-500
2019-11-01 17:09:04+00:00,purchase,1005115,,electronics.smartphone,apple,942.68,541406412,680d7c86-dc6b-42f8-b371-10fe26388de4,$500-1000
2019-11-01 17:20:16+00:00,purchase,1004246,,electronics.smartphone,apple,747.39,564621985,90740ea0-e00a-420c-972c-2d655e08a68a,$500-1000
2019-11-01 19:00:18+00:00,purchase,1004433,,electronics.smartphone,samsung,280.83,513010527,55936476-5df0-4a1e-b95d-31acc8e2d4d4,$200-500
2019-11-01 19:04:52+00:00,purchase,4804600,,electronics.audio.headphone,sony,30.61,512657316,8b979228-8417-4ba4-99f6-9c852a4e1993,<$50
2019-11-01 21:07:58+00:00,purchase,1004856,,electronics.smartphone,samsung,128.18,520727859,13a0175f-51c6-4e78-85e6-9bed14f38a61,$100-200
2019-11-02 01:06:24+00:00,purchase,1004836,,electronics.smartphone,samsung,229.9,560272816,c95ca6de-8206-4a2b-9e2a-40edfcd5318e,$200-500
2019-11-02 02:53:28+00:00,purchase,1004767,,electronics.smartphone,samsung,242.13,565369931,dd526b53-925e-447a-ae3d-b91a5780841c,$200-500
2019-11-02 02:57:14+00:00,purchase,4300077,,unknown,timberk,38.59,520270681,92e8c716-825f-4b3d-90c0-967b746a102b,<$50
2019-11-02 04:02:53+00:00,purchase,6300465,,appliances.kitchen.kettle,elenberg,10.27,515530349,0186e867-3216-41a7-b4c9-ab97cff4b15d,<$50
2019-11-02 05:02:39+00:00,purchase,3600990,,appliances.kitchen.washer,indesit,208.32,544045212,33bed0e0-94ca-4622-bc7b-e542613889a0,$200-500
2019-11-02 05:42:51+00:00,purchase,1801904,,electronics.video.tv,samsung,475.91,561144154,f4acf829-c486-4b36-b7f7-8db4229f8e0e,$200-500
2019-11-02 05:58:37+00:00,purchase,1480600,,computers.desktop,acer,587.66,526997794,05e49db8-95c2-42bc-8ee8-207ef357a10f,$500-1000
2019-11-02 06:01:01+00:00,purchase,12718102,,unknown,michelin,68.21,512719231,d38b9654-f1ba-4039-8bba-42092ec09c46,$50-100
2019-11-02 06:01:52+00:00,purchase,12718102,,unknown,michelin,68.21,512719231,d38b9654-f1ba-4039-8bba-42092ec09c46,$50-100
2019-11-02 06:05:02+00:00,purchase,12718102,,unknown,michelin,68.21,512719231,d38b9654-f1ba-4039-8bba-42092ec09c46,$50-100
2019-11-02 06:07:39+00:00,purchase,12718102,,unknown,michelin,68.21,512719231,112d67ac-3756-439c-a08b-9db499fc66f8,$50-100
2019-11-02 06:08:34+00:00,purchase,12718102,,unknown,michelin,68.21,512719231,112d67ac-3756-439c-a08b-9db499fc66f8,$50-100
2019-11-02 06:13:05+00:00,purchase,1004836,,electronics.smartphone,samsung,229.9,546771421,24958c15-0d8a-40e6-bd53-3d1371e67c01,$200-500
2019-11-02 06:13:11+00:00,purchase,12718102,,unknown,michelin,68.21,512719231,5ebb336f-9739-43c5-a4ed-f3ecf7b7f46e,$50-100
2019-11-02 06:16:15+00:00,purchase,1004856,,electronics.smartphone,samsung,127.93,519198027,647743b1-33eb-464b-815e-eb3fb4190cf6,$100-200
2019-11-02 06:23:42+00:00,purchase,1004768,,electronics.smartphone,samsung,242.33,546367892,ef1f110e-18f1-4159-897a-12aa19fc2a87,$200-500
2019-11-02 06:54:19+00:00,purchase,26401669,,unknown,lucente,109.66,546861038,d8e16e53-ddaa-4076-8833-d1e7df1c844c,$100-200
2019-11-02 07:10:52+00:00,purchase,1004834,,electronics.smartphone,samsung,172.15,514056052,6e11a915-06d2-430e-a97e-c3e31675a86e,$100-200
2019-11-02 07:16:40+00:00,purchase,1004246,,electronics.smartphone,apple,744.94,564621985,6126efca-25a7-4f6c-bee9-95902587c28e,$500-1000
2019-11-02 07:20:54+00:00,purchase,1005177,,electronics.smartphone,samsung,900.64,518691613,7dfce4a1-ace6-43ed-be64-59c3dd77f338,$500-1000
2019-11-02 07:54:52+00:00,purchase,1004870,,electronics.smartphone,samsung,271.53,513010527,85a94bd3-f40e-4fa2-8b96-ca271f29b9a9,$200-500
2019-11-02 07:57:09+00:00,purchase,1004870,,electronics.smartphone,samsung,271.53,533604671,d8ffd6f0-d0d5-4b01-afa0-cea9a1dede6c,$200-500
2019-11-02 08:06:17+00:00,purchase,1004856,,electronics.smartphone,samsung,127.93,536835662,5833ac67-eba4-4b99-96a7-11b5d4a89c30,$100-200
2019-11-02 08:12:49+00:00,purchase,1004856,,electronics.smartphone,samsung,127.93,525921810,15daa671-9de9-4ea2-b651-c7b0457e984e,$100-200
2019-11-02 08:55:04+00:00,purchase,1802008,,electronics.video.tv,lg,642.93,543444270,189c975d-8200-4406-a9ad-5f1014a4eddb,$500-1000
2019-11-02 08:55:31+00:00,purchase,1004767,,electronics.smartphone,samsung,241.98,551631715,5d48075c-4466-4b4a-b381-c3bae34fde6a,$200-500
2019-11-02 08:56:27+00:00,purchase,1802008,,electronics.video.tv,lg,642.93,543444270,189c975d-8200-4406-a9ad-5f1014a4eddb,$500-1000
2019-11-02 08:58:38+00:00,purchase,2601393,,unknown,greta,158.56,515806044,4d41f82f-e458-4026-a621-a02b8f5bb9c3,$100-200
2019-11-02 09:00:52+00:00,purchase,2402715,,appliances.kitchen.hood,kronasteel,70.27,515806044,4d41f82f-e458-4026-a621-a02b8f5bb9c3,$50-100
2019-11-02 09:12:29+00:00,purchase,5100816,,unknown,xiaomi,29.56,513533842,a5aee999-598f-4707-94fb-4434e488e209,<$50
2019-11-02 09:13:58+00:00,purchase,1802008,,electronics.video.tv,lg,642.93,543444270,6dedcc00-41fa-4174-a5a4-0d8927e95208,$500-1000
2019-11-02 09:47:35+00:00,purchase,1005204,,electronics.smartphone,xiaomi,150.71,565239737,ab53b9c4-9a4b-400a-b5c0-578d7fd55433,$100-200
2019-11-02 09:52:14+00:00,purchase,12706259,,unknown,nokian,53.54,564287817,ea208a13-cf88-4c87-9c6b-fe89c560d49c,$50-100
2019-11-02 09:57:59+00:00,purchase,1004767,,electronics.smartphone,samsung,241.98,518696075,6596c03c-0975-48df-9f98-f1350cf572e6,$200-500
2019-11-02 10:01:24+00:00,purchase,3100152,,appliances.kitchen.blender,panasonic,48.88,519967953,b3e35569-2c07-4edc-991c-299628d71c4f,<$50
2019-11-02 10:02:18+00:00,purchase,3100152,,appliances.kitchen.blender,panasonic,48.88,519967953,b3e35569-2c07-4edc-991c-299628d71c4f,<$50
2019-11-02 10:08:35+00:00,purchase,12706259,,unknown,nokian,53.54,564287817,905f6a0f-d3d2-4d18-9d7f-958ef7ec1d3d,$50-100
2019-11-02 10:28:57+00:00,purchase,12717989,,unknown,michelin,158.95,518425890,59f5b3dc-96db-4e6f-b563-124732788bd9,$100-200
2019-11-02 10:46:47+00:00,purchase,1005008,,electronics.smartphone,xiaomi,94.37,519794045,f698d9b4-898a-46d4-b9ae-4713f8868333,$50-100
2019-11-02 11:00:46+00:00,purchase,2501407,,appliances.kitchen.oven,luxell,198.65,515783060,4451d45d-c4e5-4df1-8659-b31b72fcd524,$100-200
2019-11-02 11:13:28+00:00,purchase,4501864,,appliances.kitchen.hob,luxell,98.83,515783060,8447b89e-40ee-4ecb-b0aa-f6b8287c818c,$50-100
2019-11-02 12:01:10+00:00,purchase,5100816,,unknown,xiaomi,29.56,521758960,6fb1c01d-a76c-4f57-896e-3ea20ba9caa5,<$50
2019-11-02 12:14:32+00:00,purchase,4803771,,electronics.audio.headphone,sony,411.59,520183357,9fe53d77-5995-4018-b8af-6825deadf570,$200-500
2019-11-02 12:21:33+00:00,purchase,1801881,,electronics.video.tv,samsung,488.8,515148802,a4260d61-7ff8-4dc6-9580-0dfc824ad082,$200-500
2019-11-02 12:35:38+00:00,purchase,13201121,,furniture.bedroom.bed,brw,148.27,543436579,a492e364-5923-4e87-9e72-1d45ea06ce80,$100-200
2019-11-02 13:09:09+00:00,purchase,9300035,,unknown,lg,154.42,552719818,53238164-7a62-440a-be1b-e78344827e47,$100-200
2019-11-02 13:54:37+00:00,purchase,3100633,,appliances.kitchen.blender,vitek,51.22,518474793,86925405-1e9b-412f-9acd-9baa0356b6c0,$50-100
2019-11-02 14:00:26+00:00,purchase,15100132,,unknown,,312.98,515148802,0913fc8f-dfb6-44f3-92b8-ffe4cc99553c,$200-500
2019-11-02 14:10:06+00:00,purchase,13300221,,unknown,,147.21,515148802,0913fc8f-dfb6-44f3-92b8-ffe4cc99553c,$100-200
2019-11-02 14:20:30+00:00,purchase,1307183,,computers.notebook,lenovo,450.44,515148802,0913fc8f-dfb6-44f3-92b8-ffe4cc99553c,$200-500
2019-11-02 14:24:06+00:00,purchase,1307545,,computers.notebook,lenovo,257.15,515148802,0913fc8f-dfb6-44f3-92b8-ffe4cc99553c,$200-500
2019-11-02 14:24:38+00:00,purchase,13200944,,furniture.bedroom.bed,sv,282.89,541431085,adb417b9-7835-497e-909b-dc446baf7faf,$200-500
2019-11-02 14:28:30+00:00,purchase,5301741,,unknown,vitek,16.19,565059313,376c1826-531d-45d8-aa7f-25cc32b6628f,<$50
2019-11-02 14:34:37+00:00,purchase,26400281,,unknown,lucente,191.77,518315105,9c5b3dcf-c774-4166-8091-5bf24727a0cc,$100-200
2019-11-02 15:23:24+00:00,purchase,11500847,,unknown,jbl,167.05,514583409,7a94cb25-06b5-4585-8e04-109b75eb825a,$100-200
2019-11-02 16:00:44+00:00,purchase,1005115,,electronics.smartphone,apple,939.77,515225078,09d41eae-0abf-4e83-a341-1879fe16b657,$500-1000
2019-11-02 16:16:53+00:00,purchase,2900536,,appliances.kitchen.microwave,elenberg,50.91,549511092,2af0e382-d9ba-4dd4-8ef5-b2ad9a81f354,$50-100
2019-11-02 16:19:30+00:00,purchase,2900536,,appliances.kitchen.microwave,elenberg,50.91,549511092,2af0e382-d9ba-4dd4-8ef5-b2ad9a81f354,$50-100
2019-11-02 16:25:15+00:00,purchase,2900536,,appliances.kitchen.microwave,elenberg,50.91,549511092,2af0e382-d9ba-4dd4-8ef5-b2ad9a81f354,$50-100
2019-11-02 16:33:44+00:00,purchase,26400193,,unknown,,253.55,519057783,1a07d19e-2143-4207-a20e-49be39d7393b,$200-500
2019-11-02 16:36:05+00:00,purchase,17301397,,unknown,montblanc,32.87,542989714,02d58458-798a-4b2a-ab94-8b2ac6c73220,<$50
2019-11-02 17:19:51+00:00,purchase,3900821,,appliances.environment.water_heater,aqua,33.2,536568829,5914d796-16be-408e-aa28-6a819930eb45,<$50
2019-11-02 17:51:17+00:00,purchase,1004873,,electronics.smartphone,samsung,361.4,543875503,27bd2625-c3c9-4c66-8f90-240fb0b74067,$200-500
2019-11-02 17:54:18+00:00,purchase,12719862,,unknown,roadx,36.2,517461958,84972a51-64f4-4e02-b5a4-ad161ec9893a,<$50
2019-11-02 18:24:12+00:00,purchase,3500009,,unknown,bosch,290.1,519967953,bcc7ead2-7e5d-4cc7-8694-02d4f5f6f20a,$200-500
2019-11-02 19:23:54+00:00,purchase,4804056,,electronics.audio.headphone,apple,160.36,512803922,c2f621fc-85ad-43c0-8ef9-064c7be63f0a,$100-200
2019-11-02 19:34:12+00:00,purchase,5100577,,electronics.clocks,samsung,290.82,514981380,c092822e-70e4-418d-9f7a-3eeffd544eab,$200-500
2019-11-02 19:36:06+00:00,purchase,5100577,,electronics.clocks,samsung,290.82,514981380,c092822e-70e4-418d-9f7a-3eeffd544eab,$200-500
2019-11-02 19:58:59+00:00,purchase,5300157,,unknown,philips,38.19,523100448,fed8ec55-b901-4b05-bf99-befcd0e12a19,<$50
2019-11-02 20:04:48+00:00,purchase,36700014,,unknown,karya,16.73,523100448,fed8ec55-b901-4b05-bf99-befcd0e12a19,<$50
2019-11-02 20:43:39+00:00,purchase,1005168,,electronics.smartphone,samsung,213.49,545256701,e3aae4dc-cda6-47b1-99f3-700c7a581dc7,$200-500
2019-11-02 22:11:23+00:00,purchase,2701638,,appliances.kitchen.refrigerators,indesit,249.81,559378963,98343a5d-32ea-49cb-845a-ca532af489c2,$200-500
2019-11-02 22:18:30+00:00,purchase,14701406,,furniture.living_room.cabinet,,128.68,559378963,98343a5d-32ea-49cb-845a-ca532af489c2,$100-200
2019-11-03 00:02:07+00:00,purchase,15300303,,unknown,transcend,19.33,563948120,125985ff-42ca-49d9-9d26-ec8b6ad5450d,<$50
2019-11-03 00:55:25+00:00,purchase,1004246,,electronics.smartphone,apple,743.21,564621985,d2f45de4-70d2-48f6-88a9-a536c74442dc,$500-1000
2019-11-03 01:38:52+00:00,purchase,5801658,,electronics.audio.subwoofer,pride,74.62,512432519,fb10bdaa-cc14-4de2-9d02-8ea29e197142,$50-100
2019-11-03 03:01:32+00:00,purchase,1004870,,electronics.smartphone,samsung,271.46,513010527,f4b42a11-4f13-4663-b183-91f4c60d203c,$200-500
2019-11-03 03:55:44+00:00,purchase,2601793,,unknown,artel,137.17,554241210,20e0b08f-be8c-49ae-8377-c7075a5a0c46,$100-200
2019-11-03 04:20:30+00:00,purchase,5301027,,unknown,vitek,23.09,513430912,c9572411-8559-44e0-8226-96e8b3d845ab,<$50
2019-11-03 05:01:31+00:00,purchase,10900314,,appliances.kitchen.mixer,scarlett,22.27,558512673,735a6af9-0969-4708-a2e5-b463eb473c6c,<$50
2019-11-03 05:48:07+00:00,purchase,13200246,,furniture.bedroom.bed,sv,105.28,521493953,8d2893ee-bc8f-441f-b8d3-fed22c02729b,$100-200
2019-11-03 05:48:22+00:00,purchase,5100816,,unknown,xiaomi,29.56,520907653,4569fa23-4c52-49ce-b76f-a68467430629,<$50
2019-11-03 05:57:40+00:00,purchase,1004856,,electronics.smartphone,samsung,127.91,520494907,b8708eca-5d7d-4ed5-8e29-343645280523,$100-200
2019-11-03 05:59:16+00:00,purchase,1004856,,electronics.smartphone,samsung,127.91,520494907,b8708eca-5d7d-4ed5-8e29-343645280523,$100-200
2019-11-03 06:02:47+00:00,purchase,1005105,,electronics.smartphone,apple,1347.14,516727355,5124b68f-99e7-4400-a3b1-a971b90a3ccf,>$1000
2019-11-03 06:03:35+00:00,purchase,1004856,,electronics.smartphone,samsung,127.91,520494907,b8708eca-5d7d-4ed5-8e29-343645280523,$100-200
2019-11-03 06:04:11+00:00,purchase,1005105,,electronics.smartphone,apple,1347.14,516727355,5124b68f-99e7-4400-a3b1-a971b90a3ccf,>$1000
2019-11-03 06:08:34+00:00,purchase,1801592,,electronics.video.tv,sony,514.22,520494907,b8708eca-5d7d-4ed5-8e29-343645280523,$500-1000
2019-11-03 06:11:16+00:00,purchase,1002524,,electronics.smartphone,apple,531.52,512472005,79979ce6-80ff-4e8a-ae7e-b1eab1a9587e,$500-1000
2019-11-03 06:30:38+00:00,purchase,5100816,,unknown,xiaomi,29.56,520907653,854b71e3-d9b7-441a-8051-05a18f992ebf,<$50
2019-11-03 06:43:50+00:00,purchase,1307408,,computers.notebook,acer,308.86,525889879,a0c31953-5ac6-41d5-b5a1-d1737d7bf43e,$200-500
2019-11-03 06:56:11+00:00,purchase,1004835,,electronics.smartphone,samsung,223.94,515357432,f85f413f-b9ca-4cda-907c-b6707e295a0e,$200-500
2019-11-03 06:56:25+00:00,purchase,7901066,,furniture.kitchen.chair,shenma,56.63,516972522,09456247-4f2a-400f-bc23-994736690d38,$50-100
2019-11-03 06:59:44+00:00,purchase,1004835,,electronics.smartphone,samsung,223.94,515357432,a9a9dcf4-8810-4571-896e-1fa1137c212e,$200-500
2019-11-03 07:01:24+00:00,purchase,1004835,,electronics.smartphone,samsung,223.94,515357432,a9a9dcf4-8810-4571-896e-1fa1137c212e,$200-500
2019-11-03 07:16:27+00:00,purchase,26400192,,unknown,,368.61,531251311,557995b1-dbb4-4ffd-b825-761dac88c581,$200-500
2019-11-03 07:53:36+00:00,purchase,12700819,,unknown,nokian,148.01,521872439,4412e3e6-cea0-4ee7-b959-1867a45715e9,$100-200
2019-11-03 08:02:55+00:00,purchase,3601505,,appliances.kitchen.washer,samsung,488.81,564666185,9b45e97a-8095-4db2-8c74-ca02914877ae,$200-500
2019-11-03 08:05:51+00:00,purchase,1004856,,electronics.smartphone,samsung,127.91,525797192,75b00822-78fd-4adc-9e1e-6d9843bdce6f,$100-200
2019-11-03 08:08:29+00:00,purchase,1004777,,electronics.smartphone,xiaomi,135.01,518623927,e3051141-b066-4b5e-a28c-8f12b6eb75fa,$100-200
2019-11-03 08:16:07+00:00,purchase,1004856,,electronics.smartphone,samsung,127.91,525797192,806a7f87-e377-45c1-8091-30a5d3ff12e0,$100-200
2019-11-03 08:24:19+00:00,purchase,12703015,,unknown,cordiant,42.99,513683849,b4b14463-1d1d-4c42-bf07-aec135bb386b,<$50
2019-11-03 09:04:55+00:00,purchase,1005180,,electronics.smartphone,samsung,1158.05,534191402,e98676e7-51e4-4979-a954-44959ab58a8a,>$1000
2019-11-03 09:16:43+00:00,purchase,15700046,,unknown,brw,352.39,564922221,ce25400d-69f8-47ac-9e84-dc291f95d27e,$200-500
2019-11-03 09:34:07+00:00,purchase,9100647,,computers.peripherals.mouse,delux,23.13,513315287,6fbbf0ea-90a7-4d6c-9e05-f3fa00dafd59,<$50
2019-11-03 10:05:00+00:00,purchase,12715338,,unknown,comforser,38.35,512741938,ca7baf4f-a448-41c5-a974-648066a7ffd0,<$50
2019-11-03 10:17:01+00:00,purchase,1004836,,electronics.smartphone,samsung,224.17,543584771,412db45e-7e8a-4c5b-ac15-f20bbd4bd112,$200-500
2019-11-03 10:27:47+00:00,purchase,1801860,,electronics.video.tv,kivi,192.8,514512259,dc3f1723-1fd5-48e2-b7ed-9fa9cb59d4ff,$100-200
2019-11-03 10:43:54+00:00,purchase,1005116,,electronics.smartphone,apple,994.83,565493286,6a50c6de-b3e8-4272-9cf3-fed495657df2,$500-1000
2019-11-03 10:47:22+00:00,purchase,1005116,,electronics.smartphone,apple,994.83,565493286,91a16c7f-02d0-4179-a184-4e6dd99ddf23,$500-1000
2019-11-03 10:50:28+00:00,purchase,1005116,,electronics.smartphone,apple,994.83,565493286,91a16c7f-02d0-4179-a184-4e6dd99ddf23,$500-1000
2019-11-03 11:07:44+00:00,purchase,2600803,,unknown,,249.68,549267062,77de99dc-493a-47e0-b56a-29336f5dd1ec,$200-500
2019-11-03 11:18:46+00:00,purchase,4803191,,electronics.audio.headphone,xiaomi,14.16,527700673,eb70bb01-af1e-408d-a410-4f40ada493c8,<$50
2019-11-03 11:41:28+00:00,purchase,1307238,,computers.notebook,lenovo,303.71,517695163,c3fdd86a-ddfc-43c8-984a-facbf3f64904,$200-500
2019-11-03 12:13:21+00:00,purchase,1005118,,electronics.smartphone,apple,975.31,564621985,0e5ac120-344b-4fd7-8376-54e95e04488d,$500-1000
2019-11-03 12:26:46+00:00,purchase,1004767,,electronics.smartphone,samsung,241.87,513114508,7f711e7b-e16f-4d6b-a9fc-bc39b1ff918a,$200-500
2019-11-03 12:38:01+00:00,purchase,1307310,,computers.notebook,acer,283.08,517695163,9cf6f2a4-575e-4d18-93a0-a8110679a149,$200-500
2019-11-03 13:20:12+00:00,purchase,1004836,,electronics.smartphone,samsung,224.17,537918739,98a8a0bd-5f6b-404f-b1f6-cc74e8d74c12,$200-500
2019-11-03 13:33:39+00:00,purchase,1004856,,electronics.smartphone,samsung,127.91,525921810,198ade66-c903-4c87-8afe-5c7d119a7afe,$100-200
2019-11-03 14:17:12+00:00,purchase,1002544,,electronics.smartphone,apple,458.12,562165504,84aaaf6d-b77f-4ffc-a449-b87c2a5160d2,$200-500
2019-11-03 14:52:33+00:00,purchase,21407840,,electronics.clocks,casio,17.25,514499775,57bf8b57-8d2e-4e71-a8ed-3efafe7e740c,<$50
2019-11-03 15:00:12+00:00,purchase,1802008,,electronics.video.tv,lg,642.93,543444270,b6c7ef3c-118b-459a-a8a4-2166a989103d,$500-1000
2019-11-03 15:34:42+00:00,purchase,1005160,,electronics.smartphone,xiaomi,210.64,563719408,c7913529-7c1b-4b21-ad1f-99d8bd2d8254,$200-500
2019-11-03 17:01:45+00:00,purchase,9101052,,computers.peripherals.mouse,ritmix,1.3,516184819,646891cd-06d7-48f9-8ffc-512dd902892c,<$50
2019-11-03 17:31:49+00:00,purchase,7006333,,kids.carriage,,78.07,533202180,90dd38f9-9bb7-4d1a-be42-9294d880c7fb,$50-100
2019-11-03 18:51:38+00:00,purchase,4502730,,appliances.kitchen.hob,simfer,102.94,515783060,c9d9d578-0b00-4b92-b8c4-f6402cc3667b,$100-200
2019-11-03 19:52:24+00:00,purchase,1002532,,electronics.smartphone,apple,566.04,522452003,62bddeee-2bf5-4381-8b52-665b0282ac11,$500-1000
2019-11-03 19:53:18+00:00,purchase,1002532,,electronics.smartphone,apple,566.04,522452003,62bddeee-2bf5-4381-8b52-665b0282ac11,$500-1000
2019-11-03 19:55:28+00:00,purchase,1002544,,electronics.smartphone,apple,458.12,522452003,62bddeee-2bf5-4381-8b52-665b0282ac11,$200-500
2019-11-04 01:21:50+00:00,purchase,4804056,,electronics.audio.headphone,apple,160.36,550831865,af931349-2894-4138-976e-df98559283f4,$100-200
2019-11-04 03:02:52+00:00,purchase,1005160,,electronics.smartphone,xiaomi,210.62,519273933,ad972e05-c5a8-4763-bc8d-ff42935bf010,$200-500
2019-11-04 03:30:25+00:00,purchase,5500047,,unknown,panasonic,55.7,512719833,43fedaa0-9536-4c1a-9b38-01732a08d113,$50-100
2019-11-04 03:36:00+00:00,purchase,5301012,,unknown,philips,72.05,515148802,705c10ff-4a6f-410d-a242-81b448ec3428,$50-100
2019-11-04 03:52:17+00:00,purchase,12707153,,unknown,,32.69,519208794,5be1183b-57fc-4e2e-966c-1de0432a228a,<$50
2019-11-04 04:20:39+00:00,purchase,1002524,,electronics.smartphone,apple,531.52,556370851,8ed4afea-49b8-4718-a49b-3e88841e1668,$500-1000
2019-11-04 04:22:18+00:00,purchase,5801658,,electronics.audio.subwoofer,pride,74.62,512432519,a9849973-bc72-4a93-95d2-1b08e29dc611,$50-100
2019-11-04 04:39:36+00:00,purchase,1004565,,electronics.smartphone,huawei,164.93,528001864,91edd978-d03f-4279-b08d-1ef14e8a60d2,$100-200
2019-11-04 04:47:05+00:00,purchase,5100816,,unknown,xiaomi,29.56,515038057,6d5445a9-efe5-4cc5-a2e9-c720dd6def78,<$50
2019-11-04 06:04:50+00:00,purchase,12712686,,unknown,bridgestone,54.31,517461958,79180aba-eac6-472d-833f-9ea88e0936a6,$50-100
2019-11-04 06:12:00+00:00,purchase,12712686,,unknown,bridgestone,54.31,517461958,f42cba7d-07cb-49ee-a909-9922f67def80,$50-100
2019-11-04 06:17:23+00:00,purchase,17900077,,construction.tools.generator,eurolux,203.35,513989287,d4fc5e1f-5684-426f-8210-661348719a63,$200-500
2019-11-04 06:21:40+00:00,purchase,15200315,,unknown,bars,46.33,564348221,dcdbe060-28ab-4bb7-bf56-a59c6f00ed71,<$50
2019-11-04 06:26:49+00:00,purchase,1004781,,electronics.smartphone,huawei,254.62,513581598,1860a1c4-94d5-4391-934a-75c6d798909f,$200-500
2019-11-04 06:32:08+00:00,purchase,3601355,,appliances.kitchen.washer,lg,457.75,519261372,43ed67a7-7946-4e1b-adf4-f7a17a3f6134,$200-500
2019-11-04 06:54:59+00:00,purchase,10600098,,unknown,,28.29,540663731,83a0a917-a827-4312-aca5-9001ff7f1e15,<$50
2019-11-04 07:10:52+00:00,purchase,1005159,,electronics.smartphone,xiaomi,210.81,559353365,729551b3-6506-4c76-86fb-3776dbcedd61,$200-500
2019-11-04 07:11:31+00:00,purchase,12712686,,unknown,bridgestone,54.31,517461958,f42cba7d-07cb-49ee-a909-9922f67def80,$50-100
2019-11-04 07:49:39+00:00,purchase,1004709,,electronics.smartphone,huawei,149.28,516990078,4eb2491c-0401-e4dc-3871-ac7efff837c3,$100-200
2019-11-04 07:53:25+00:00,purchase,1005159,,electronics.smartphone,xiaomi,210.81,559353365,28d7fc2b-11cf-4edf-b1d1-eaaa0e1a1376,$200-500
2019-11-04 07:54:41+00:00,purchase,1005159,,electronics.smartphone,xiaomi,210.81,559353365,28d7fc2b-11cf-4edf-b1d1-eaaa0e1a1376,$200-500
2019-11-04 08:13:08+00:00,purchase,1004767,,electronics.smartphone,samsung,241.84,560080573,877571a1-626b-4b43-a067-4a501f52aa03,$200-500
2019-11-04 08:13:11+00:00,purchase,5301295,,unknown,vitek,25.6,526538372,d42bcdba-78fd-4d20-adfc-3b740b890cc3,<$50
2019-11-04 08:14:14+00:00,purchase,1004767,,electronics.smartphone,samsung,241.84,560080573,877571a1-626b-4b43-a067-4a501f52aa03,$200-500
2019-11-04 08:17:16+00:00,purchase,6100191,,auto.accessories.radar,sho-me,83.65,512484704,765448e4-e939-4799-a72a-7b41c3295514,$50-100
2019-11-04 08:27:55+00:00,purchase,1005100,,electronics.smartphone,samsung,138.92,537317083,8d2cd70f-421f-4717-878d-bc3ac72edde0,$100-200
2019-11-04 08:55:33+00:00,purchase,5300453,,unknown,rowenta,59.13,515925345,4dda78b9-79ab-4ce7-8279-f057afdbb612,$50-100
2019-11-04 09:52:33+00:00,purchase,12705690,,unknown,triangle,48.91,561534551,6b0925d2-4070-46e2-9fd2-47b95d57af67,<$50
2019-11-04 10:05:20+00:00,purchase,12720378,,unknown,roadx,50.19,539180438,24e19907-c448-4d98-9dac-ac148719cdfd,$50-100
2019-11-04 10:06:27+00:00,purchase,4804056,,electronics.audio.headphone,apple,160.36,512803922,9e3a74e9-b6c2-42db-8826-0509a8e2a9e2,$100-200
2019-11-04 10:09:04+00:00,purchase,4804056,,electronics.audio.headphone,apple,160.36,565086933,ea06a7ee-e436-4eea-8e9c-3a621cf10c43,$100-200
2019-11-04 10:09:56+00:00,purchase,4804056,,electronics.audio.headphone,apple,160.36,565086933,ea06a7ee-e436-4eea-8e9c-3a621cf10c43,$100-200
2019-11-04 10:10:34+00:00,purchase,1005008,,electronics.smartphone,xiaomi,84.69,515869751,87d8138d-b5d9-404e-814e-4ef67e592843,$50-100
2019-11-04 10:16:44+00:00,purchase,20000195,,unknown,botas,94.98,512594283,3edcfeb4-578c-4263-a8eb-7ae38f975996,$50-100
2019-11-04 10:52:28+00:00,purchase,1004870,,electronics.smartphone,samsung,271.39,560775988,2c4a08f5-487c-4300-88a9-50f276a83106,$200-500
2019-11-04 10:56:42+00:00,purchase,1004247,,electronics.smartphone,apple,793.84,531439215,10012006-ef70-49b5-85fb-eda5dec5e03d,$500-1000
2019-11-04 11:05:31+00:00,purchase,1004767,,electronics.smartphone,samsung,241.84,514682461,c61f0e10-2514-4e07-b273-07554d88bdb8,$200-500
2019-11-04 11:06:10+00:00,purchase,1004843,,electronics.smartphone,meizu,231.41,512484704,6bdb8710-c3bd-4318-9da0-5145ce2f7b83,$200-500
2019-11-04 11:24:15+00:00,purchase,26401577,,unknown,,246.34,531251311,c2317d16-14cf-4751-9141-9f75628445b7,$200-500
2019-11-04 11:30:32+00:00,purchase,1005115,,electronics.smartphone,apple,921.0,519511293,c97cb359-87e4-45de-ab4f-b021c051db20,$500-1000
2019-11-04 12:24:17+00:00,purchase,8800773,,electronics.telephone,nokia,76.27,512484704,0f60c7c4-ecf6-4412-9c8a-920421dff0a3,$50-100
2019-11-04 12:27:40+00:00,purchase,1002544,,electronics.smartphone,apple,457.93,536901477,8b993c39-3350-4f52-94ef-3e644d0d8597,$200-500
2019-11-04 12:50:35+00:00,purchase,1005112,,electronics.smartphone,apple,1003.63,522104793,bd9b25cc-88ba-4a0b-aab3-8c7f9e50c429,>$1000
2019-11-04 13:10:04+00:00,purchase,26300084,,unknown,lucente,510.18,532622228,98523c90-325b-4f68-876c-6813b8d26a0f,$500-1000
2019-11-04 13:13:43+00:00,purchase,26401412,,unknown,lucente,170.4,532622228,98523c90-325b-4f68-876c-6813b8d26a0f,$100-200
2019-11-04 13:31:17+00:00,purchase,12709380,,unknown,viatti,38.1,563657211,9906637f-a724-4775-bff9-8fdb30950733,<$50
2019-11-04 14:05:31+00:00,purchase,12703494,,unknown,cordiant,41.19,512932794,205f7899-0866-46d3-b2ca-628130876222,<$50
2019-11-04 15:08:08+00:00,purchase,6200315,,appliances.environment.air_heater,elenberg,38.59,525790140,199e9439-cc2e-49d3-93f2-226b44ef714f,<$50
2019-11-04 15:31:07+00:00,purchase,14701532,,furniture.living_room.cabinet,,154.42,543320456,627666a6-f7dc-4663-9642-b753118ca2c0,$100-200
2019-11-04 15:36:40+00:00,purchase,23700127,,furniture.bedroom.blanket,alvitek,32.18,515115292,c67912f0-c523-43ba-b7b7-45cb128be9ac,<$50
2019-11-04 15:44:07+00:00,purchase,12711561,,unknown,triangle,56.37,545670979,88ca512f-4d72-4e58-9a0c-5edb91c7d2f2,$50-100
2019-11-04 15:52:48+00:00,purchase,15902545,,unknown,fissman,71.43,531293446,3bce8c12-7064-47ab-bbd6-ce3a1941dae5,$50-100
2019-11-04 16:09:55+00:00,purchase,1005230,,electronics.smartphone,apple,875.13,515832881,32634088-5c74-4aa6-b2b8-c6882f6781a6,$500-1000
2019-11-04 16:42:30+00:00,purchase,1005115,,electronics.smartphone,apple,916.25,514475720,3a517a4f-b6d1-4538-a81b-acdb750f8abb,$500-1000
2019-11-04 16:50:57+00:00,purchase,17301397,,unknown,montblanc,42.26,542989714,04b6d71e-e661-4edc-9270-c8b9783ddd74,<$50
2019-11-04 17:08:08+00:00,purchase,1004785,,electronics.smartphone,huawei,265.67,557546938,f5ca87f6-ba77-49ca-941d-a86931c58c3b,$200-500
2019-11-04 17:23:13+00:00,purchase,11400268,,unknown,xiaomi,20.34,512719833,d80e859b-b448-4963-ab7d-473efa8e5b99,<$50
2019-11-04 17:27:38+00:00,purchase,11400268,,unknown,xiaomi,20.34,512719833,07b3d89b-b789-40fc-b131-4504b7ee3882,<$50
2019-11-04 18:28:37+00:00,purchase,1002524,,electronics.smartphone,apple,531.26,518681935,790eed68-d84b-46b6-81ff-22560c31a829,$500-1000
2019-11-04 18:54:55+00:00,purchase,12711552,,unknown,triangle,30.89,512502496,332684db-9335-4b95-abc2-79694ebe7026,<$50
2019-11-04 19:03:31+00:00,purchase,12100045,,kids.skates,xiaomi,367.55,564015863,642c2095-b91e-443a-8855-25ab4cd36192,$200-500
2019-11-04 19:33:51+00:00,purchase,2501889,,appliances.kitchen.oven,asel,62.01,515111323,ff42b08a-f68e-4367-b26c-5625cf67b5f2,$50-100
2019-11-04 20:44:47+00:00,purchase,3701222,,appliances.environment.vacuum,xiaomi,459.47,515122777,b4fdc2a5-86f0-49f5-b2c7-ecf73527ce2e,$200-500
2019-11-04 21:00:33+00:00,purchase,12707153,,unknown,,32.69,539180438,36ec1d90-7578-4a98-ba35-93a7d335d53e,<$50
2019-11-05 03:37:50+00:00,purchase,1004870,,electronics.smartphone,samsung,270.32,565471707,d340be8e-2e7d-4a73-ab1f-4b6f01efdfb0,$200-500
2019-11-05 03:45:16+00:00,purchase,1004241,,electronics.smartphone,apple,1169.91,521792634,e35d5b27-3f9a-4332-aafb-16964680f3d6,>$1000
2019-11-05 04:09:03+00:00,purchase,26205283,,unknown,,146.98,535567355,813a7ca2-d49e-42b8-bbe3-6ee1888451e0,$100-200
2019-11-05 04:16:07+00:00,purchase,1004833,,electronics.smartphone,samsung,170.07,535567355,d6a71d0d-ccf7-48d1-803b-b43ed59f09f8,$100-200
2019-11-05 04:17:58+00:00,purchase,26027151,,unknown,,9.01,535567355,d6a71d0d-ccf7-48d1-803b-b43ed59f09f8,<$50
2019-11-05 04:21:09+00:00,purchase,30200006,,unknown,irbis,51.46,535567355,d6a71d0d-ccf7-48d1-803b-b43ed59f09f8,$50-100
2019-11-05 04:23:53+00:00,purchase,1005073,,electronics.smartphone,samsung,1132.07,522104793,e6be15e8-5cb6-4928-9f16-c54192a2b007,>$1000
2019-11-05 04:31:07+00:00,purchase,12709380,,unknown,viatti,38.1,563657211,1b5faa2b-ccae-48db-a775-704b1b2a3ef8,<$50
2019-11-05 04:39:21+00:00,purchase,34800579,,unknown,carfashion,28.31,563657211,1b5faa2b-ccae-48db-a775-704b1b2a3ef8,<$50
2019-11-05 04:45:08+00:00,purchase,9800313,,unknown,,32.5,547865212,4667ae54-4483-4e0a-8ba1-fe7e7dc87644,<$50
2019-11-05 04:55:25+00:00,purchase,12700974,,unknown,nokian,49.32,536777905,445045cf-dd6a-4e0c-ad4e-3ae88fd4a10f,<$50
2019-11-05 04:59:06+00:00,purchase,51100100,,unknown,dearest,46.33,517114903,c4bdfe3f-6a94-438e-96c1-40204b6ee1c3,<$50
2019-11-05 05:04:14+00:00,purchase,1005008,,electronics.smartphone,xiaomi,94.38,512510322,22f4631b-8c7e-4609-a419-c2836e3a0c74,$50-100
2019-11-05 05:06:46+00:00,purchase,30900009,,computers.components.cooler,deepcool,14.81,547865212,e13b4735-8af7-425c-916e-a658adbae536,<$50
2019-11-05 05:32:40+00:00,purchase,12706259,,unknown,nokian,53.54,560232178,83dc5768-9aa7-4e48-ab7c-846f82e2d079,$50-100
2019-11-05 05:36:00+00:00,purchase,1004767,,electronics.smartphone,samsung,241.43,546771421,144dcdbe-b321-40ac-866c-431355050c43,$200-500
2019-11-05 05:56:11+00:00,purchase,22700129,,unknown,stels,69.5,543720495,813dc457-d820-4adc-b759-d0d6148b1882,$50-100
2019-11-05 06:02:58+00:00,purchase,1801690,,electronics.video.tv,samsung,381.74,512830805,332266e1-a3f0-4bb7-87fb-f081548c5705,$200-500
2019-11-05 06:09:24+00:00,purchase,4803977,,electronics.audio.headphone,samsung,106.63,515416649,5dcae4c4-5499-4fdc-8eca-56b7f36a5557,$100-200
2019-11-05 06:10:14+00:00,purchase,1801690,,electronics.video.tv,samsung,381.74,512830805,27e80fe1-aeeb-46dd-9bec-615d2eed1af5,$200-500
2019-11-05 06:15:42+00:00,purchase,40500104,,unknown,apple,13.63,530109927,d864017c-516a-4587-9125-e6c585713ef4,<$50
2019-11-05 06:22:10+00:00,purchase,1005107,,electronics.smartphone,apple,997.43,512462480,5313281b-701a-46c7-821a-e4a91bc6a85f,$500-1000
2019-11-05 06:41:33+00:00,purchase,1004741,,electronics.smartphone,xiaomi,196.92,516651834,cc761ae6-478f-4b9b-9a9d-737bdbecc0a1,$100-200
2019-11-05 06:41:58+00:00,purchase,1200947,,electronics.tablet,samsung,110.61,512619061,f2082993-e4c4-4c1c-88a1-a42140981b1f,$100-200
2019-11-05 06:58:06+00:00,purchase,12709199,,unknown,maxxis,105.79,556648043,34aa1d47-c078-4d24-9762-3fe592f264a4,$100-200
2019-11-05 07:01:42+00:00,purchase,21401225,,electronics.clocks,casio,51.48,549176983,d3a51e74-fb94-497a-bef3-c15ae0ec054b,$50-100
2019-11-05 07:03:45+00:00,purchase,1004249,,electronics.smartphone,apple,765.5,549176983,d3a51e74-fb94-497a-bef3-c15ae0ec054b,$500-1000
2019-11-05 07:20:40+00:00,purchase,12713442,,unknown,triangle,77.22,557431505,2d525460-c3e3-44ae-b8af-8cdcdb6e2479,$50-100
2019-11-05 07:25:45+00:00,purchase,7005751,,kids.carriage,,78.51,533202180,5ff2bdb0-f652-4b50-a0ee-b4055c66e3c7,$50-100
2019-11-05 07:34:25+00:00,purchase,11400745,,unknown,xiaomi,31.13,513451919,689014a0-0701-41c9-a05a-5e4c940603ad,<$50
2019-11-05 07:37:49+00:00,purchase,11400745,,unknown,xiaomi,31.13,513451919,2d1453ef-1273-4512-bafe-12581e34c010,<$50
2019-11-05 07:44:37+00:00,purchase,1480163,,computers.desktop,acer,713.28,532454585,aee071ac-5409-42f5-8ee6-90c83a9f00fc,$500-1000
2019-11-05 08:04:52+00:00,purchase,6800653,,computers.components.hdd,kingston,25.2,522485267,85574482-07b8-4961-a0ff-4cc6d2a059da,<$50
2019-11-05 08:26:04+00:00,purchase,5300157,,unknown,philips,38.59,521884574,88c418a4-7862-4822-bb05-dd1bafeec5ee,<$50
2019-11-05 08:34:51+00:00,purchase,1003770,,electronics.smartphone,huawei,306.54,565674237,fc7b4c8a-4561-49a5-94ca-d209f912a42b,$200-500
2019-11-05 08:41:45+00:00,purchase,1004872,,electronics.smartphone,samsung,270.23,513010527,eb174571-f4e7-4f33-be24-8e3c850056e6,$200-500
2019-11-05 08:49:39+00:00,purchase,12709380,,unknown,viatti,38.1,563657211,f23a7d3c-7c7a-4cda-b33c-5bd1005bfa4e,<$50
2019-11-05 09:29:18+00:00,purchase,2601413,,unknown,artel,153.93,541640546,06cbe30a-a9d2-43cd-b880-bb01e1de3788,$100-200
2019-11-05 09:33:13+00:00,purchase,1004856,,electronics.smartphone,samsung,131.66,525110179,58f6ceac-6277-4683-8c07-ae1114f7310b,$100-200
2019-11-05 09:34:44+00:00,purchase,3801304,,appliances.iron,tefal,64.33,541640546,06cbe30a-a9d2-43cd-b880-bb01e1de3788,$50-100
2019-11-05 10:07:31+00:00,purchase,4804660,,electronics.audio.headphone,xiaomi,23.02,518753772,4937bf97-e3f3-4e2c-a23a-55a247ae7f82,<$50
2019-11-05 10:24:53+00:00,purchase,26800031,,unknown,genau,308.61,533799459,c15c02fe-c490-4bac-b51e-a7c8f2cbb164,$200-500
2019-11-05 10:24:57+00:00,purchase,9400066,,unknown,jaguar,171.83,518753772,a7241a4d-8987-416f-b536-c2914aedd7c6,$100-200
2019-11-05 10:32:03+00:00,purchase,26008118,,unknown,,4.52,518753772,a7241a4d-8987-416f-b536-c2914aedd7c6,<$50
2019-11-05 10:41:10+00:00,purchase,26800031,,unknown,genau,308.61,533799459,03dbe0bf-9c28-4c3a-817a-3fdc6a4fc4ab,$200-500
2019-11-05 10:57:12+00:00,purchase,4502730,,appliances.kitchen.hob,simfer,102.94,515783060,afa383ac-9268-419c-92e4-b30d42298876,$100-200
2019-11-05 11:04:24+00:00,purchase,4804056,,electronics.audio.headphone,apple,160.36,526772818,aee7046b-3938-4825-bb98-45796f390055,$100-200
2019-11-05 11:23:02+00:00,purchase,1480156,,computers.desktop,neo,666.66,559126616,bdeb453b-4741-4baa-9e7d-709929106ba8,$500-1000
2019-11-05 11:43:12+00:00,purchase,12718278,,unknown,yokohama,54.06,512900539,55e4d001-8cc9-492e-97b5-4383c77dc03a,$50-100
2019-11-05 11:45:01+00:00,purchase,12718278,,unknown,yokohama,54.06,512900539,55e4d001-8cc9-492e-97b5-4383c77dc03a,$50-100
2019-11-05 11:47:20+00:00,purchase,12718278,,unknown,yokohama,54.06,512900539,55e4d001-8cc9-492e-97b5-4383c77dc03a,$50-100
2019-11-05 12:09:21+00:00,purchase,1002531,,electronics.smartphone,apple,720.46,555550709,f72173eb-334a-43d5-ad46-56630fb1b089,$500-1000
2019-11-05 12:52:47+00:00,purchase,4804056,,electronics.audio.headphone,apple,160.36,565086933,d21c5307-0558-410e-8ff8-63464b178292,$100-200
2019-11-05 13:28:26+00:00,purchase,1005115,,electronics.smartphone,apple,915.69,515458103,fc12d5ea-a0b6-4127-b0ae-c0ce38601c37,$500-1000
2019-11-05 13:29:17+00:00,purchase,1005115,,electronics.smartphone,apple,915.69,515458103,fc12d5ea-a0b6-4127-b0ae-c0ce38601c37,$500-1000
2019-11-05 13:30:15+00:00,purchase,1005115,,electronics.smartphone,apple,915.69,515458103,fc12d5ea-a0b6-4127-b0ae-c0ce38601c37,$500-1000
2019-11-05 13:32:09+00:00,purchase,1004249,,electronics.smartphone,apple,745.4,515458103,fc12d5ea-a0b6-4127-b0ae-c0ce38601c37,$500-1000
2019-11-05 13:33:18+00:00,purchase,11500743,,unknown,havit,25.71,515458103,fc12d5ea-a0b6-4127-b0ae-c0ce38601c37,<$50
2019-11-05 13:42:50+00:00,purchase,1005186,,electronics.smartphone,samsung,771.94,515832881,6f7b78d6-70e8-4b21-8b7c-20c09828acf4,$500-1000
2019-11-05 13:55:30+00:00,purchase,1004750,,electronics.smartphone,samsung,195.04,563026431,471cefe0-e3d0-42fd-86c4-4844ec85ee0c,$100-200
2019-11-05 14:10:34+00:00,purchase,16500007,,unknown,omron,62.52,519036764,7e45886f-9e99-4dcb-b309-8f87afb6cb22,$50-100
2019-11-05 14:12:41+00:00,purchase,1004246,,electronics.smartphone,apple,758.63,564621985,891e9b9c-a545-4d72-82ae-8fe485c52ba4,$500-1000
2019-11-05 14:38:29+00:00,purchase,26204401,,unknown,aquamarine,22.65,548710896,8f133a79-d713-4214-a0aa-174122d6f8c8,<$50
2019-11-05 15:05:16+00:00,purchase,1005115,,electronics.smartphone,apple,915.69,515334228,e2e5c662-0647-40f7-b8a0-1d6b690d14d9,$500-1000
2019-11-05 15:08:09+00:00,purchase,9800470,,unknown,cougar,163.81,519042613,d227d626-3e1a-4ebe-83fd-68cedb80819d,$100-200
2019-11-05 15:08:26+00:00,purchase,12500207,,unknown,,23.14,516184819,fe197212-cd21-4e91-8852-ad5f81b2aafd,<$50
2019-11-05 15:21:05+00:00,purchase,3901006,,appliances.environment.water_heater,ariston,108.09,516002018,39770901-b8de-4a2f-a1c9-26bd41ce1952,$100-200
2019-11-05 15:31:06+00:00,purchase,3800336,,appliances.iron,braun,46.31,516002018,39770901-b8de-4a2f-a1c9-26bd41ce1952,<$50
2019-11-05 15:39:51+00:00,purchase,2601801,,unknown,hansa,437.57,512593817,08e11f8f-bc69-4a9d-9c53-087d82b3cabc,$200-500
2019-11-05 15:42:36+00:00,purchase,5300096,,unknown,remington,61.52,541033436,5fdb8151-9b0e-4aab-97a4-8d47513794b1,$50-100
2019-11-05 15:53:56+00:00,purchase,5300172,,unknown,philips,56.6,514739161,efcc1f72-eab9-4399-bb1f-0c31ecb466a2,$50-100
2019-11-05 16:00:01+00:00,purchase,1004767,,electronics.smartphone,samsung,240.93,539268182,82a474df-a2af-4ba6-9604-7cec73035e7a,$200-500
2019-11-05 16:01:15+00:00,purchase,12702930,,unknown,cordiant,35.78,535740940,19feea6a-2ac4-482b-813e-4ed1d053d922,<$50
2019-11-05 16:02:21+00:00,purchase,1004856,,electronics.smartphone,samsung,131.66,525921810,13181221-fdfa-448b-9a07-32e6f4b80137,$100-200
2019-11-05 16:07:09+00:00,purchase,1306986,,computers.notebook,asus,900.41,519421460,14253014-8211-48f6-aad2-acb8576817a1,$500-1000
2019-11-05 16:58:53+00:00,purchase,1004870,,electronics.smartphone,samsung,269.48,519138914,83f22d67-63ee-435c-9769-290f763d3f4d,$200-500
2019-11-05 17:02:13+00:00,purchase,1200620,,electronics.tablet,samsung,141.55,517119261,33201ed4-7331-4923-ba7c-3f1eb4fc92e4,$100-200
2019-11-05 17:57:18+00:00,purchase,1002524,,electronics.smartphone,apple,565.78,512472005,5837b4b3-5322-4b1a-a310-9dfcf89c9190,$500-1000
2019-11-05 18:04:35+00:00,purchase,28718614,,apparel.shoes,respect,79.02,520494907,61132e3f-ca6c-45e6-933a-1d169a9c2ecd,$50-100
2019-11-05 18:25:00+00:00,purchase,15100145,,unknown,lider,386.08,535742999,3e21e629-5e2c-4b25-981a-60e0945d946b,$200-500
2019-11-05 18:53:16+00:00,purchase,1002633,,electronics.smartphone,apple,378.39,536012387,ac24ce93-0d2c-4acf-b7e0-d1822bed8577,$200-500
2019-11-05 20:40:11+00:00,purchase,1004767,,electronics.smartphone,samsung,240.93,551740013,76fbb5ed-19ca-4b80-8a05-dfb9e0444e9e,$200-500
2019-11-06 02:13:44+00:00,purchase,4804055,,electronics.audio.headphone,apple,197.92,518409394,3306302c-d9e6-4a49-8b0e-17ded2ac8330,$100-200
2019-11-06 02:27:29+00:00,purchase,3600165,,appliances.kitchen.washer,indesit,173.26,516404938,ee3ebdf8-7759-4ce5-aa40-09e41d727228,$100-200
2019-11-06 02:32:59+00:00,purchase,4804718,,electronics.audio.headphone,apple,295.51,530774014,f190f948-5ca6-4e3f-afff-89f2c4e65235,$200-500
2019-11-06 03:02:05+00:00,purchase,3700926,,appliances.environment.vacuum,samsung,68.98,513669680,7a121125-f0fd-4d12-bdee-b99823706a78,$50-100
2019-11-06 03:03:21+00:00,purchase,26300484,,unknown,,70.53,551740013,409a1c22-af13-4bcd-8417-01be46aefd14,$50-100
2019-11-06 03:09:14+00:00,purchase,1005054,,electronics.smartphone,tp-link,69.24,551740013,2ffe1fd8-0b88-4b79-85c6-041332205ef2,$50-100
2019-11-06 03:23:36+00:00,purchase,4804718,,electronics.audio.headphone,apple,295.51,530774014,9d7ce352-b205-477e-8c53-8bd38d4fd1d8,$200-500
2019-11-06 04:04:37+00:00,purchase,1004836,,electronics.smartphone,samsung,227.02,521117457,442ce2d3-7541-4d44-9da4-28aba58e8151,$200-500
2019-11-06 04:05:59+00:00,purchase,1004836,,electronics.smartphone,samsung,227.02,521117457,442ce2d3-7541-4d44-9da4-28aba58e8151,$200-500
2019-11-06 04:30:08+00:00,purchase,12702958,,unknown,cordiant,42.47,513683849,90fe35fe-f675-473e-a4ff-ea33cf068409,<$50
2019-11-06 05:00:27+00:00,purchase,26400339,,unknown,,227.03,535567355,49628ac7-a283-4919-ad07-82daaf395437,$200-500
2019-11-06 05:05:45+00:00,purchase,26400217,,unknown,,214.42,531251311,260bb54f-fa32-46b2-bb3a-f78f3570bf39,$200-500
2019-11-06 05:15:47+00:00,purchase,1004836,,electronics.smartphone,samsung,227.02,565674237,45dd4e10-9fef-4a71-976c-bea743b01622,$200-500
2019-11-06 05:21:48+00:00,purchase,26204401,,unknown,aquamarine,22.65,548710896,6737e854-e14a-432a-8d33-f8fe7dc6e118,<$50
2019-11-06 05:33:33+00:00,purchase,1004741,,electronics.smartphone,xiaomi,196.92,556370851,6a7226d7-c241-49ab-9881-bce10e647941,$100-200
2019-11-06 05:33:52+00:00,purchase,26201599,,unknown,,172.46,535567355,4ca32b04-6825-4713-b638-dfaef60577d0,$100-200
2019-11-06 05:37:44+00:00,purchase,26205283,,unknown,,146.98,535567355,4d724ded-e683-4ae0-a990-3cbf60c89c10,$100-200
2019-11-06 05:41:10+00:00,purchase,26200609,,unknown,,146.98,535567355,4d724ded-e683-4ae0-a990-3cbf60c89c10,$100-200
2019-11-06 06:04:38+00:00,purchase,4501835,,appliances.kitchen.hob,hansa,256.61,516399367,4f66b76c-9635-4784-94c5-4aada6cd8837,$200-500
2019-11-06 06:07:19+00:00,purchase,1004856,,electronics.smartphone,samsung,131.66,525921810,e38d4303-0b56-4ef4-bf79-6a8edb3ffdb9,$100-200
2019-11-06 06:07:22+00:00,purchase,26500124,,unknown,lucente,143.89,535567355,2b74d2b4-4213-49b9-b93e-5cafc4441eea,$100-200
2019-11-06 06:10:07+00:00,purchase,26205283,,unknown,,146.98,535567355,2b74d2b4-4213-49b9-b93e-5cafc4441eea,$100-200
2019-11-06 06:13:04+00:00,purchase,26205283,,unknown,,146.98,535567355,2b74d2b4-4213-49b9-b93e-5cafc4441eea,$100-200
2019-11-06 06:19:17+00:00,purchase,1004665,,electronics.smartphone,samsung,824.35,563689069,4f3ea334-7f9a-4759-88b2-399a8341088d,$500-1000
2019-11-06 06:21:35+00:00,purchase,1003712,,electronics.smartphone,samsung,720.46,563689069,4f3ea334-7f9a-4759-88b2-399a8341088d,$500-1000
2019-11-06 06:31:42+00:00,purchase,12712675,,unknown,triangle,38.61,515789919,890b7ea3-9652-4de0-8de0-336184d8e037,<$50
2019-11-06 06:42:36+00:00,purchase,8902691,,kids.toys,lorelli,27.8,512922016,7655208b-f576-4932-9a1f-1d9182f4bd76,<$50
2019-11-06 07:11:19+00:00,purchase,1002633,,electronics.smartphone,apple,378.39,527037229,9a6ec0d6-ed9d-41b2-aace-9f0f68b526ac,$200-500
2019-11-06 07:12:07+00:00,purchase,1002633,,electronics.smartphone,apple,378.39,527037229,9a6ec0d6-ed9d-41b2-aace-9f0f68b526ac,$200-500
2019-11-06 07:22:42+00:00,purchase,1004856,,electronics.smartphone,samsung,131.66,561764964,4c83e0b3-17e4-439b-b1ca-126383316b45,$100-200
2019-11-06 07:23:06+00:00,purchase,1005174,,electronics.smartphone,samsung,643.23,519543524,3abe7505-9f71-4c5f-b6d7-77c0a5556deb,$500-1000
2019-11-06 07:24:50+00:00,purchase,1004833,,electronics.smartphone,samsung,170.05,519543524,3abe7505-9f71-4c5f-b6d7-77c0a5556deb,$100-200
2019-11-06 07:24:51+00:00,purchase,1004838,,electronics.smartphone,oppo,178.9,529523398,3db64584-79d4-40c6-90e4-aaadc1f11544,$100-200
2019-11-06 07:35:33+00:00,purchase,1004750,,electronics.smartphone,samsung,195.04,546771421,45069ab8-4d1b-4bea-ad68-2d0f15e0f279,$100-200
2019-11-06 08:01:56+00:00,purchase,26401671,,unknown,lucente,118.15,517312428,6025fb39-c8c6-46ab-868e-52c0c9276792,$100-200
2019-11-06 08:07:09+00:00,purchase,1004873,,electronics.smartphone,samsung,361.3,515832881,79eca955-1095-4647-8045-631441013358,$200-500
2019-11-06 08:16:00+00:00,purchase,1004838,,electronics.smartphone,oppo,178.9,563657211,c62bb881-1562-43e0-a56b-acca76d3085e,$100-200
2019-11-06 08:18:32+00:00,purchase,38900010,,unknown,,180.18,519057783,a538687f-2c74-4378-a178-7f29d75e0611,$100-200
2019-11-06 08:19:34+00:00,purchase,1005238,,electronics.smartphone,oppo,282.86,563657211,c62bb881-1562-43e0-a56b-acca76d3085e,$200-500
2019-11-06 08:30:34+00:00,purchase,1802101,,electronics.video.tv,arg,179.7,563657211,c62bb881-1562-43e0-a56b-acca76d3085e,$100-200
2019-11-06 08:35:41+00:00,purchase,22700078,,unknown,stels,175.03,563657211,c62bb881-1562-43e0-a56b-acca76d3085e,$100-200
2019-11-06 08:46:32+00:00,purchase,1004237,,electronics.smartphone,apple,1091.33,540218133,708b1b3d-b4dd-4e2b-8b42-9e08e44187a3,>$1000
2019-11-06 09:25:54+00:00,purchase,12719641,,unknown,delmax,37.58,559549193,544cd10d-bd9d-46ae-8a5d-79215e00579b,<$50
2019-11-06 09:27:10+00:00,purchase,1004836,,electronics.smartphone,samsung,227.02,565471707,4f7b9721-8b85-438f-bd6a-1dcb37fb45ff,$200-500
2019-11-06 09:45:46+00:00,purchase,4804055,,electronics.audio.headphone,apple,197.92,512803922,51093906-cdd7-45b9-a50b-25a9762e41be,$100-200
2019-11-06 09:50:17+00:00,purchase,4804056,,electronics.audio.headphone,apple,160.36,512803922,51093906-cdd7-45b9-a50b-25a9762e41be,$100-200
2019-11-06 09:51:19+00:00,purchase,1004836,,electronics.smartphone,samsung,227.02,565471707,e41fc889-9735-44dc-bc0a-c1624d64cd39,$200-500
2019-11-06 09:56:03+00:00,purchase,1801631,,electronics.video.tv,artel,334.11,515619901,ad1eb137-c4ed-416d-bf19-dac808692ecd,$200-500
2019-11-06 09:59:17+00:00,purchase,12702930,,unknown,cordiant,35.78,541812569,2607c17f-8728-4b6e-aec8-9574c55178bb,<$50
2019-11-06 10:01:51+00:00,purchase,12702930,,unknown,cordiant,35.78,541812569,939e7e88-8a03-4e23-bd2c-b2566af5ef74,<$50
2019-11-06 10:09:26+00:00,purchase,4804056,,electronics.audio.headphone,apple,160.36,512803922,a08628ff-adf5-40f4-84b3-9537857213ab,$100-200
2019-11-06 10:11:01+00:00,purchase,5300453,,unknown,rowenta,59.13,564922221,68dd50c4-7ada-4627-8913-51a0065f956c,$50-100
2019-11-06 10:19:08+00:00,purchase,4803977,,electronics.audio.headphone,samsung,106.63,512769870,07a04e60-5260-47ce-b79c-ba842f39d96c,$100-200
2019-11-06 10:20:03+00:00,purchase,26205152,,unknown,,113.52,545002658,d737513e-ae68-400b-9e2a-7118e8ebfc1a,$100-200
2019-11-06 10:25:09+00:00,purchase,3900776,,appliances.environment.water_heater,artel,85.82,537934988,e8dae45a-d38f-484b-8e3e-73edf465d25c,$50-100
2019-11-06 10:32:31+00:00,purchase,12703494,,unknown,cordiant,41.19,512932794,2f9f2752-32a7-483f-85b3-9c8e08890396,<$50
2019-11-06 10:35:00+00:00,purchase,1004246,,electronics.smartphone,apple,758.63,547878505,ef88e365-ce72-4d9c-8d92-e1f4c1a8cb7d,$500-1000
2019-11-06 10:37:39+00:00,purchase,12708598,,unknown,michelin,64.35,512932794,2f9f2752-32a7-483f-85b3-9c8e08890396,$50-100
2019-11-06 10:39:37+00:00,purchase,12703494,,unknown,cordiant,41.19,512932794,be627423-306d-4eb7-8583-5107031dabf6,<$50
2019-11-06 10:41:23+00:00,purchase,1004750,,electronics.smartphone,samsung,195.04,517326472,7c7df3ef-28ee-4085-a5b5-4e291656f425,$100-200
2019-11-06 10:42:22+00:00,purchase,1004750,,electronics.smartphone,samsung,195.04,517326472,7c7df3ef-28ee-4085-a5b5-4e291656f425,$100-200
2019-11-06 10:47:16+00:00,purchase,1200947,,electronics.tablet,samsung,110.61,512619061,e0b0bc6a-88df-4efc-be00-d2dd378b7ffb,$100-200
2019-11-06 10:58:44+00:00,purchase,12709941,,unknown,yokohama,87.26,513257241,4d08cbf8-ad24-4972-afd2-19d3f356a3b1,$50-100
2019-11-06 11:00:35+00:00,purchase,12701624,,unknown,matador,43.24,512581033,bfd896ea-4350-4f3a-a2a9-270d38e90325,<$50
2019-11-06 11:21:13+00:00,purchase,26500570,,unknown,lucente,131.28,539268182,2609bcdf-777f-44c8-a9ef-f126242336eb,$100-200
2019-11-06 11:55:25+00:00,purchase,10701101,,unknown,ea,73.62,534562420,914cdc92-897b-4242-8915-86ce37cdae54,$50-100
2019-11-06 11:57:00+00:00,purchase,12707254,,unknown,,46.3,528001864,236c160f-e547-4fda-9c99-dba88fbab513,<$50
2019-11-06 12:39:50+00:00,purchase,2900958,,appliances.kitchen.microwave,arg,56.6,553909451,27edd074-d286-48cb-8c9e-6fe0c65ae930,$50-100
2019-11-06 12:42:19+00:00,purchase,12703494,,unknown,cordiant,41.19,512932794,62f4e970-20b8-4736-8609-69effea7195b,<$50
2019-11-06 13:46:54+00:00,purchase,13101828,,unknown,skad,273.88,516220074,239ac093-0e4f-49bc-8702-bb608009f48f,$200-500
2019-11-06 14:05:13+00:00,purchase,10701101,,unknown,ea,73.62,534562420,a5a85e5e-9869-4be7-a572-edb6f55e0b09,$50-100
2019-11-06 14:07:10+00:00,purchase,10701101,,unknown,ea,73.62,534562420,a5a85e5e-9869-4be7-a572-edb6f55e0b09,$50-100
2019-11-06 14:10:57+00:00,purchase,1002544,,electronics.smartphone,apple,473.37,543115948,1c77f379-2813-4faf-be02-a2d4e7807d52,$200-500
2019-11-06 14:28:51+00:00,purchase,12701071,,unknown,pirelli,60.88,514526675,bc993278-b6e3-4ab1-9f7a-a2c61f8fbd5d,$50-100
2019-11-06 14:29:47+00:00,purchase,12701071,,unknown,pirelli,60.88,514526675,bc993278-b6e3-4ab1-9f7a-a2c61f8fbd5d,$50-100
2019-11-06 14:36:21+00:00,purchase,12706446,,unknown,nokian,113.77,527745947,87a347e5-3412-49da-a14b-5f811479cd0c,$100-200
2019-11-06 14:58:39+00:00,purchase,39100031,,unknown,pupa,13.07,557298307,f70c706b-fde5-45a6-8194-ada70d730c31,<$50
2019-11-06 15:10:58+00:00,purchase,5300147,,unknown,rowenta,61.75,557298307,f70c706b-fde5-45a6-8194-ada70d730c31,$50-100
2019-11-06 15:30:45+00:00,purchase,5801235,,electronics.audio.subwoofer,pride,122.27,542890569,2dd1b74e-2fca-471f-8f0a-798bbac51781,$100-200
2019-11-06 15:31:55+00:00,purchase,5801235,,electronics.audio.subwoofer,pride,122.27,542890569,2dd1b74e-2fca-471f-8f0a-798bbac51781,$100-200
2019-11-06 15:33:13+00:00,purchase,5801235,,electronics.audio.subwoofer,pride,122.27,542890569,018c15d9-8d9e-43f9-bad4-be974c30e4b4,$100-200
2019-11-06 15:36:25+00:00,purchase,5801235,,electronics.audio.subwoofer,pride,122.27,542890569,12530ab1-1149-46b6-b477-0871a693b6cd,$100-200
2019-11-06 15:38:52+00:00,purchase,12701071,,unknown,pirelli,60.88,514526675,2665ab8d-7f60-4bf8-91b9-51e225f8678f,$50-100
2019-11-06 15:41:42+00:00,purchase,4804056,,electronics.audio.headphone,apple,160.36,544490764,8ed2be15-707b-4114-bb38-8b9dff888d55,$100-200
2019-11-06 15:47:29+00:00,purchase,5801235,,electronics.audio.subwoofer,pride,122.27,542890569,a0ba35e6-1e92-4d23-be2e-d965c0a14ca5,$100-200
2019-11-06 15:48:31+00:00,purchase,5801235,,electronics.audio.subwoofer,pride,122.27,542890569,a0ba35e6-1e92-4d23-be2e-d965c0a14ca5,$100-200
2019-11-06 15:49:17+00:00,purchase,5801235,,electronics.audio.subwoofer,pride,122.27,542890569,a0ba35e6-1e92-4d23-be2e-d965c0a14ca5,$100-200
2019-11-06 15:51:20+00:00,purchase,2601236,,unknown,gefest,97.56,525982478,82961353-6c5b-491f-a3f8-5de6b698e2ad,$50-100
2019-11-06 15:52:41+00:00,purchase,5801694,,electronics.audio.subwoofer,pride,244.54,542890569,3be382b8-d447-43bb-b2f1-0702a1c44815,$200-500
2019-11-06 16:01:35+00:00,purchase,3701084,,appliances.environment.vacuum,xiaomi,459.47,512485635,a88ca8b5-29e4-4d1b-a555-17e6433113eb,$200-500
2019-11-06 16:14:53+00:00,purchase,2501301,,appliances.kitchen.oven,beko,214.4,515842656,3ed15bc1-5feb-4d0e-88d7-36901e3a81c0,$200-500
2019-11-06 16:16:37+00:00,purchase,2401244,,appliances.kitchen.hood,gorenje,108.06,515842656,3ed15bc1-5feb-4d0e-88d7-36901e3a81c0,$100-200
2019-11-06 16:25:17+00:00,purchase,5801235,,electronics.audio.subwoofer,pride,122.27,542890569,b1e624e2-2e76-487f-82fa-449529be2c1b,$100-200
2019-11-06 16:35:34+00:00,purchase,12709542,,unknown,goodyear,74.39,537830384,05c5cb8f-2b53-4e17-9d63-33b715d6cb42,$50-100
2019-11-06 16:46:00+00:00,purchase,1003800,,electronics.smartphone,apple,771.96,515832881,6b16366a-3ce3-4a40-98c4-6d987473c4d1,$500-1000
2019-11-06 16:51:39+00:00,purchase,12720796,,unknown,sonny,56.63,515832881,6b16366a-3ce3-4a40-98c4-6d987473c4d1,$50-100
2019-11-06 17:16:48+00:00,purchase,12705003,,unknown,cordiant,40.93,547142617,6d210f4c-3e63-41ba-9676-7202d611e45b,<$50
2019-11-06 17:30:31+00:00,purchase,49800013,,accessories.bag,ritmix,10.73,512432519,d63f2a48-89d3-4158-855d-112000a35293,<$50
2019-11-06 17:43:24+00:00,purchase,1004843,,electronics.smartphone,meizu,231.41,512484704,a13f1a1a-8613-4cf1-bf24-cace5e602410,$200-500
2019-11-06 17:52:03+00:00,purchase,12703300,,unknown,cordiant,64.35,533587415,7c7aeb39-eab6-4c20-ba47-1dfdb54d1b8b,$50-100
2019-11-06 18:09:20+00:00,purchase,1004839,,electronics.smartphone,oppo,167.06,535742999,7550bcba-0e73-4ae1-beef-0202ef9375b6,$100-200
2019-11-06 18:14:23+00:00,purchase,2500566,,appliances.kitchen.oven,asel,43.73,515939987,1734e3fc-568d-415f-927a-aabb4307aaef,<$50
2019-11-06 18:28:40+00:00,purchase,5801492,,electronics.audio.subwoofer,,37.32,546176052,ee96a642-cfa1-4dac-a2ce-ab5ad48312cd,<$50
2019-11-06 18:29:19+00:00,purchase,26025642,,unknown,,1.93,518753772,58acb0bc-1eb7-4447-a84b-e41f9b21748e,<$50
2019-11-06 18:36:07+00:00,purchase,22700940,,unknown,gross,290.98,529170922,95b63ff7-efaa-48ab-be7b-056479469600,$200-500
2019-11-06 19:17:56+00:00,purchase,5300278,,unknown,rowenta,75.91,515122777,7d37641f-09e0-4aa1-acdf-8ca6f1377741,$50-100
2019-11-06 19:33:09+00:00,purchase,1004856,,electronics.smartphone,samsung,131.66,551287127,c2d68c09-a1dd-4474-a89f-286ca18d2f69,$100-200
2019-11-06 20:37:08+00:00,purchase,2900837,,appliances.kitchen.microwave,,102.94,512413191,d0782951-9e75-4a14-b35e-27842ac67c45,$100-200
2019-11-06 22:08:51+00:00,purchase,1004856,,electronics.smartphone,samsung,131.66,563289234,611c32ca-95f9-4917-86df-5f7f082725e2,$100-200
2019-11-06 22:11:55+00:00,purchase,1004858,,electronics.smartphone,samsung,131.66,563289234,611c32ca-95f9-4917-86df-5f7f082725e2,$100-200
2019-11-06 22:14:28+00:00,purchase,1004209,,electronics.smartphone,samsung,89.26,563289234,611c32ca-95f9-4917-86df-5f7f082725e2,$50-100
2019-11-06 22:18:58+00:00,purchase,26200939,,unknown,lucente,102.71,563289234,d3c6c63e-b7c9-43f4-a20d-c6d46c2dc992,$100-200
2019-11-06 22:20:04+00:00,purchase,28718453,,apparel.shoes.keds,strobbs,64.61,563289234,d3c6c63e-b7c9-43f4-a20d-c6d46c2dc992,$50-100
2019-11-07 01:36:21+00:00,purchase,2701880,,appliances.kitchen.refrigerators,beko,264.19,518838140,1c53a973-dfb4-4b17-ac42-c83a5ff6d397,$200-500
2019-11-07 02:42:22+00:00,purchase,3300317,,unknown,vitek,58.95,559833148,400d5e7f-184b-4d98-9551-064d6c3b1ca2,$50-100
2019-11-07 03:02:33+00:00,purchase,1004873,,electronics.smartphone,samsung,361.3,514713699,3c03320b-ed68-41ef-9758-8fcbf402c14e,$200-500
2019-11-07 04:14:14+00:00,purchase,7600294,,unknown,tp-link,118.66,512869020,d8d60a16-7a55-4485-8049-acf6094fd323,$100-200
2019-11-07 04:23:22+00:00,purchase,12700705,,unknown,matador,61.01,527745947,ba503940-d9ef-4925-8475-68a8e0806378,$50-100
2019-11-07 04:33:13+00:00,purchase,12703015,,unknown,cordiant,42.99,513683849,bae04ed2-33b8-4f46-a104-655d3375b604,<$50
2019-11-07 04:49:05+00:00,purchase,3300317,,unknown,vitek,58.95,559833148,da6d1642-b42d-42b6-a0b3-a5416f084910,$50-100
2019-11-07 04:59:50+00:00,purchase,5801235,,electronics.audio.subwoofer,pride,122.27,542890569,28a41fc7-3f6c-4169-9bc4-71223dcceaa2,$100-200
2019-11-07 05:00:51+00:00,purchase,5801235,,electronics.audio.subwoofer,pride,122.27,542890569,28a41fc7-3f6c-4169-9bc4-71223dcceaa2,$100-200
2019-11-07 05:04:31+00:00,purchase,5801235,,electronics.audio.subwoofer,pride,122.27,542890569,3f2630d1-bf30-4c27-b2f0-c7fd2a97c470,$100-200
2019-11-07 05:06:16+00:00,purchase,10701101,,unknown,ea,73.62,512712552,645ec070-5a1b-4ea2-95e1-84a1cc42f9bd,$50-100
2019-11-07 05:26:48+00:00,purchase,3600163,,appliances.kitchen.washer,indesit,185.33,561404951,17cd45ab-b123-40c0-b7d6-b1faf9dcb5a2,$100-200
2019-11-07 05:46:07+00:00,purchase,1801772,,electronics.video.tv,changhong,359.59,517047852,f08dbd75-e5e8-408c-97c1-ab55405d3b13,$200-500
2019-11-07 05:53:09+00:00,purchase,12718062,,unknown,,32.43,515876757,84e1c836-5a3e-4b0e-969b-872dbf3145a1,<$50
2019-11-07 05:59:40+00:00,purchase,11800010,,unknown,,3.86,512514624,8d8ac43f-e641-8600-4b37-94dbd61f4b5b,<$50
2019-11-07 06:14:03+00:00,purchase,1005006,,electronics.smartphone,xiaomi,85.84,559353365,eaeef2bd-e144-4609-85df-1ea2e2724445,$50-100
2019-11-07 06:16:18+00:00,purchase,1005006,,electronics.smartphone,xiaomi,85.84,559353365,eaeef2bd-e144-4609-85df-1ea2e2724445,$50-100
2019-11-07 06:40:41+00:00,purchase,11400046,,unknown,continent,4.86,550018518,a461705d-5557-3791-02f0-434e57f77ba0,<$50
2019-11-07 07:19:13+00:00,purchase,12718062,,unknown,,32.43,515876757,1e785542-3909-47b6-aa21-6c06d8dd4ae7,<$50
2019-11-07 07:36:47+00:00,purchase,2900958,,appliances.kitchen.microwave,arg,56.6,557058565,c7b756b7-6572-4b65-9dd8-818102b870a7,$50-100
2019-11-07 07:59:01+00:00,purchase,12706780,,unknown,nokian,41.44,514675270,737490c7-db19-4171-b63d-a854735fbe7c,<$50
2019-11-07 07:59:08+00:00,purchase,1005104,,electronics.smartphone,apple,990.89,564621985,03d6ea3e-b276-4fbc-bcc7-2792a13827ba,$500-1000
2019-11-07 08:17:48+00:00,purchase,12718277,,unknown,,33.33,515876757,64067bd3-7cd7-41a0-aaba-bec486506c0e,<$50
2019-11-07 08:26:50+00:00,purchase,12718781,,unknown,,41.19,514675270,6e756837-98fa-481e-a3bd-6cd722b150f3,<$50
2019-11-07 08:37:47+00:00,purchase,1003310,,electronics.smartphone,apple,746.07,515832881,985116b8-223c-41df-b05c-678a19753a3d,$500-1000
2019-11-07 08:45:33+00:00,purchase,1004211,,electronics.smartphone,samsung,99.87,548007785,e055faf6-4a9a-4f42-8bfd-e7f96685c282,$50-100
2019-11-07 09:01:16+00:00,purchase,1003304,,electronics.smartphone,apple,591.78,515832881,aad069bb-b123-4657-9d32-dc196d8c23c0,$500-1000
2019-11-07 09:21:24+00:00,purchase,1004781,,electronics.smartphone,huawei,269.25,525159645,d7615b8d-26e2-44d9-bed3-e2b2a898b162,$200-500
2019-11-07 09:24:21+00:00,purchase,3600163,,appliances.kitchen.washer,indesit,185.33,522212308,f4d19846-b860-43f2-9b85-3c8570a05d8d,$100-200
2019-11-07 09:36:26+00:00,purchase,12713435,,unknown,tunga,34.24,523118475,0e2db5ab-788d-4b91-8092-79e3364188b8,<$50
2019-11-07 09:48:10+00:00,purchase,1004903,,electronics.smartphone,huawei,120.96,515827604,cfa244e1-f0fb-41e2-9f97-b22f4de0e6f1,$100-200
2019-11-07 10:08:27+00:00,purchase,5801235,,electronics.audio.subwoofer,pride,122.27,542890569,e6bf28cc-6875-446e-aa31-decf11b292fd,$100-200
2019-11-07 10:08:57+00:00,purchase,3601448,,appliances.kitchen.washer,lg,463.07,529674026,07bbcdbc-e85a-4fbe-9d06-7c7bf07db284,$200-500
2019-11-07 10:26:53+00:00,purchase,1004856,,electronics.smartphone,samsung,131.66,563289234,307bddef-6245-47b8-a874-fa6df6408677,$100-200
2019-11-07 10:28:02+00:00,purchase,1004856,,electronics.smartphone,samsung,131.66,563289234,307bddef-6245-47b8-a874-fa6df6408677,$100-200
2019-11-07 10:34:28+00:00,purchase,26402272,,unknown,efremov,165.77,525013372,918f2404-5ef0-47d9-b8b3-ddc76af60173,$100-200
2019-11-07 10:45:42+00:00,purchase,4804056,,electronics.audio.headphone,apple,160.36,522835473,fea761bb-d1c0-4f0e-8798-6a30bae8e624,$100-200
2019-11-07 11:10:23+00:00,purchase,5800140,,electronics.audio.subwoofer,sony,44.79,515788902,75afcf1e-b9fe-4453-8404-6ae178997191,<$50
2019-11-07 12:27:08+00:00,purchase,1004249,,electronics.smartphone,apple,740.01,519504605,26815dfe-3229-4e77-8853-faa90926a890,$500-1000
2019-11-07 12:32:26+00:00,purchase,1004741,,electronics.smartphone,xiaomi,193.59,519504605,26815dfe-3229-4e77-8853-faa90926a890,$100-200
2019-11-07 12:32:30+00:00,purchase,15700046,,unknown,brw,347.5,564922221,81d304e0-ed5b-4045-ad4c-1c61cd8b858d,$200-500
2019-11-07 12:44:24+00:00,purchase,1002547,,electronics.smartphone,apple,500.63,520839948,fd222a5d-a818-40fe-ac7b-59d511de22bc,$500-1000
2019-11-07 12:49:20+00:00,purchase,1004856,,electronics.smartphone,samsung,131.01,564613716,5bd25527-dafc-4df6-9c92-1784ecaa71a9,$100-200
2019-11-07 12:50:28+00:00,purchase,1004856,,electronics.smartphone,samsung,131.01,564613716,5bd25527-dafc-4df6-9c92-1784ecaa71a9,$100-200
2019-11-07 12:53:20+00:00,purchase,12709427,,unknown,triangle,74.39,516871119,b3033aae-a70b-2e10-dcd9-f71e3c812951,$50-100
2019-11-07 12:56:35+00:00,purchase,1004785,,electronics.smartphone,huawei,265.64,562738894,cb5eacf9-e6da-4ceb-a19c-094e3015dbe9,$200-500
2019-11-07 13:07:11+00:00,purchase,1005014,,electronics.smartphone,samsung,497.27,553712487,5e33f8f0-45ac-47b7-b7b1-eac117d04556,$200-500
2019-11-07 13:15:32+00:00,purchase,1005115,,electronics.smartphone,apple,915.31,515334228,637f1736-9fa0-4f29-b146-da4345b2b9e5,$500-1000
2019-11-07 13:18:26+00:00,purchase,31500231,,unknown,luminarc,46.3,535567355,8babe964-7fad-4803-90db-ab366415c7b4,<$50
2019-11-07 13:31:29+00:00,purchase,1004139,,electronics.smartphone,xiaomi,102.16,535567355,a3d1d549-c25c-4bc8-8fd9-604a46ff9fee,$100-200
2019-11-07 13:46:50+00:00,purchase,4804295,,electronics.audio.headphone,xiaomi,22.64,535567355,a3d1d549-c25c-4bc8-8fd9-604a46ff9fee,<$50
2019-11-07 13:55:09+00:00,purchase,1004887,,electronics.smartphone,oppo,141.32,535567355,a3d1d549-c25c-4bc8-8fd9-604a46ff9fee,$100-200
2019-11-07 13:58:19+00:00,purchase,1004903,,electronics.smartphone,huawei,113.18,535567355,a3d1d549-c25c-4bc8-8fd9-604a46ff9fee,$100-200
2019-11-07 13:59:02+00:00,purchase,12706221,,unknown,nitto,92.67,516441604,9d5d028f-8c49-4061-a0b6-4406d8162fed,$50-100
2019-11-07 14:00:13+00:00,purchase,1004139,,electronics.smartphone,xiaomi,102.16,535567355,a3d1d549-c25c-4bc8-8fd9-604a46ff9fee,$100-200
2019-11-07 14:24:24+00:00,purchase,17500908,,unknown,bourjois,12.07,557298307,dcca8e01-cc42-4ab2-828b-edeae19393af,<$50
2019-11-07 14:30:03+00:00,purchase,50900144,,unknown,elite,5.63,557298307,dcca8e01-cc42-4ab2-828b-edeae19393af,<$50
2019-11-07 14:37:51+00:00,purchase,17600841,,unknown,vichy,27.67,557298307,dcca8e01-cc42-4ab2-828b-edeae19393af,<$50
2019-11-07 15:13:16+00:00,purchase,5300481,,unknown,vitek,19.82,560167893,38f7a2ea-ec79-4f35-b4b4-e562e096d63c,<$50
2019-11-07 15:37:48+00:00,purchase,12713435,,unknown,tunga,34.24,520574062,ed9f8108-0b63-4d89-a044-4de2a2e1c52a,<$50
2019-11-07 16:08:50+00:00,purchase,10501505,,unknown,,14.49,559788788,dd4698c6-c55e-460e-babf-b293f36b832a,<$50
2019-11-07 16:29:00+00:00,purchase,12702573,,unknown,continental,101.93,516849874,6ed82050-cfd5-4f45-9358-db0384aa0af0,$100-200
2019-11-07 16:40:09+00:00,purchase,3600182,,appliances.kitchen.washer,midea,120.96,520245487,ac205c13-98fb-4e59-9fb5-413dedfcb403,$100-200
2019-11-07 17:22:10+00:00,purchase,4100156,,unknown,nintendo,360.34,512396246,b23db858-665b-449e-a89d-5bdd451428b2,$200-500
2019-11-07 17:22:59+00:00,purchase,10700745,,unknown,ubisoft,38.59,512712552,251155a9-cec2-4e35-b97d-b62c40eaac7c,<$50
2019-11-07 18:45:00+00:00,purchase,12709941,,unknown,yokohama,87.26,515115231,e6dca580-7c1d-4aa0-b330-6cf625771134,$50-100
2019-11-07 18:48:28+00:00,purchase,12709941,,unknown,yokohama,87.26,515115231,e2e6c6db-434e-44e7-9e1d-3a38a7e755d8,$50-100
2019-11-07 19:24:45+00:00,purchase,26200585,,unknown,,289.84,535100727,575505a5-b363-40ab-af78-a9aa2673e6b3,$200-500
2019-11-07 19:37:32+00:00,purchase,49800005,,accessories.bag,,37.32,512432519,98691d5e-de5a-40ed-97f4-f8a5d99680cc,<$50
2019-11-07 20:00:49+00:00,purchase,1002786,,electronics.smartphone,apple,398.98,524248250,5443e338-32f4-408f-8cf7-28f9f5d2232f,$200-500
2019-11-07 20:59:45+00:00,purchase,1004839,,electronics.smartphone,oppo,154.42,512748208,23700354-07ab-4514-b6f3-2955f1024ce3,$100-200
2019-11-07 21:05:45+00:00,purchase,1004870,,electronics.smartphone,samsung,267.42,513605862,2084b374-cff5-4da2-929a-7a3ffaf9a64a,$200-500
2019-11-07 22:52:38+00:00,purchase,19700095,,unknown,,11.36,537328612,be6c4461-42de-45ef-8f38-4103d1608022,<$50
2019-11-08 00:36:32+00:00,purchase,1004785,,electronics.smartphone,huawei,265.64,551740013,c338fbd6-9a24-48a5-b9b4-7242035c74c1,$200-500
2019-11-08 00:39:54+00:00,purchase,1005159,,electronics.smartphone,xiaomi,205.62,551740013,c338fbd6-9a24-48a5-b9b4-7242035c74c1,$200-500
2019-11-08 02:32:46+00:00,purchase,1005168,,electronics.smartphone,samsung,212.49,545256701,5a18ce09-f5e7-4817-9817-8653a6cb9c7d,$200-500
2019-11-08 02:34:46+00:00,purchase,4100346,,unknown,sony,394.04,515409334,65f14a60-77b4-42df-9dd1-d94c038ac59c,$200-500
2019-11-08 02:57:15+00:00,purchase,1005159,,electronics.smartphone,xiaomi,205.62,551740013,b9d04b86-01f0-4924-9792-2ea6d51096f9,$200-500
2019-11-08 03:09:20+00:00,purchase,26018626,,unknown,,4.01,513989287,29fe3e40-02b6-4995-b21e-f86cd6e9e04e,<$50
2019-11-08 03:51:33+00:00,purchase,26800031,,unknown,genau,308.61,533799459,04d059ae-1b2d-419a-93b1-5e57d8149329,$200-500
2019-11-08 03:55:20+00:00,purchase,1005129,,electronics.smartphone,apple,1300.9,548451015,e13bcd7b-5d10-4bde-8344-185925a3534b,>$1000
2019-11-08 04:01:47+00:00,purchase,1801881,,electronics.video.tv,samsung,488.82,519271227,040f5829-bff2-4e4d-b156-3bc58d201395,$200-500
2019-11-08 04:06:55+00:00,purchase,4804056,,electronics.audio.headphone,apple,169.62,545107316,8b6427fd-2150-442c-b463-a89f4db018bc,$100-200
2019-11-08 04:18:01+00:00,purchase,2800433,,appliances.kitchen.refrigerators,haier,283.12,562231661,e9307391-f755-406d-a01b-0a7a1205832d,$200-500
2019-11-08 04:46:27+00:00,purchase,27400032,,unknown,xiaomi,60.49,525623775,bb2e112f-5dbe-4066-960a-d3e78522e2be,$50-100
2019-11-08 04:51:19+00:00,purchase,1004767,,electronics.smartphone,samsung,240.38,563239244,d83220bd-7555-4caa-81a5-dc21d2828360,$200-500
2019-11-08 05:12:33+00:00,purchase,26401863,,unknown,sokolov,45.95,513607627,25b2e0b4-dd2d-4ceb-9db3-78615b47a92a,<$50
2019-11-08 05:27:31+00:00,purchase,1801881,,electronics.video.tv,samsung,488.82,519271227,3af7fbc5-567b-4c4e-ae14-c1d9919502eb,$200-500
2019-11-08 06:16:01+00:00,purchase,1801690,,electronics.video.tv,samsung,381.74,512830805,edf1fd77-2b35-4bc8-9203-5c5c092b3d03,$200-500
2019-11-08 06:58:05+00:00,purchase,4804056,,electronics.audio.headphone,apple,159.91,512803922,212cb76d-24ce-4485-b97d-5c3a65b6924a,$100-200
2019-11-08 07:02:32+00:00,purchase,4804056,,electronics.audio.headphone,apple,159.91,512803922,212cb76d-24ce-4485-b97d-5c3a65b6924a,$100-200
2019-11-08 07:25:15+00:00,purchase,26800031,,unknown,genau,308.61,533799459,cfbff109-53e4-4a43-ac5c-ccbc3335a37b,$200-500
2019-11-08 07:26:41+00:00,purchase,1004246,,electronics.smartphone,apple,728.81,517554556,3e8cf19d-5d1a-41db-aaef-cc6fb419268d,$500-1000
2019-11-08 07:43:18+00:00,purchase,1004259,,electronics.smartphone,apple,776.74,532208411,8b3d1d1d-00fa-4b53-ae2f-038b089c75ec,$500-1000
2019-11-08 07:51:52+00:00,purchase,4804056,,electronics.audio.headphone,apple,159.91,512803922,f0ea3851-3e5e-4c71-81f8-c53b2c8ff4f6,$100-200
2019-11-08 07:58:21+00:00,purchase,4804056,,electronics.audio.headphone,apple,159.91,512803922,e58d4b20-16ac-4bc4-926f-57b7399b8fa5,$100-200
2019-11-08 07:58:31+00:00,purchase,26401462,,unknown,lucente,124.07,563719408,2c5a7329-305a-475c-8ab3-c5690caf5168,$100-200
2019-11-08 08:08:31+00:00,purchase,5100563,,electronics.clocks,samsung,255.27,555183234,51250a36-08ad-470f-8beb-dd1bafb2b1c3,$200-500
2019-11-08 08:11:31+00:00,purchase,26300163,,unknown,,269.57,517461958,137ad246-263f-4fe4-96e9-7261c53c7ea2,$200-500
2019-11-08 08:15:42+00:00,purchase,4804056,,electronics.audio.headphone,apple,159.91,512803922,02c320e5-24c9-4372-b75c-9cf27cbe6b57,$100-200
2019-11-08 08:18:58+00:00,purchase,26300086,,unknown,lucente,241.71,541419038,0f8f5c48-1a50-4ddc-92e9-c668ce18b2ad,$200-500
2019-11-08 08:40:43+00:00,purchase,12718009,,unknown,pirelli,91.89,562142501,d3e1e1ba-8778-4cb7-a51d-5fd16df2f606,$50-100
2019-11-08 08:44:16+00:00,purchase,4804056,,electronics.audio.headphone,apple,159.91,512803922,4b7c2099-7369-47a3-a4bd-d14769139f7f,$100-200
2019-11-08 08:47:13+00:00,purchase,4804056,,electronics.audio.headphone,apple,159.91,512803922,6f85cbef-3395-4715-99f9-58055e358001,$100-200
2019-11-08 08:49:36+00:00,purchase,1004209,,electronics.smartphone,samsung,88.29,548007785,1f4c8804-5117-4b88-9dd9-9d594be7e83d,$50-100
2019-11-08 08:56:26+00:00,purchase,2402553,,appliances.kitchen.hood,turboair,51.46,553493863,f91318f5-13b7-46c7-b5f4-748f95d94211,$50-100
2019-11-08 08:56:29+00:00,purchase,1005115,,electronics.smartphone,apple,915.08,557431505,6cde54b4-12ef-4ec7-a36b-69b2c878bd93,$500-1000
2019-11-08 09:04:06+00:00,purchase,5100816,,unknown,xiaomi,30.31,557839103,739ef295-40cf-4bb9-91a0-227212eb6866,<$50
2019-11-08 09:23:55+00:00,purchase,1004246,,electronics.smartphone,apple,728.81,517554556,569507e9-1225-4cad-b977-9d9283db8862,$500-1000
2019-11-08 09:33:10+00:00,purchase,1003306,,electronics.smartphone,apple,573.88,517554556,569507e9-1225-4cad-b977-9d9283db8862,$500-1000
2019-11-08 09:43:16+00:00,purchase,3100909,,appliances.kitchen.blender,vitek,33.44,547577735,b4c799e6-60db-4e86-b426-80f7bb44b5e9,<$50
2019-11-08 09:53:22+00:00,purchase,1005003,,electronics.smartphone,huawei,244.25,547577735,da0f3217-608f-46ae-b8a1-08209cdc76f3,$200-500
2019-11-08 09:57:19+00:00,purchase,1005003,,electronics.smartphone,huawei,244.25,547577735,0f71ebbe-1b9d-4d43-afa2-c7b6ecc4dfa2,$200-500
2019-11-08 10:01:20+00:00,purchase,26300163,,unknown,,269.57,517461958,d7db7008-0435-4f0c-bcde-e77860518a76,$200-500
2019-11-08 10:01:35+00:00,purchase,1004565,,electronics.smartphone,huawei,166.01,547577735,0f71ebbe-1b9d-4d43-afa2-c7b6ecc4dfa2,$100-200
2019-11-08 10:17:22+00:00,purchase,1004246,,electronics.smartphone,apple,728.81,564621985,89535e8a-f29a-4eba-8181-87bce8129e79,$500-1000
2019-11-08 10:23:47+00:00,purchase,1005182,,electronics.smartphone,samsung,1029.34,517899381,41895813-4ca4-4622-acab-392151468836,>$1000
2019-11-08 10:34:35+00:00,purchase,26404594,,unknown,,422.92,564427758,482893bd-f0cd-4697-9c8f-fb66582e8adf,$200-500
2019-11-08 10:53:35+00:00,purchase,4804056,,electronics.audio.headphone,apple,159.91,512803922,a146944a-a67b-49c0-b48e-d40b18a0e96a,$100-200
2019-11-08 11:09:22+00:00,purchase,3601603,,appliances.kitchen.washer,lg,373.21,559833090,724397d4-6a59-4b44-92ac-edce8afa5018,$200-500
2019-11-08 11:15:53+00:00,purchase,3601603,,appliances.kitchen.washer,lg,373.21,559833090,724397d4-6a59-4b44-92ac-edce8afa5018,$200-500
2019-11-08 11:18:27+00:00,purchase,1003934,,electronics.smartphone,lg,344.9,562267155,9da691f1-124e-4b65-a143-35cc698ea280,$200-500
2019-11-08 11:59:30+00:00,purchase,17300817,,unknown,,27.91,542926252,e809dba0-3755-48e3-b5ea-a644882cc302,<$50
2019-11-08 12:17:55+00:00,purchase,26900092,,sport.trainer,sportelite,288.27,514615279,fd4a3874-df0c-41b9-8d80-fa34c2a258e7,$200-500
2019-11-08 12:39:56+00:00,purchase,1004856,,electronics.smartphone,samsung,128.41,521615431,70d30871-b2bf-46af-b6c7-02d1a612d686,$100-200
2019-11-08 13:25:07+00:00,purchase,4804056,,electronics.audio.headphone,apple,159.91,512803922,dcd7aeba-39da-4453-8875-d1cd1800f21a,$100-200
2019-11-08 13:54:23+00:00,purchase,1004857,,electronics.smartphone,samsung,128.39,525889879,346c0829-1f6b-a018-40f2-e2ec375be1c5,$100-200
2019-11-08 13:54:59+00:00,purchase,1005105,,electronics.smartphone,apple,1335.66,527807814,8058c13f-b604-4e7e-b5d1-b1e4592c3232,>$1000
2019-11-08 13:56:43+00:00,purchase,1005116,,electronics.smartphone,apple,980.21,527807814,8058c13f-b604-4e7e-b5d1-b1e4592c3232,$500-1000
2019-11-08 13:58:08+00:00,purchase,1005115,,electronics.smartphone,apple,915.08,527807814,8058c13f-b604-4e7e-b5d1-b1e4592c3232,$500-1000
2019-11-08 14:11:23+00:00,purchase,1004873,,electronics.smartphone,samsung,359.79,513010527,d0f134ec-3aa5-4b02-8732-e8d14ebcc114,$200-500
2019-11-08 14:12:43+00:00,purchase,5100816,,unknown,xiaomi,30.31,547577735,e2ab8a8c-5667-4e64-b6d1-3314b533291f,<$50
2019-11-08 14:35:01+00:00,purchase,28100993,,unknown,,99.1,529018215,9ff9e1c1-fdf5-4feb-bdb7-71b825a866b9,$50-100
2019-11-08 15:01:20+00:00,purchase,5000475,,appliances.sewing_machine,janome,169.86,513478848,079761a2-0a07-476e-9fa3-e8739373b52e,$100-200
2019-11-08 15:09:28+00:00,purchase,1005159,,electronics.smartphone,xiaomi,205.61,551740013,8c5792b9-260c-40a5-b3de-0457ecdc2c47,$200-500
2019-11-08 15:35:14+00:00,purchase,1004246,,electronics.smartphone,apple,728.81,564621985,57189fbd-3379-495e-ac36-3d0ff015f5a5,$500-1000
2019-11-08 15:39:06+00:00,purchase,1004839,,electronics.smartphone,oppo,154.42,540730882,94d2dc5e-733c-4af6-a8b7-6eebf675a995,$100-200
2019-11-08 15:57:00+00:00,purchase,1003310,,electronics.smartphone,apple,715.96,515832881,77cc9a56-3705-445c-bdff-5e0d31095f53,$500-1000
2019-11-08 15:58:56+00:00,purchase,4804250,,electronics.audio.headphone,harper,25.46,514499775,0217a053-2982-4508-b528-ec83ef7dd85c,<$50
2019-11-08 16:48:25+00:00,purchase,1307454,,computers.notebook,asus,514.79,559436394,62dad1f7-5eed-4837-af07-34105954af7e,$500-1000
2019-11-08 17:40:40+00:00,purchase,26300084,,unknown,lucente,510.18,527408778,636bfde0-89d7-42eb-955d-d22bd826aa83,$500-1000
2019-11-08 17:42:20+00:00,purchase,15500265,,unknown,flight,105.54,546367892,1f0e85a3-509d-4f4b-8b24-f2d5a6fbe257,$100-200
2019-11-08 18:37:33+00:00,purchase,1005173,,electronics.smartphone,samsung,643.23,560272816,d9a10279-a57d-41d6-bff5-1c0fad0ebbde,$500-1000
2019-11-08 18:48:47+00:00,purchase,1802068,,electronics.video.tv,philips,244.51,547151454,88369fc7-98a9-4c98-8d2a-89deec2e2006,$200-500
2019-11-08 19:42:13+00:00,purchase,1201496,,electronics.tablet,prestigio,56.37,519543524,f99e6d0c-6f36-40a4-8671-9376bfc8c8c8,$50-100
2019-11-08 19:54:04+00:00,purchase,1801854,,electronics.video.tv,samsung,1043.53,518652842,4bd80c8f-c8f0-4868-a790-432930d3bb8e,>$1000
2019-11-08 20:29:04+00:00,purchase,5300157,,unknown,philips,38.59,523100448,caa75cbc-d27b-409d-a6b9-283cd31ca99d,<$50
2019-11-08 21:45:19+00:00,purchase,12703015,,unknown,cordiant,46.64,548122906,760e37fb-0fb3-4750-90d4-e5c5453559a4,<$50
2019-11-08 21:47:19+00:00,purchase,12718062,,unknown,,32.43,548122906,760e37fb-0fb3-4750-90d4-e5c5453559a4,<$50
2019-11-09 00:24:18+00:00,purchase,1004856,,electronics.smartphone,samsung,128.41,559673568,88f801c5-552c-4032-9f4b-dbd13ccf51fc,$100-200
2019-11-09 02:13:43+00:00,purchase,1004250,,electronics.smartphone,apple,814.56,533335907,ff7841b7-7a93-4885-967d-0d1f86773090,$500-1000
2019-11-09 03:16:25+00:00,purchase,26500135,,unknown,lucente,88.03,565252961,1766e2fd-0171-44a7-919a-0c15602d1721,$50-100
2019-11-09 03:28:38+00:00,purchase,12712074,,unknown,powertrac,37.32,559988340,3d41ea0b-95af-47b8-9aba-5be5d906c326,<$50
2019-11-09 04:10:57+00:00,purchase,4803977,,electronics.audio.headphone,samsung,106.62,521828922,f037139e-1124-4fc9-ad90-1299bbe9ea89,$100-200
2019-11-09 04:15:54+00:00,purchase,26300332,,unknown,,361.82,517461958,948b1db7-0b79-460e-b516-237cceeca88b,$200-500
2019-11-09 04:17:12+00:00,purchase,4100228,,unknown,sony,521.75,513793803,2a57f1cf-9d5c-4c79-9064-b0e54fe3d661,$500-1000
2019-11-09 04:20:29+00:00,purchase,10701101,,unknown,ea,70.3,513793803,2a57f1cf-9d5c-4c79-9064-b0e54fe3d661,$50-100
2019-11-09 05:00:55+00:00,purchase,4804409,,electronics.audio.headphone,elari,62.91,519486278,3407064d-6aca-4624-90dc-c9c426fac001,$50-100
2019-11-09 05:01:53+00:00,purchase,4804409,,electronics.audio.headphone,elari,62.91,519486278,6deecbe0-c774-4b3c-b1d0-c549fd185022,$50-100
2019-11-09 05:07:13+00:00,purchase,1004838,,electronics.smartphone,oppo,154.42,513169311,f1e3c6c4-12a5-4b9c-8fd3-5e599d7704d4,$100-200
2019-11-09 05:07:55+00:00,purchase,40900042,,construction.tools.painting,,39.64,514303670,88d84000-1622-4ec9-8668-846acb34b20e,<$50
2019-11-09 05:15:16+00:00,purchase,5100816,,unknown,xiaomi,30.31,547577735,9741d418-a00a-447b-82a4-d7a1a21157a8,<$50
2019-11-09 05:24:41+00:00,purchase,4802986,,electronics.audio.headphone,samsung,56.46,560132689,285bd01c-fd8f-4736-b26b-ce2ffe53b6b6,$50-100
2019-11-09 05:28:27+00:00,purchase,5100802,,unknown,canyon,17.73,530286130,03adfac0-9b47-4a17-88f5-4e8fe24ce6f3,<$50
2019-11-09 05:35:26+00:00,purchase,1004856,,electronics.smartphone,samsung,128.41,519278851,12d6c164-25e6-4927-b4aa-a1805c69c625,$100-200
2019-11-09 06:05:29+00:00,purchase,28720778,,apparel.shoes,,127.42,519278851,1b6c6551-122d-4ca1-a170-5d3cdad85dfc,$100-200
2019-11-09 06:23:31+00:00,purchase,1801860,,electronics.video.tv,kivi,192.8,513008933,95bbfd90-4c7c-4b5d-b2a9-83b0f93f7e7f,$100-200
2019-11-09 06:26:56+00:00,purchase,7006302,,kids.carriage,wingoffly,123.45,512717308,8ac447bd-9bcc-4997-a643-4ee555c5241c,$100-200
2019-11-09 06:27:17+00:00,purchase,12709470,,unknown,matador,43.24,515778941,4921abb3-eeae-4e3a-aa22-698f4cf4a624,<$50
2019-11-09 06:42:27+00:00,purchase,16300114,,unknown,,46.85,518474793,c9da1d88-8ffc-4db8-b96c-376298d7ea07,<$50
2019-11-09 06:49:33+00:00,purchase,10900306,,appliances.kitchen.mixer,elenberg,12.84,543821103,7c7daaaa-a506-4f64-902d-4ca51829c64d,<$50
2019-11-09 07:18:49+00:00,purchase,26405223,,unknown,merelani,25.74,548710896,44bd570a-fb2c-45fd-ac62-a4c01525a1aa,<$50
2019-11-09 07:20:28+00:00,purchase,26403965,,unknown,aquamarine,29.09,548710896,44bd570a-fb2c-45fd-ac62-a4c01525a1aa,<$50
2019-11-09 07:36:36+00:00,purchase,12707153,,unknown,,32.69,519660033,2895704e-7e51-450b-96f0-ef4518029885,<$50
2019-11-09 08:00:26+00:00,purchase,1005104,,electronics.smartphone,apple,972.38,539125022,893efa54-e267-4ca5-80f3-90eb9f6fedb2,$500-1000
2019-11-09 08:03:14+00:00,purchase,1004833,,electronics.smartphone,samsung,169.92,519543524,1f256d7f-65aa-4ee3-a7c1-9b9ad9bbefeb,$100-200
2019-11-09 08:04:04+00:00,purchase,4804055,,electronics.audio.headphone,apple,192.05,532950549,bea76c16-15f0-4903-8116-69a2642236d8,$100-200
2019-11-09 08:12:10+00:00,purchase,10900395,,appliances.kitchen.mixer,kitfort,137.33,516212098,e1881bd6-d15c-4f33-aece-6e0e7f699278,$100-200
2019-11-09 08:19:59+00:00,purchase,17300751,,unknown,versace,57.31,553495087,a8c6d3e4-f111-401d-80a1-dfcf3dd7dabe,$50-100
2019-11-09 08:22:19+00:00,purchase,1004872,,electronics.smartphone,samsung,267.0,514700155,e138f9c9-2c18-45c1-b3f6-bde1009badcd,$200-500
2019-11-09 08:33:43+00:00,purchase,7900244,,furniture.kitchen.chair,,25.71,549743696,09c296c8-f244-41b7-9cf1-5f16ca944837,<$50
2019-11-09 08:46:50+00:00,purchase,1004834,,electronics.smartphone,samsung,170.13,538437301,6cfc9058-4ca2-492e-8358-af9b5f735aaf,$100-200
2019-11-09 08:56:35+00:00,purchase,1005115,,electronics.smartphone,apple,914.73,545929980,08e0712d-97ae-4bf5-9675-5cbc58aa646e,$500-1000
2019-11-09 09:04:43+00:00,purchase,15100147,,unknown,lider,437.31,546703698,e634c123-3e3e-4ed4-a9e6-3be763d9330e,$200-500
2019-11-09 09:15:13+00:00,purchase,4803186,,electronics.audio.headphone,harper,25.71,552463824,1b2052a0-3e95-4984-9ce2-7ed6cf0ce684,<$50
2019-11-09 09:38:18+00:00,purchase,4804056,,electronics.audio.headphone,apple,159.87,513199186,d5e59a67-409e-4d8b-9fef-adf1f7db7105,$100-200
2019-11-09 09:45:39+00:00,purchase,1004856,,electronics.smartphone,samsung,127.72,543584771,326bc2dd-0203-4f34-8035-c810f2da1841,$100-200
2019-11-09 09:50:42+00:00,purchase,1004750,,electronics.smartphone,samsung,194.74,517326472,647c7879-ba75-48da-b838-0f230df5a4cc,$100-200
2019-11-09 10:05:08+00:00,purchase,4804056,,electronics.audio.headphone,apple,159.87,512803922,f6f6d109-8608-4419-86e6-7cbe2e24e5e6,$100-200
2019-11-09 10:18:58+00:00,purchase,1004582,,electronics.smartphone,meizu,128.45,532111369,9b320e6e-9f1c-4a23-a65e-79be7b1eaec9,$100-200
2019-11-09 10:28:32+00:00,purchase,26400328,,unknown,lucente,171.18,531251311,a8c4cd3e-bbcd-40ea-a1a9-8f806c950506,$100-200
2019-11-09 10:30:48+00:00,purchase,1004856,,electronics.smartphone,samsung,127.72,546367892,dd880698-65c9-47ee-8121-d6cd9ebe1516,$100-200
2019-11-09 10:56:05+00:00,purchase,1005118,,electronics.smartphone,apple,970.3,564621985,cf64e73a-e7e3-4675-8ed7-4de029d97383,$500-1000
2019-11-09 11:03:30+00:00,purchase,1500455,,computers.peripherals.printer,hp,268.84,535263589,c0aec1f2-d7c6-4eea-b415-fd6f1650a897,$200-500
2019-11-09 11:22:01+00:00,purchase,1004582,,electronics.smartphone,meizu,128.45,532111369,a022f6f4-9f98-4a10-be81-7e2e6b50e4df,$100-200
2019-11-09 11:52:42+00:00,purchase,12719961,,unknown,kapsen,49.68,519454580,a20d5825-3c89-472c-bfa9-25cd6b684e2a,<$50
2019-11-09 12:02:22+00:00,purchase,1004856,,electronics.smartphone,samsung,127.7,546367892,1f5324a4-073a-4b9c-8c4a-d4d35484f43a,$100-200
2019-11-09 13:03:33+00:00,purchase,1004739,,electronics.smartphone,xiaomi,203.17,513287488,4efab696-f733-4de5-83e9-f2e6049ef295,$200-500
2019-11-09 13:20:15+00:00,purchase,1004903,,electronics.smartphone,huawei,113.15,535567355,c356c223-c665-4556-a9d0-539070bc9759,$100-200
2019-11-09 13:23:18+00:00,purchase,1005159,,electronics.smartphone,xiaomi,205.4,551740013,94d70173-4372-4d56-9da1-509083b51b54,$200-500
2019-11-09 13:48:11+00:00,purchase,5100816,,unknown,xiaomi,30.27,558122983,22b86c76-39a3-4991-acca-eb0f58f29964,<$50
2019-11-09 13:53:17+00:00,purchase,12700692,,unknown,matador,35.26,550715342,1fb6589f-a376-4850-ab99-a5fba061d217,<$50
2019-11-09 13:55:29+00:00,purchase,1005177,,electronics.smartphone,samsung,900.64,534510537,f1b1aee0-6783-4137-9cc4-4e04e529603c,$500-1000
2019-11-09 13:55:48+00:00,purchase,15200236,,unknown,akom,66.93,536828819,9d7d68e4-3e92-431e-9b20-3f153b107028,$50-100
2019-11-09 14:04:32+00:00,purchase,1005178,,electronics.smartphone,samsung,900.64,534510537,49e9c454-98b5-494f-9228-3f852cf2e522,$500-1000
2019-11-09 14:20:44+00:00,purchase,4804055,,electronics.audio.headphone,apple,192.04,550324635,0e53ca20-1a25-430a-8492-313a2f7228b4,$100-200
2019-11-09 14:31:37+00:00,purchase,1004856,,electronics.smartphone,samsung,127.7,525921810,e9740310-20df-483c-8564-194ed2ea374d,$100-200
2019-11-09 14:56:19+00:00,purchase,4804055,,electronics.audio.headphone,apple,192.04,529709807,bf8a30fb-2ad3-46e2-8542-dd5d0684eee0,$100-200
2019-11-09 15:31:13+00:00,purchase,1004833,,electronics.smartphone,samsung,169.67,533243502,b3f21bba-0f48-48ba-861b-c62cb3718e28,$100-200
2019-11-09 15:33:07+00:00,purchase,1004565,,electronics.smartphone,huawei,166.1,547577735,ba1333fa-8d24-47d2-adc6-7d368de1afff,$100-200
2019-11-09 15:38:58+00:00,purchase,1200957,,electronics.tablet,samsung,110.99,548007785,23e8757a-5fe1-467c-b279-c13d01080e23,$100-200
2019-11-09 16:04:22+00:00,purchase,3900810,,appliances.environment.water_heater,ariston,113.23,515846667,853d45dd-ba43-4ec6-b957-52b7f16bf5a4,$100-200
2019-11-09 16:25:30+00:00,purchase,28719480,,apparel.shoes,baden,52.0,519278851,8aa7ee58-7f5e-4e33-b582-81b282c01a0d,$50-100
2019-11-09 16:25:54+00:00,purchase,22700067,,unknown,force,83.91,559555130,07db42cf-1ec4-4e99-814b-77a87a673ebe,$50-100
2019-11-09 16:34:14+00:00,purchase,1004875,,electronics.smartphone,samsung,357.24,526876739,a1fb66c1-04ef-4a88-aab5-2eab8e27d3b2,$200-500
2019-11-09 17:05:45+00:00,purchase,1004252,,electronics.smartphone,apple,754.85,526876739,b7cf7081-5e9f-4b80-a821-f3f5c98bafcc,$500-1000
2019-11-09 17:17:01+00:00,purchase,21401210,,electronics.clocks,casio,52.2,516839290,39fa1663-c3a4-4f75-a367-b4c04dcd2100,$50-100
2019-11-09 19:07:00+00:00,purchase,4700478,,auto.accessories.videoregister,sho-me,140.15,519352395,da86c7f4-76c9-4f51-b92b-2e0a81cf683a,$100-200
2019-11-09 19:57:59+00:00,purchase,12709329,,unknown,continental,101.16,526771879,c8c14426-7898-4b01-b204-9e90be737de9,$100-200
2019-11-09 19:59:57+00:00,purchase,12709329,,unknown,continental,101.16,526771879,c8c14426-7898-4b01-b204-9e90be737de9,$100-200
2019-11-09 22:52:23+00:00,purchase,1005161,,electronics.smartphone,xiaomi,204.93,534562420,a58fc19b-c4e3-4608-972d-c21ca33151d4,$200-500
2019-11-10 02:44:13+00:00,purchase,1004582,,electronics.smartphone,meizu,128.45,532111369,37cb8da8-4e4a-4a2a-b9d2-6bc50d1c1cf7,$100-200
2019-11-10 02:59:44+00:00,purchase,15200530,,unknown,westa,61.78,513986841,6ee042e8-95d9-4a7b-b40e-0abd8f991178,$50-100
2019-11-10 03:23:29+00:00,purchase,1004870,,electronics.smartphone,samsung,266.86,525921810,72f4ba8d-d0e6-44e2-a7ad-fcda03ead4a3,$200-500
2019-11-10 03:42:41+00:00,purchase,3701134,,appliances.environment.vacuum,bosch,115.81,512593817,7f35474c-31aa-47e9-82d4-bbc349019959,$100-200
2019-11-10 03:42:44+00:00,purchase,1004870,,electronics.smartphone,samsung,266.56,525921810,7d167f21-a512-4a1f-9cca-48b04b23da59,$200-500
2019-11-10 03:56:02+00:00,purchase,4802885,,electronics.audio.headphone,xiaomi,35.78,515722642,c4e77559-c11d-4d55-8de2-49f98209255c,<$50
2019-11-10 04:05:10+00:00,purchase,1002532,,electronics.smartphone,apple,566.04,515832881,3d77bd93-cb35-4f07-8549-b78af275b83a,$500-1000
2019-11-10 04:15:15+00:00,purchase,3700278,,appliances.environment.vacuum,samsung,69.47,512593817,d9fd6219-1352-4ac7-a9ee-6ee14b8453ad,$50-100
2019-11-10 04:23:47+00:00,purchase,3900962,,appliances.environment.water_heater,oasis,59.72,513191065,5305d180-322f-4d2d-993f-4a69baa38d4b,$50-100
2019-11-10 04:26:24+00:00,purchase,3900962,,appliances.environment.water_heater,oasis,59.72,513191065,5305d180-322f-4d2d-993f-4a69baa38d4b,$50-100
2019-11-10 04:27:28+00:00,purchase,3900962,,appliances.environment.water_heater,oasis,59.72,513191065,5305d180-322f-4d2d-993f-4a69baa38d4b,$50-100
2019-11-10 04:30:15+00:00,purchase,1004856,,electronics.smartphone,samsung,127.57,546367892,dffd53aa-f92f-4661-a71e-2195f5afce6a,$100-200
2019-11-10 04:33:20+00:00,purchase,3901200,,appliances.environment.water_heater,haier,66.9,513191065,5305d180-322f-4d2d-993f-4a69baa38d4b,$50-100
2019-11-10 04:38:05+00:00,purchase,1004886,,electronics.smartphone,oppo,128.45,515619901,8dcce4fb-b666-4327-bf32-ba3822cc15dd,$100-200
2019-11-10 05:09:10+00:00,purchase,1306948,,computers.notebook,hp,617.75,559436394,d4e638ed-76a5-4a80-b84c-1a8813b810a7,$500-1000
2019-11-10 05:11:25+00:00,purchase,12705001,,unknown,cordiant,42.73,515479771,a9f8d7fa-63b7-49ec-a610-b77a76ba8b67,<$50
2019-11-10 05:44:56+00:00,purchase,12719862,,unknown,roadx,37.32,559988340,d5f8bf86-909d-483e-9529-b1e466f1c724,<$50
2019-11-10 05:53:36+00:00,purchase,1004766,,electronics.smartphone,samsung,238.04,533604671,cc8a10ac-451c-477a-9c34-9ad5a822fc74,$200-500
2019-11-10 07:09:21+00:00,purchase,1004856,,electronics.smartphone,samsung,127.57,513416788,37d2bcdb-775a-4d9f-9d96-9d096ea0ac05,$100-200
2019-11-10 07:11:17+00:00,purchase,1004856,,electronics.smartphone,samsung,127.57,513416788,37d2bcdb-775a-4d9f-9d96-9d096ea0ac05,$100-200
2019-11-10 07:16:31+00:00,purchase,14400047,,unknown,defender,5.38,516610377,c72324a2-dcba-4978-88aa-59de3973d065,<$50
2019-11-10 07:18:58+00:00,purchase,7600138,,unknown,tp-link,18.53,551287127,0a18f7fc-0cdb-486a-9550-2f92272c6417,<$50
2019-11-10 07:24:56+00:00,purchase,12701247,,unknown,tigar,45.69,558601050,02bc112d-0d76-4d4f-bac6-50176a2cfff9,<$50
2019-11-10 08:18:37+00:00,purchase,26300781,,unknown,lucente,176.58,517461958,8714b641-f605-42a6-8fc5-c3bbf4196cf9,$100-200
2019-11-10 08:21:20+00:00,purchase,4804424,,electronics.audio.headphone,harper,3.04,560350428,42d711c8-bbb7-4197-85f1-970d101d6d05,<$50
2019-11-10 09:48:08+00:00,purchase,1002532,,electronics.smartphone,apple,566.04,565305291,aef68be3-eca7-4891-a4f3-b9a3de99c66e,$500-1000
2019-11-10 09:57:25+00:00,purchase,1005115,,electronics.smartphone,apple,914.64,512493064,e98263c8-b6c4-4d64-bb39-942ba78f9e23,$500-1000
2019-11-10 10:27:52+00:00,purchase,4804056,,electronics.audio.headphone,apple,159.59,512803922,8fcca5d2-7c00-4f33-b481-fd6edd028c12,$100-200
2019-11-10 10:29:58+00:00,purchase,12719508,,unknown,viatti,90.09,515832881,caa54e11-4176-4cea-823f-c78386f1e73c,$50-100
2019-11-10 10:58:18+00:00,purchase,12706259,,unknown,nokian,53.54,560232178,877611fe-6e52-49e5-861f-373fd0feb312,$50-100
2019-11-10 11:02:38+00:00,purchase,1005105,,electronics.smartphone,apple,1332.85,544198516,44a92ea1-054c-4320-8280-0ab312878cd4,>$1000
2019-11-10 11:06:26+00:00,purchase,4800305,,electronics.audio.headphone,sony,53.8,512811825,0a11f062-18ef-4de6-bf3a-8a0ead2eb746,$50-100
2019-11-10 11:28:42+00:00,purchase,1005105,,electronics.smartphone,apple,1332.85,551321178,cae67a35-2a53-4832-a989-a180e4f202c8,>$1000
2019-11-10 11:40:05+00:00,purchase,1002544,,electronics.smartphone,apple,494.17,514304182,e6742233-e113-41a7-b494-cd7643841c7b,$200-500
2019-11-10 11:57:02+00:00,purchase,1005105,,electronics.smartphone,apple,1332.85,541406412,421a6e1e-529c-48a4-8e00-787d8c500dc2,>$1000
2019-11-10 13:35:13+00:00,purchase,1004708,,electronics.smartphone,huawei,154.18,554218876,98cf62a1-8534-47c9-8ae8-eefc7dd301cc,$100-200
2019-11-10 14:15:35+00:00,purchase,1005239,,electronics.smartphone,xiaomi,271.54,535447606,0bf15c7f-c56a-405b-87f1-e3149532565d,$200-500
2019-11-10 15:32:47+00:00,purchase,1004237,,electronics.smartphone,apple,1091.07,514113839,83d8112c-7f04-4790-8a3d-25ab5992276d,>$1000
2019-11-10 15:35:36+00:00,purchase,26300088,,unknown,lucente,185.33,516217947,92ec1c70-dae8-4749-8e46-988dc7e10506,$100-200
2019-11-10 16:04:45+00:00,purchase,17301439,,unknown,kenzo,64.35,519034182,ca56397c-2852-4d08-bc49-aabe99574259,$50-100
2019-11-10 17:07:20+00:00,purchase,1005212,,electronics.smartphone,samsung,178.87,531509517,72318a8f-823c-4ecc-bb85-e3dc32278575,$100-200
2019-11-10 17:42:55+00:00,purchase,22700067,,unknown,force,83.91,512432519,c3aff52f-dd22-4566-928e-6789a53b347c,$50-100
2019-11-10 18:52:45+00:00,purchase,4804056,,electronics.audio.headphone,apple,159.59,556420312,4f604486-8569-466d-8937-a55cdede624b,$100-200
2019-11-10 19:11:56+00:00,purchase,10600506,,unknown,,826.14,514016755,d0f9c55b-6f9f-46d0-9b55-d823407a1896,$500-1000
2019-11-10 19:56:23+00:00,purchase,15201219,,unknown,bars,66.93,527745947,6b14aab5-9a5b-44a5-9d83-a002066e75b8,$50-100
2019-11-10 20:02:29+00:00,purchase,1004767,,electronics.smartphone,samsung,243.51,562165504,2f0f4fb2-d325-4b63-953b-18130aeb7ba0,$200-500
2019-11-11 01:46:57+00:00,purchase,3600997,,appliances.kitchen.washer,indesit,282.86,514974359,200cc3c4-5336-47a0-b63e-5ac2d7e2621a,$200-500
2019-11-11 02:37:38+00:00,purchase,2701778,,appliances.kitchen.refrigerators,samsung,1196.92,548379927,eb6947ce-72fe-484a-8350-1fe4f7367af6,>$1000
2019-11-11 02:37:51+00:00,purchase,1005203,,electronics.smartphone,xiaomi,107.85,540931984,1c336658-9a64-4a82-8b18-e73564e19e5b,$100-200
2019-11-11 03:31:24+00:00,purchase,12703493,,unknown,cordiant,42.47,512932794,bdb33a06-dd0e-4f66-9ab5-879bfac76675,<$50
2019-11-11 04:15:26+00:00,purchase,26400251,,unknown,,170.66,531251311,4a04a16e-0713-4ad4-842f-0ff434ac2b69,$100-200
2019-11-11 04:34:15+00:00,purchase,1004750,,electronics.smartphone,samsung,194.51,561884936,c0f37486-baab-4fcf-a365-f21af89b7e7f,$100-200
2019-11-11 06:00:58+00:00,purchase,1004835,,electronics.smartphone,samsung,226.25,560272816,f8369bd7-8797-442c-a5da-1b5a7741f59c,$200-500
2019-11-11 06:01:55+00:00,purchase,1004835,,electronics.smartphone,samsung,226.25,560272816,f8369bd7-8797-442c-a5da-1b5a7741f59c,$200-500
2019-11-11 06:10:09+00:00,purchase,12701250,,unknown,triangle,45.05,515789919,a742780c-70fc-429f-b2ee-5e8cb81d4e6e,<$50
2019-11-11 06:32:07+00:00,purchase,2601983,,unknown,artel,213.11,517061199,9e82e863-c6a1-4a05-a19e-b52d13c0ebfb,$200-500
2019-11-11 06:47:21+00:00,purchase,1004249,,electronics.smartphone,apple,739.71,515921436,b5e234e0-e609-4aee-8ffb-dca66cf87a40,$500-1000
2019-11-11 06:50:39+00:00,purchase,1002633,,electronics.smartphone,apple,378.39,527037229,948ce8e0-7cbc-41b5-8021-822af8c0d0f4,$200-500
2019-11-11 06:52:33+00:00,purchase,1004833,,electronics.smartphone,samsung,169.31,527037229,948ce8e0-7cbc-41b5-8021-822af8c0d0f4,$100-200
2019-11-11 07:06:55+00:00,purchase,3601485,,appliances.kitchen.washer,lg,321.5,517914696,0a8b7ab7-3671-48e8-8483-626248185903,$200-500
2019-11-11 07:15:28+00:00,purchase,1005105,,electronics.smartphone,apple,1332.85,551321178,62989660-2f9e-497f-9811-4ec563939fec,>$1000
2019-11-11 07:36:55+00:00,purchase,1004751,,electronics.smartphone,samsung,194.82,513689286,e5a8bed9-cdf7-462d-bb49-b6627e68592e,$100-200
2019-11-11 07:42:12+00:00,purchase,4804056,,electronics.audio.headphone,apple,159.58,512803922,1e9294c9-5adf-42c4-a154-c77b52880594,$100-200
2019-11-11 07:44:11+00:00,purchase,1004247,,electronics.smartphone,apple,822.34,514626834,dc2bb999-cade-48f0-8ca0-60d31a349a09,$500-1000
2019-11-11 07:47:16+00:00,purchase,18400213,,unknown,pride,471.05,553148248,6f50a138-37e7-49a0-aa42-1e038a7bc1a4,$200-500
2019-11-11 07:54:44+00:00,purchase,1307454,,computers.notebook,asus,514.79,559436394,1f536376-01b5-485a-9429-522bca52f2f9,$500-1000
2019-11-11 07:57:30+00:00,purchase,5100816,,unknown,xiaomi,30.62,547577735,fe7cd03d-1653-461e-b398-6b1e282cb513,<$50
2019-11-11 08:21:09+00:00,purchase,12718873,,unknown,goodyear,82.37,536040305,150e2e45-1df0-43f2-95d9-143d22ffa883,$50-100
2019-11-11 08:26:15+00:00,purchase,1004582,,electronics.smartphone,meizu,128.45,532111369,9b0693ce-0329-454d-b9dd-650294c3066d,$100-200
2019-11-11 08:28:33+00:00,purchase,1004833,,electronics.smartphone,samsung,169.31,550800857,78e64cc4-e9ab-40ee-9760-48cc9ccf121c,$100-200
2019-11-11 08:39:07+00:00,purchase,1002544,,electronics.smartphone,apple,494.17,555584705,52298f56-12da-4a0f-8459-7f008b2e4d58,$200-500
2019-11-11 08:39:28+00:00,purchase,3700755,,appliances.environment.vacuum,samsung,92.41,561971663,d1d3f823-49d5-434d-b76e-26b1590bf218,$50-100
2019-11-11 08:40:19+00:00,purchase,1002633,,electronics.smartphone,apple,378.39,555584705,52298f56-12da-4a0f-8459-7f008b2e4d58,$200-500
2019-11-11 08:42:13+00:00,purchase,1004856,,electronics.smartphone,samsung,127.38,543584771,09fa35aa-b591-4623-8831-f6bce7f8d913,$100-200
2019-11-11 08:46:48+00:00,purchase,2600279,,unknown,greta,176.32,515806044,a1194ec1-d0be-4622-8dd5-db351dd51542,$100-200
2019-11-11 08:47:02+00:00,purchase,1004767,,electronics.smartphone,samsung,243.51,555584705,52298f56-12da-4a0f-8459-7f008b2e4d58,$200-500
2019-11-11 09:12:12+00:00,purchase,1005143,,electronics.smartphone,apple,1452.12,546149900,2df42606-5ec4-4583-9072-7ed82b72f0b7,>$1000
2019-11-11 09:13:58+00:00,purchase,5701086,,auto.accessories.player,pioneer,129.85,522441075,3ace7ef9-2d73-4c54-8910-7d644ff6d28b,$100-200
2019-11-11 09:20:29+00:00,purchase,1004768,,electronics.smartphone,samsung,237.25,516651834,4711a781-b3f1-4c32-8c91-a4e0e0e2349d,$200-500
2019-11-11 09:37:46+00:00,purchase,26400280,,unknown,lucente,245.82,555710746,18e36eb3-d786-44ad-9edf-5b471e243aa5,$200-500
2019-11-11 09:44:19+00:00,purchase,6600569,,computers.components.memory,kingston,22.37,550308868,5ce68a46-3b0b-4c66-bd83-545c9b6fc34e,<$50
2019-11-11 09:49:07+00:00,purchase,1005230,,electronics.smartphone,apple,875.13,515832881,d68ecc18-9c2c-45b3-8141-8486757ae527,$500-1000
2019-11-11 10:17:07+00:00,purchase,5701086,,auto.accessories.player,pioneer,129.85,522441075,6495fb13-f6e6-48a9-af15-41261f8fd832,$100-200
2019-11-11 10:18:22+00:00,purchase,1802080,,electronics.video.tv,tcl,436.82,512499809,0c63280c-75fd-4cb8-bafe-c61c4024a755,$200-500
2019-11-11 10:34:14+00:00,purchase,17300792,,unknown,,70.79,517952734,30d70579-cc1b-4d97-b5f0-7783a40ab92d,$50-100
2019-11-11 10:59:18+00:00,purchase,1003312,,electronics.smartphone,apple,745.99,557298307,4af6dd52-4253-478d-9b64-68d948356124,$500-1000
2019-11-11 11:02:42+00:00,purchase,1004856,,electronics.smartphone,samsung,127.34,512484704,5b2a8c45-901f-4e4e-9b77-4a2eba7b690f,$100-200
2019-11-11 11:17:32+00:00,purchase,1003306,,electronics.smartphone,apple,573.86,512803922,3d954c44-109c-4dcf-9a36-fbf2445e3236,$500-1000
2019-11-11 11:25:44+00:00,purchase,12900132,,stationery.cartrige,hp,25.48,517424432,c3ab47a2-adf6-4cc3-80e0-15079c2c264f,<$50
2019-11-11 12:24:26+00:00,purchase,12711602,,unknown,triangle,74.65,522517307,94e23209-8273-4702-be5c-d12a9f0638c0,$50-100
2019-11-11 12:45:20+00:00,purchase,4803957,,electronics.audio.headphone,,54.06,552702444,62ac84b8-d271-9dc4-68f9-e0e1366fb55a,$50-100
2019-11-11 12:58:46+00:00,purchase,1005177,,electronics.smartphone,samsung,900.64,518691613,f41746ba-841c-4810-b87d-9c9a3b02c24e,$500-1000
2019-11-11 13:06:33+00:00,purchase,5701002,,auto.accessories.player,pioneer,56.37,522441075,0119deb3-4ba5-c318-ca03-1a4c7234791c,$50-100
2019-11-11 13:12:13+00:00,purchase,5701002,,auto.accessories.player,pioneer,56.37,522441075,de296ed6-4205-438a-b2df-ce6749bd88a8,$50-100
2019-11-11 13:14:41+00:00,purchase,3900654,,appliances.environment.water_heater,thermex,97.02,540650682,48d859bb-508e-46e9-b63c-f436cca65f33,$50-100
2019-11-11 13:16:35+00:00,purchase,1801904,,electronics.video.tv,samsung,499.45,561144154,0c6319a1-dbe0-4ae2-a18d-7d6a3d48d2ff,$200-500
2019-11-11 13:33:02+00:00,purchase,4501895,,appliances.kitchen.hob,crown,138.33,517228045,d8e50cac-861c-405d-800d-bb843d731ad1,$100-200
2019-11-11 13:47:16+00:00,purchase,7600528,,unknown,tp-link,16.73,512535911,ff9d6a64-a084-42d5-a324-738f20a64207,<$50
2019-11-11 14:01:59+00:00,purchase,2602271,,unknown,shivaki,137.46,518078635,db1a10d3-d3fa-4acc-91e0-deadeb995673,$100-200
2019-11-11 14:08:38+00:00,purchase,49100005,,unknown,laston,55.02,529581239,3ed97427-fb87-4b69-9c31-1229d03132b6,$50-100
2019-11-11 14:09:52+00:00,purchase,49100005,,unknown,laston,55.02,529581239,3ed97427-fb87-4b69-9c31-1229d03132b6,$50-100
2019-11-11 14:11:19+00:00,purchase,1004565,,electronics.smartphone,huawei,177.31,547577735,0a725558-25c9-4d78-88e0-0efde4af4815,$100-200
2019-11-11 14:11:27+00:00,purchase,1307115,,computers.notebook,hp,411.59,514718711,aa67ddf8-1c4c-af54-2a6c-8ad71882e1fa,$200-500
2019-11-11 14:31:04+00:00,purchase,1005211,,electronics.smartphone,samsung,178.02,560350428,5a542d19-9c48-420a-ad65-aafb6b694c92,$100-200
2019-11-11 14:39:20+00:00,purchase,1003310,,electronics.smartphone,apple,745.97,520045153,3edb55d3-0e73-4a12-890e-b775a0d63465,$500-1000
2019-11-11 14:40:00+00:00,purchase,1003310,,electronics.smartphone,apple,745.97,520045153,3edb55d3-0e73-4a12-890e-b775a0d63465,$500-1000
2019-11-11 14:40:51+00:00,purchase,1003310,,electronics.smartphone,apple,745.97,520045153,3edb55d3-0e73-4a12-890e-b775a0d63465,$500-1000
2019-11-11 14:46:14+00:00,purchase,1004249,,electronics.smartphone,apple,739.66,520045153,3edb55d3-0e73-4a12-890e-b775a0d63465,$500-1000
2019-11-11 14:48:02+00:00,purchase,1002532,,electronics.smartphone,apple,566.04,520045153,3edb55d3-0e73-4a12-890e-b775a0d63465,$500-1000
2019-11-11 15:11:46+00:00,purchase,3200549,,appliances.kitchen.meat_grinder,dauscher,30.86,516610377,d2e919b7-cefb-4696-a5e7-f1936dd50707,<$50
2019-11-11 15:14:55+00:00,purchase,3200429,,appliances.kitchen.meat_grinder,vitek,54.03,516610377,d2e919b7-cefb-4696-a5e7-f1936dd50707,$50-100
2019-11-11 15:16:44+00:00,purchase,3200429,,appliances.kitchen.meat_grinder,vitek,54.03,516610377,d2e919b7-cefb-4696-a5e7-f1936dd50707,$50-100
2019-11-11 16:16:47+00:00,purchase,1004838,,electronics.smartphone,oppo,154.42,512726333,3231a149-0092-478c-8a79-fe00ee5079ba,$100-200
2019-11-11 17:07:03+00:00,purchase,1005118,,electronics.smartphone,apple,968.75,564621985,c5e4dddc-1308-4241-ab4c-cd66fa2ce575,$500-1000
2019-11-11 18:07:22+00:00,purchase,1002524,,electronics.smartphone,apple,565.63,512472005,de268143-8d09-44ce-848c-41906857713d,$500-1000
2019-11-11 18:49:54+00:00,purchase,44100020,,unknown,bibalina,17.25,555960758,46a2cbe9-ce15-4b59-90d6-2011f3c1df42,<$50
2019-11-11 18:52:13+00:00,purchase,3701387,,appliances.environment.vacuum,dauscher,46.31,555960758,46a2cbe9-ce15-4b59-90d6-2011f3c1df42,<$50
2019-11-11 19:11:55+00:00,purchase,10600506,,unknown,,826.14,514016755,4ff9ae7e-31b6-4d39-81c1-13fc58eb3637,$500-1000
2019-11-11 20:58:51+00:00,purchase,12706857,,unknown,viatti,38.0,551251086,fe025772-b6ca-405f-bf2d-60aaf3d73b3b,<$50
2019-11-11 22:33:48+00:00,purchase,1004838,,electronics.smartphone,oppo,154.42,540741340,74933c4d-d9cd-425f-94b8-a7032626e9db,$100-200
2019-11-12 01:40:36+00:00,purchase,2601983,,unknown,artel,213.11,517061199,86a43c80-67f8-488e-9b70-ab44f69805b6,$200-500
2019-11-12 02:54:57+00:00,purchase,2900536,,appliances.kitchen.microwave,elenberg,50.91,536022927,b6fa5baf-3943-425d-ba27-fc3e5e1fe571,$50-100
2019-11-12 04:03:06+00:00,purchase,12709558,,unknown,,30.76,535740940,41e4c522-02c8-4658-b2da-8604b1e9f42c,<$50
2019-11-12 04:09:25+00:00,purchase,26404597,,unknown,,161.91,564427758,c639f10e-5fe6-4773-b0c2-50ea54e2a2b0,$100-200
2019-11-12 04:41:34+00:00,purchase,5100343,,electronics.clocks,apple,360.09,543040105,39019afe-a210-49ee-a42f-0e14086e1398,$200-500
2019-11-12 04:46:35+00:00,purchase,3600182,,appliances.kitchen.washer,midea,131.25,514166453,ac1d5776-a5dd-4e93-96ab-35543c3a7307,$100-200
2019-11-12 04:49:24+00:00,purchase,12709420,,unknown,michelin,209.79,524813177,22452717-3627-4cce-bc17-6d5434980a37,$200-500
2019-11-12 04:50:10+00:00,purchase,26404594,,unknown,,422.92,564427758,7e00e73f-e38d-4d37-8e2a-106bf86e98c5,$200-500
2019-11-12 05:03:52+00:00,purchase,1005160,,electronics.smartphone,xiaomi,203.07,517482332,d9d419fc-9058-4bae-87c9-b078939ea325,$200-500
2019-11-12 05:12:28+00:00,purchase,1004767,,electronics.smartphone,samsung,243.51,540247320,ecac6ea2-45f7-47b0-9281-51b1b77bb3fc,$200-500
2019-11-12 05:20:39+00:00,purchase,1004872,,electronics.smartphone,samsung,265.97,548007785,373350ea-7064-40f2-b970-b6ac3bae059b,$200-500
2019-11-12 05:47:43+00:00,purchase,12712734,,unknown,ovation,42.99,518078635,da17b753-6410-45c8-9cd9-8974ec542d92,<$50
2019-11-12 05:50:19+00:00,purchase,1002544,,electronics.smartphone,apple,458.1,561404343,a63cb72f-5c37-4b8f-885c-4084183734ee,$200-500
2019-11-12 05:51:23+00:00,purchase,4804718,,electronics.audio.headphone,apple,360.06,530774014,67577b34-7c56-4d21-b097-8277549ff006,$200-500
2019-11-12 06:02:01+00:00,purchase,12702958,,unknown,cordiant,42.47,540272176,afcb3610-a4e4-4d81-a6aa-eb155435a107,<$50
2019-11-12 07:41:13+00:00,purchase,1004886,,electronics.smartphone,oppo,128.45,522257627,9982816b-8d3e-4529-a222-d58caa13c14f,$100-200
2019-11-12 07:45:39+00:00,purchase,1004209,,electronics.smartphone,samsung,88.29,522257627,9982816b-8d3e-4529-a222-d58caa13c14f,$50-100
2019-11-12 07:51:36+00:00,purchase,1005105,,electronics.smartphone,apple,1332.78,512396246,62043b3c-b57b-48e8-bc7f-4160198e321f,>$1000
2019-11-12 07:52:24+00:00,purchase,1004905,,electronics.smartphone,huawei,106.57,522257627,9982816b-8d3e-4529-a222-d58caa13c14f,$100-200
2019-11-12 07:54:35+00:00,purchase,1005054,,electronics.smartphone,tp-link,69.24,522257627,9982816b-8d3e-4529-a222-d58caa13c14f,$50-100
2019-11-12 07:58:43+00:00,purchase,6201257,,appliances.environment.air_heater,volcano,491.65,512540302,ab22ff93-7237-41f9-814a-6d9fdfd393e7,$200-500
2019-11-12 08:03:44+00:00,purchase,12702958,,unknown,cordiant,42.47,565305291,7d5c4bb9-ce57-4918-8fe4-e4029fca1acc,<$50
2019-11-12 08:19:57+00:00,purchase,1002544,,electronics.smartphone,apple,458.1,530450452,50c7b1fc-971a-4f52-bb62-1e01e7a8c7ec,$200-500
2019-11-12 08:22:23+00:00,purchase,8000286,,unknown,alis,20.57,519420908,76c7535e-74ba-4fb8-a202-a316f12a840c,<$50
2019-11-12 09:11:43+00:00,purchase,12703494,,unknown,cordiant,41.19,565668503,c06b240f-480b-416b-99c5-25da509c6d8f,<$50
2019-11-12 09:41:54+00:00,purchase,1004750,,electronics.smartphone,samsung,194.17,517326472,7c208bed-b9c7-4256-96b3-5702d9e80c62,$100-200
2019-11-12 09:42:14+00:00,purchase,1004961,,electronics.smartphone,oppo,154.42,517826800,e2b364ad-65b5-495d-8a95-3b198c164deb,$100-200
2019-11-12 09:46:08+00:00,purchase,1005054,,electronics.smartphone,tp-link,69.24,522257627,543bff5f-ce17-4d97-ae10-048d1397c91e,$50-100
2019-11-12 09:47:15+00:00,purchase,12707153,,unknown,,32.69,522517307,24307fca-a63f-4473-8115-9856bd986889,<$50
2019-11-12 09:50:29+00:00,purchase,1004905,,electronics.smartphone,huawei,107.6,522257627,543bff5f-ce17-4d97-ae10-048d1397c91e,$100-200
2019-11-12 09:59:46+00:00,purchase,1005017,,electronics.smartphone,huawei,90.81,522257627,543bff5f-ce17-4d97-ae10-048d1397c91e,$50-100
2019-11-12 10:07:06+00:00,purchase,1005017,,electronics.smartphone,huawei,90.81,522257627,543bff5f-ce17-4d97-ae10-048d1397c91e,$50-100
2019-11-12 10:15:55+00:00,purchase,1005007,,electronics.smartphone,xiaomi,93.77,522257627,543bff5f-ce17-4d97-ae10-048d1397c91e,$50-100
2019-11-12 10:27:56+00:00,purchase,1005017,,electronics.smartphone,huawei,90.81,522257627,c7c8e5f6-16cb-4235-839c-df885f8fd3bd,$50-100
2019-11-12 10:29:23+00:00,purchase,26400184,,unknown,,196.92,535567355,831bacd7-24d1-404b-8ad7-30dae8deeef6,$100-200
2019-11-12 10:30:03+00:00,purchase,1005018,,electronics.smartphone,huawei,92.15,522257627,c7c8e5f6-16cb-4235-839c-df885f8fd3bd,$50-100
2019-11-12 10:30:15+00:00,purchase,14700106,,furniture.living_room.cabinet,,437.33,514567436,9dad1106-6399-4861-ad3f-9e1f6a4df59a,$200-500
2019-11-12 10:35:27+00:00,purchase,1005006,,electronics.smartphone,xiaomi,85.72,522257627,c7c8e5f6-16cb-4235-839c-df885f8fd3bd,$50-100
2019-11-12 10:49:41+00:00,purchase,1005252,,electronics.smartphone,oppo,308.63,529169546,cdb03920-c90b-4fd5-8864-4dd034c2ac05,$200-500
2019-11-12 10:53:15+00:00,purchase,1005252,,electronics.smartphone,oppo,308.63,529169546,cdb03920-c90b-4fd5-8864-4dd034c2ac05,$200-500
2019-11-12 10:55:24+00:00,purchase,1005252,,electronics.smartphone,oppo,308.63,529169546,cdb03920-c90b-4fd5-8864-4dd034c2ac05,$200-500
2019-11-12 10:58:39+00:00,purchase,1005007,,electronics.smartphone,xiaomi,93.77,522257627,8d353f49-bf4a-4fc9-ba63-3901fe76d8f9,$50-100
2019-11-12 10:59:16+00:00,purchase,1005252,,electronics.smartphone,oppo,308.63,529169546,d4978c61-84c5-476e-8d1c-c930303d166d,$200-500
2019-11-12 11:00:36+00:00,purchase,1005252,,electronics.smartphone,oppo,308.63,529169546,d4978c61-84c5-476e-8d1c-c930303d166d,$200-500
2019-11-12 11:09:28+00:00,purchase,5300763,,unknown,vitek,12.61,529169546,aeba3f62-1fef-4ea3-98ff-50eeb39d0c63,<$50
2019-11-12 11:29:08+00:00,purchase,11600099,,computers.desktop,defender,7.7,550308868,620e2e45-0370-4f00-b475-582ad3ff78c2,<$50
2019-11-12 11:43:56+00:00,purchase,1004258,,electronics.smartphone,apple,771.86,564287817,330bc80e-6fdf-47ec-812b-ab304692ab66,$500-1000
2019-11-12 11:46:54+00:00,purchase,1004839,,electronics.smartphone,oppo,154.42,564287817,330bc80e-6fdf-47ec-812b-ab304692ab66,$100-200
2019-11-12 11:49:49+00:00,purchase,1002544,,electronics.smartphone,apple,458.1,564287817,330bc80e-6fdf-47ec-812b-ab304692ab66,$200-500
2019-11-12 11:53:11+00:00,purchase,1002629,,electronics.smartphone,apple,378.39,564287817,7e162d1e-a4fd-4fc8-af50-d81f077a1ebc,$200-500
2019-11-12 12:20:47+00:00,purchase,1004870,,electronics.smartphone,samsung,278.77,562292568,641db43d-7059-44d8-a6fd-671646d54110,$200-500
2019-11-12 12:24:47+00:00,purchase,1004961,,electronics.smartphone,oppo,154.42,564287817,dcc8db1a-3dc5-43c7-b090-5df9dd6b40d1,$100-200
2019-11-12 12:34:21+00:00,purchase,1004838,,electronics.smartphone,oppo,154.42,564287817,651b9716-c88b-41ab-bd0f-e155cb88d385,$100-200
2019-11-12 12:52:00+00:00,purchase,1005017,,electronics.smartphone,huawei,90.81,522257627,e4748531-8307-4dca-a513-6928f9934713,$50-100
2019-11-12 12:56:39+00:00,purchase,1004870,,electronics.smartphone,samsung,278.77,555639267,8d0bd648-3737-4747-b288-530ef441a689,$200-500
2019-11-12 13:29:13+00:00,purchase,1005006,,electronics.smartphone,xiaomi,85.72,518623927,c113d8b9-b87d-44fc-adc0-81dd4bbf217a,$50-100
2019-11-12 13:36:06+00:00,purchase,1005239,,electronics.smartphone,xiaomi,269.99,535447606,a37cede5-6cf7-41a6-ac38-c6a9f9d9509d,$200-500
2019-11-12 13:45:05+00:00,purchase,1004876,,electronics.smartphone,xiaomi,82.11,565959288,030419f3-3ba1-4136-bd52-aecc8a6bc342,$50-100
2019-11-12 13:53:56+00:00,purchase,12703015,,unknown,cordiant,42.99,513385056,ca0a74b4-c669-470d-8d5f-1487b95790e3,<$50
2019-11-12 14:00:46+00:00,purchase,27500009,,unknown,kelli,36.4,513035863,9bfa32cc-8035-4a29-a19c-614e9e3282a9,<$50
2019-11-12 14:03:09+00:00,purchase,26400301,,unknown,lucente,190.74,519057783,5a50618e-4608-4a91-9231-e408a0825e6e,$100-200
2019-11-12 14:13:04+00:00,purchase,12709380,,unknown,viatti,38.1,563657211,e4f6ec1b-3992-4dbb-b1c7-116d3143664f,<$50
2019-11-12 14:17:05+00:00,purchase,1002538,,electronics.smartphone,apple,592.01,518838140,e6501041-d9de-4056-bd27-0030db21ab6f,$500-1000
2019-11-12 14:24:56+00:00,purchase,26800064,,unknown,,463.07,533799459,2ef784d2-6ea8-44a3-9b9e-375d12b61e81,$200-500
2019-11-12 14:26:30+00:00,purchase,12703494,,unknown,cordiant,41.19,565668503,46475752-6975-4625-a88c-eeb643d6fb7d,<$50
2019-11-12 15:22:55+00:00,purchase,1005105,,electronics.smartphone,apple,1332.74,513985927,d6eb727a-b3bc-43a8-93c8-2391a91b737e,>$1000
2019-11-12 15:39:43+00:00,purchase,22700128,,unknown,stels,66.92,565668503,c4621898-30bf-492e-928f-a219175e8463,$50-100
2019-11-12 16:07:43+00:00,purchase,1004767,,electronics.smartphone,samsung,243.51,553694442,536a9848-ad54-4a7d-a213-5c088661a14c,$200-500
2019-11-12 16:43:28+00:00,purchase,1004833,,electronics.smartphone,samsung,168.85,547865212,e1aca7bb-dbd4-4c1f-a500-d2e25a216724,$100-200
2019-11-12 16:45:36+00:00,purchase,3700912,,appliances.environment.vacuum,samsung,118.15,565846130,90b1b926-aed2-4666-bbc7-195b84c36952,$100-200
2019-11-12 17:00:15+00:00,purchase,1004833,,electronics.smartphone,samsung,168.85,565846130,90b1b926-aed2-4666-bbc7-195b84c36952,$100-200
2019-11-12 17:03:39+00:00,purchase,1004836,,electronics.smartphone,samsung,226.71,543970806,b9249052-2389-4796-8eae-1ea58c9f468f,$200-500
2019-11-12 17:40:49+00:00,purchase,5300481,,unknown,vitek,19.82,560167893,241f54b6-1fb5-478d-bbe2-21f97c3963c0,<$50
2019-11-12 17:53:43+00:00,purchase,1005168,,electronics.smartphone,samsung,206.9,519543524,36d06c18-122a-48d3-9341-1049e9193002,$200-500
2019-11-12 17:59:36+00:00,purchase,1005115,,electronics.smartphone,apple,914.43,520071707,ac5d9934-c90d-4827-b69e-2798004a400a,$500-1000
2019-11-12 18:04:51+00:00,purchase,1005115,,electronics.smartphone,apple,914.43,520071707,ac5d9934-c90d-4827-b69e-2798004a400a,$500-1000
2019-11-12 18:24:23+00:00,purchase,6400314,,computers.components.cpu,intel,185.85,516116250,8de0e703-2955-4b65-bb43-8790efd9b918,$100-200
2019-11-12 18:30:29+00:00,purchase,11300020,,electronics.telephone,panasonic,43.19,551287127,b4f0bfa0-d911-4764-ba5b-0d5163b48e37,<$50
2019-11-12 18:45:45+00:00,purchase,6800934,,computers.components.hdd,transcend,51.21,513398489,dbf9c0fe-7e8c-4660-81a2-583e74c5a064,$50-100
2019-11-12 18:47:15+00:00,purchase,1004209,,electronics.smartphone,samsung,88.67,522257627,1a7c921b-f8c4-4604-8d28-60618639d654,$50-100
2019-11-12 18:55:39+00:00,purchase,15200774,,unknown,varta,90.07,516883802,8e5a1a12-00ae-4893-ad1a-051336b8f16c,$50-100
2019-11-12 19:03:07+00:00,purchase,4000209,,construction.tools.generator,karcher,388.68,565601049,4ff45461-f7e8-46e7-b81c-89f85235280a,$200-500
2019-11-13 00:07:12+00:00,purchase,1005053,,electronics.smartphone,tp-link,58.94,522257627,38a7c9cc-e8b5-4fbe-9425-16186dc4b52b,$50-100
2019-11-13 03:22:48+00:00,purchase,26300084,,unknown,lucente,510.18,527035204,e4b7fd10-69cb-4eb8-8c37-2301641232e5,$500-1000
2019-11-13 03:32:51+00:00,purchase,5100816,,unknown,xiaomi,29.6,514126616,42afb4aa-cc0b-4864-b05a-4826d97c5c65,<$50
2019-11-13 04:10:44+00:00,purchase,1005105,,electronics.smartphone,apple,1332.62,515458103,0cf43bbe-2080-45ba-9428-1d2301583a03,>$1000
2019-11-13 04:11:08+00:00,purchase,1005115,,electronics.smartphone,apple,914.23,531985691,c0463022-6e9d-40c3-aacd-237c3f1b5549,$500-1000
2019-11-13 04:47:42+00:00,purchase,12718988,,unknown,,25.48,512420823,1f34cc4b-c30b-4383-b742-6a0eed57ecc2,<$50
2019-11-13 04:48:58+00:00,purchase,12718988,,unknown,,25.48,512420823,1f34cc4b-c30b-4383-b742-6a0eed57ecc2,<$50
2019-11-13 05:06:20+00:00,purchase,4802443,,electronics.audio.headphone,jbl,51.22,528371712,61e4d780-333b-4208-9890-89e10b9231d4,$50-100
2019-11-13 05:12:03+00:00,purchase,4804056,,electronics.audio.headphone,apple,159.57,550831865,651f5a1e-754f-400f-b166-8cabd38317eb,$100-200
2019-11-13 05:28:32+00:00,purchase,2800678,,appliances.kitchen.refrigerators,midea,270.25,516256618,083d1c00-4624-4a55-9882-316942599a3e,$200-500
2019-11-13 05:33:41+00:00,purchase,1004870,,electronics.smartphone,samsung,278.77,516651834,8275648d-493d-41bd-8a74-f88ed6b6a942,$200-500
2019-11-13 05:53:37+00:00,purchase,5100816,,unknown,xiaomi,30.86,547577735,f0e5312f-8587-4a8a-ab9d-a6df84539970,<$50
2019-11-13 06:05:59+00:00,purchase,6500862,,computers.components.motherboard,asrock,52.16,516116250,a5232e97-5dc6-4622-8669-9a889f72c761,$50-100
2019-11-13 06:28:17+00:00,purchase,1004659,,electronics.smartphone,samsung,715.33,559126616,7377dbc1-5c9a-494a-ae1e-5013ddfc5801,$500-1000
2019-11-13 06:35:33+00:00,purchase,2601299,,unknown,dauscher,445.29,557328844,f0e0d9c1-045b-44ad-b74d-92e8c9efc5f3,$200-500
2019-11-13 06:45:39+00:00,purchase,2702277,,appliances.kitchen.refrigerators,lg,462.82,502778793,ab12960f-77bd-41b0-b3a0-1ef773ae8929,$200-500
2019-11-13 06:59:20+00:00,purchase,34700035,,unknown,,462.79,558560892,5ddb05e3-4eab-4510-888f-e147cbea2751,$200-500
2019-11-13 07:37:18+00:00,purchase,17300822,,unknown,gucci,82.84,545002658,d3e88f66-e785-469c-9519-09473681efa1,$50-100
2019-11-13 07:42:07+00:00,purchase,16200338,,kids.fmcg.diapers,huggies,4.02,513409969,c31378d4-a68a-431e-8382-ae9d41933732,<$50
2019-11-13 08:27:41+00:00,purchase,26300076,,unknown,lucente,215.71,535567355,906e88a3-9dd5-4468-a5fd-5e560fc20448,$200-500
2019-11-13 08:31:53+00:00,purchase,10900250,,appliances.kitchen.mixer,vitek,59.13,555661842,45fe9a75-4735-4d30-af55-4f3edfbb316e,$50-100
2019-11-13 08:46:14+00:00,purchase,1005073,,electronics.smartphone,samsung,1169.68,516441604,ca304392-a549-4cc8-a4af-2dff7f88696b,>$1000
2019-11-13 09:16:50+00:00,purchase,29502374,,unknown,maxler,25.48,518742517,e4b39dff-3746-4797-b1be-f702fb961d81,<$50
2019-11-13 09:19:08+00:00,purchase,29502374,,unknown,maxler,25.48,518742517,e4b39dff-3746-4797-b1be-f702fb961d81,<$50
2019-11-13 09:40:56+00:00,purchase,1801929,,electronics.video.tv,samsung,566.01,551417698,ef5e5ac5-3028-41e8-8054-75aae8c673cd,$500-1000
2019-11-13 09:51:26+00:00,purchase,1002629,,electronics.smartphone,apple,378.39,519421460,e0ebb6e5-5093-40f5-9a18-1de0538010bb,$200-500
2019-11-13 10:03:57+00:00,purchase,11800008,,unknown,,46.07,566019460,a904d3f0-e7c3-4f41-92ff-5c416ef8d109,<$50
2019-11-13 10:25:06+00:00,purchase,1004856,,electronics.smartphone,samsung,127.05,513683609,fb81d1d0-918d-4163-b9fa-c1afd505bf0c,$100-200
2019-11-13 10:33:23+00:00,purchase,1005106,,electronics.smartphone,apple,1422.02,514113839,69211a72-2321-9716-cee0-85f4248495e4,>$1000
2019-11-13 10:42:04+00:00,purchase,3801293,,appliances.iron,scarlett,28.29,536022927,9feb2542-eb49-4f02-b2ae-afc5778a5357,<$50
2019-11-13 11:24:51+00:00,purchase,1005006,,electronics.smartphone,xiaomi,85.72,522257627,4e7b0182-9c87-4312-b5a7-0be01de0682b,$50-100
2019-11-13 11:29:34+00:00,purchase,19200154,,construction.tools.saw,,105.79,512819016,1069d412-34cd-4d34-b868-56b633ef5a27,$100-200
2019-11-13 12:07:55+00:00,purchase,4801876,,electronics.audio.headphone,apple,33.43,513540242,f219e85a-b20c-46d3-9592-a5521c731a95,<$50
2019-11-13 12:33:11+00:00,purchase,1005239,,electronics.smartphone,xiaomi,268.96,565514714,a34f971a-9d68-48a2-b58d-beac3f242d59,$200-500
2019-11-13 12:38:18+00:00,purchase,1004856,,electronics.smartphone,samsung,127.05,559378963,ecfead74-b2d3-41d1-b15c-3b431db029fd,$100-200
2019-11-13 13:17:50+00:00,purchase,8500101,,unknown,bosch,568.24,541127007,e9af3130-1be8-4d32-99aa-fdf49d09c691,$500-1000
2019-11-13 13:55:22+00:00,purchase,1005115,,electronics.smartphone,apple,914.23,517509341,4247c3e9-a5e8-456c-be93-d5bd43afc1d9,$500-1000
2019-11-13 13:58:49+00:00,purchase,1004887,,electronics.smartphone,oppo,128.45,515257183,8627bed6-df30-45a2-81ee-7f642ba5dcd2,$100-200
2019-11-13 13:59:45+00:00,purchase,8500248,,unknown,rinnai,666.68,541127007,eb530566-10ff-49fa-b87e-464e4414f7e3,$500-1000
2019-11-13 14:11:18+00:00,purchase,1801991,,electronics.video.tv,irbis,100.39,512784173,4deb2c20-851f-4559-98d3-abdbcaf1c426,$100-200
2019-11-13 14:20:12+00:00,purchase,28716978,,apparel.shoes,respect,82.63,515832881,93139f58-4fb4-49f8-81d9-dca14b851ced,$50-100
2019-11-13 14:40:43+00:00,purchase,4802419,,electronics.audio.headphone,sony,10.24,533751482,aa8399ff-8c74-4cd8-9ad2-d6f1138116a1,<$50
2019-11-13 14:44:06+00:00,purchase,4802419,,electronics.audio.headphone,sony,10.24,533751482,aa8399ff-8c74-4cd8-9ad2-d6f1138116a1,<$50
2019-11-13 14:51:08+00:00,purchase,12500322,,unknown,bosch,71.34,533751482,ddbdc1a0-ebf8-4cd0-897d-09ff151240b8,$50-100
2019-11-13 15:21:45+00:00,purchase,12703498,,unknown,cordiant,40.93,515803475,72e00c45-77b0-4a73-a1ca-0cf239cf8d5c,<$50
2019-11-13 15:23:44+00:00,purchase,1003772,,electronics.smartphone,huawei,257.12,550296668,c833caac-8845-4413-9838-58fb7fd06b4e,$200-500
2019-11-13 16:04:02+00:00,purchase,8500216,,unknown,rinnai,643.51,541127007,d398a5ee-4945-4986-8981-83427f9efd7b,$500-1000
2019-11-13 16:12:46+00:00,purchase,6000004,,auto.accessories.alarm,starline,139.77,556639706,0a88f5bb-eb69-4054-b226-044ad96d1b68,$100-200
2019-11-13 16:30:38+00:00,purchase,21408696,,electronics.clocks,casio,52.25,541340295,9387534d-0de4-4918-8ac6-bff52b27948b,$50-100
2019-11-13 16:33:46+00:00,purchase,4804056,,electronics.audio.headphone,apple,159.57,541340295,1d3953f0-5872-439c-8352-7998db94181d,$100-200
2019-11-13 16:55:32+00:00,purchase,1480697,,computers.desktop,hp,360.34,540769753,d9348eb4-ba98-4890-b354-ae8ac5e35cb3,$200-500
2019-11-13 17:40:15+00:00,purchase,26025584,,unknown,,5.32,530482376,caf04e95-6afd-4cb3-a9af-9860e53787f9,<$50
2019-11-13 17:42:38+00:00,purchase,21400996,,electronics.clocks,casio,79.54,530482376,caf04e95-6afd-4cb3-a9af-9860e53787f9,$50-100
2019-11-13 17:44:02+00:00,purchase,17200559,,furniture.living_room.sofa,,591.78,513673299,852e56b1-6b88-4acf-9999-81ab47e39f7e,$500-1000
2019-11-13 17:45:17+00:00,purchase,21401447,,electronics.clocks,casio,221.88,530482376,caf04e95-6afd-4cb3-a9af-9860e53787f9,$200-500
2019-11-13 18:01:07+00:00,purchase,2402855,,appliances.kitchen.hood,oasis,58.82,546176052,4aa8cb59-478e-4529-a643-5ace60b6ae15,$50-100
2019-11-13 18:49:53+00:00,purchase,1004856,,electronics.smartphone,samsung,127.05,559378963,878782fb-35af-43e0-86ad-15ff2dc6495f,$100-200
2019-11-13 19:15:20+00:00,purchase,17301760,,unknown,,69.92,555733573,4833a3d8-1de5-4f95-ab00-82c90b71bf17,$50-100
2019-11-13 19:40:24+00:00,purchase,1004934,,electronics.smartphone,vivo,231.64,560496642,90e63953-5880-4076-8164-515ab5880de8,$200-500
2019-11-13 19:46:59+00:00,purchase,1005190,,electronics.smartphone,vivo,205.9,560496642,90e63953-5880-4076-8164-515ab5880de8,$200-500
2019-11-13 19:56:18+00:00,purchase,100003923,,unknown,kapsen,25.48,530459748,c8cf2e76-b4d7-4485-9e7f-b49ac88591a1,<$50
2019-11-13 22:36:30+00:00,purchase,4804056,,electronics.audio.headphone,apple,159.57,512803922,7114f7db-e796-4b6f-b843-0920b6ef5904,$100-200
2019-11-14 00:07:04+00:00,purchase,4804056,,electronics.audio.headphone,apple,159.57,512803922,ef8dca40-a289-408a-8c89-0026b2b1206b,$100-200
2019-11-14 00:35:51+00:00,purchase,12702930,,unknown,cordiant,35.78,540883824,cee6b793-5b1c-465d-b016-3ddf265001fb,<$50
2019-11-14 02:42:11+00:00,purchase,4802419,,electronics.audio.headphone,sony,10.24,533751482,2fc13fb8-1809-4237-a495-58a16f02ce6a,<$50
2019-11-14 03:03:59+00:00,purchase,5100802,,unknown,canyon,17.73,530286130,2744bb1b-a9b3-4be1-8910-6a0e033cc3a7,<$50
2019-11-14 03:17:10+00:00,purchase,2502058,,appliances.kitchen.oven,artel,54.67,553168922,918fe781-5cfa-4fb1-9c4a-6fb93d8cb310,$50-100
2019-11-14 03:27:03+00:00,purchase,1004856,,electronics.smartphone,samsung,127.05,551287127,61a92536-db4e-4525-b438-84803ddd549e,$100-200
2019-11-14 04:36:28+00:00,purchase,3700926,,appliances.environment.vacuum,samsung,68.99,555188915,5561a4bb-6b9e-4357-96e5-36a32e0e95b6,$50-100
2019-11-14 05:08:24+00:00,purchase,17301170,,unknown,,30.14,525247856,122bb4f9-ebd8-4408-a2d2-2f50573886d9,<$50
2019-11-14 05:22:57+00:00,purchase,1004870,,electronics.smartphone,samsung,278.77,548007785,4ba8dc28-10db-42a8-b390-9af44591c01b,$200-500
2019-11-14 05:47:12+00:00,purchase,34800580,,unknown,carfashion,28.31,515147482,c52c4a7b-3cdd-46a6-8b28-4152cd772408,<$50
2019-11-14 06:04:49+00:00,purchase,3700937,,appliances.environment.vacuum,karcher,235.14,526895738,352163fd-40fd-4ce0-9c40-ce11ea2032e6,$200-500
2019-11-14 06:22:18+00:00,purchase,4804304,,electronics.audio.headphone,hyperx,136.17,559668916,1d2efecd-ad59-4e34-800d-268d824de405,$100-200
2019-11-14 06:33:47+00:00,purchase,1480197,,computers.desktop,lenovo,356.23,563381099,112cabaa-22fa-4fa4-a186-ac45bf8c3216,$200-500
2019-11-14 06:54:11+00:00,purchase,12703415,,unknown,cordiant,48.91,550960521,31a66969-74a8-4309-a499-96ea8c68eaf2,<$50
2019-11-14 07:18:53+00:00,purchase,1004250,,electronics.smartphone,apple,778.37,529526759,e2c2eafd-ab6e-48e7-85b1-928dab892ab0,$500-1000
2019-11-14 07:20:35+00:00,purchase,1004249,,electronics.smartphone,apple,739.21,529526759,e2c2eafd-ab6e-48e7-85b1-928dab892ab0,$500-1000
2019-11-14 07:20:46+00:00,purchase,8500273,,unknown,hubert,465.37,541127007,b9f2deda-79d3-42a3-bf2d-15e7ed3ea104,$200-500
2019-11-14 07:22:03+00:00,purchase,1005115,,electronics.smartphone,apple,914.23,529526759,e2c2eafd-ab6e-48e7-85b1-928dab892ab0,$500-1000
2019-11-14 07:27:39+00:00,purchase,8500273,,unknown,hubert,465.37,541127007,bd102a0d-20e7-4900-b32e-6243886ce5a7,$200-500
2019-11-14 07:31:36+00:00,purchase,8500305,,unknown,hubert,513.24,541127007,bd102a0d-20e7-4900-b32e-6243886ce5a7,$500-1000
2019-11-14 07:32:36+00:00,purchase,5000356,,appliances.sewing_machine,janome,167.0,550640308,0c0188af-2c9e-497f-9082-82f7cb8b8e84,$100-200
2019-11-14 08:20:31+00:00,purchase,18100048,,unknown,rezult,15.6,548960199,3b9fef34-6985-4cb9-bf36-046079761dc7,<$50
2019-11-14 08:51:03+00:00,purchase,1005178,,electronics.smartphone,samsung,900.64,559126616,a0405d7c-5569-4c24-aab0-4fe6717c3d78,$500-1000
2019-11-14 08:55:06+00:00,purchase,1004767,,electronics.smartphone,samsung,243.49,514682461,9b1d9243-68d3-43fb-ab1d-5e8b39479bb3,$200-500
2019-11-14 08:56:25+00:00,purchase,1005252,,electronics.smartphone,oppo,308.63,529169546,abf4ec38-6db4-42cb-92c7-86a746d3a357,$200-500
2019-11-14 08:56:46+00:00,purchase,1005100,,electronics.smartphone,samsung,136.76,562165504,111e653e-c849-4fcc-98bc-5efc5d801436,$100-200
2019-11-14 08:58:24+00:00,purchase,1005252,,electronics.smartphone,oppo,308.63,529169546,abf4ec38-6db4-42cb-92c7-86a746d3a357,$200-500
2019-11-14 09:02:34+00:00,purchase,26800064,,unknown,,463.07,533799459,29222d83-5304-4f0a-af17-446dd20a7c4d,$200-500
2019-11-14 09:28:09+00:00,purchase,8500273,,unknown,hubert,465.35,541127007,b5c0065b-2810-4864-b638-bd73ef65b53a,$200-500
2019-11-14 10:02:24+00:00,purchase,1005160,,electronics.smartphone,xiaomi,202.98,551321178,c20f84e4-7871-4ba9-b563-7213ea8d994e,$200-500
2019-11-14 10:34:29+00:00,purchase,1701026,,computers.peripherals.monitor,hp,102.71,558119801,827dc0f9-17f5-4160-81a9-fe1fa9fd3682,$100-200
2019-11-14 10:36:02+00:00,purchase,1701026,,computers.peripherals.monitor,hp,102.71,558119801,827dc0f9-17f5-4160-81a9-fe1fa9fd3682,$100-200
2019-11-14 10:41:19+00:00,purchase,1005191,,electronics.smartphone,vivo,205.9,560496642,92c1eeb5-20b2-4ad0-899a-c715f32af501,$200-500
2019-11-14 11:03:20+00:00,purchase,1004834,,electronics.smartphone,samsung,169.84,526787425,d25ad673-77e0-40db-a515-01e8b6084644,$100-200
2019-11-14 11:08:45+00:00,purchase,1005137,,electronics.smartphone,apple,1492.45,551321178,288ed581-2288-4f9a-b2a5-c59457c7ec90,>$1000
2019-11-14 11:26:12+00:00,purchase,5000356,,appliances.sewing_machine,janome,167.01,550640308,6f440867-f2a2-4cda-8610-035d3452947e,$100-200
2019-11-14 12:02:24+00:00,purchase,1002531,,electronics.smartphone,apple,720.46,518639093,53583d8e-c026-4334-877b-e7f7f92f4a35,$500-1000
2019-11-14 12:38:37+00:00,purchase,1005115,,electronics.smartphone,apple,914.0,563961633,835586a5-a7ba-44e5-9098-4cd17f7c2d83,$500-1000
2019-11-14 12:45:16+00:00,purchase,8500273,,unknown,hubert,465.35,541127007,b68ac242-c692-4ff4-9c2f-3352909d22ab,$200-500
2019-11-14 13:04:29+00:00,purchase,2900536,,appliances.kitchen.microwave,elenberg,50.91,549511092,72b6a243-d4b0-41ed-90a0-2c8cd2ffa279,$50-100
2019-11-14 13:48:26+00:00,purchase,1002544,,electronics.smartphone,apple,458.1,530450452,917875c0-8ae6-43d2-932d-da84c85da098,$200-500
2019-11-14 13:59:14+00:00,purchase,1005145,,electronics.smartphone,apple,2005.2,514617780,157955fc-5b87-4e69-bda0-499dd2ab82a7,>$1000
2019-11-14 14:00:22+00:00,purchase,4804572,,electronics.audio.headphone,apple,208.5,517411301,6f01ec1d-46f8-42fd-a3e7-d5423c13b8d1,$200-500
2019-11-14 14:36:56+00:00,purchase,12708170,,unknown,sava,373.75,513993195,eda6c3b9-1f97-40c4-9d00-d9635819f821,$200-500
2019-11-14 14:36:57+00:00,purchase,22700068,,unknown,force,94.98,539289695,75400d9a-0efd-4807-89d0-195ca913890e,$50-100
2019-11-14 15:15:11+00:00,purchase,1801909,,electronics.video.tv,samsung,771.94,543116251,61e40846-f0bc-46ae-b8cb-d37834c6a1b4,$500-1000
2019-11-14 15:30:52+00:00,purchase,1004835,,electronics.smartphone,samsung,224.17,515357432,9115f4ce-4b4b-4ed3-912a-b35e51774d54,$200-500
2019-11-14 15:32:26+00:00,purchase,1801689,,electronics.video.tv,samsung,266.09,523166574,9e56fcb9-5912-4349-b97f-41e6b9803eac,$200-500
2019-11-14 15:51:59+00:00,purchase,3700278,,appliances.environment.vacuum,samsung,69.47,519535589,d110663d-dae2-44c0-a70a-4f8effff366e,$50-100
2019-11-14 16:09:59+00:00,purchase,16400198,,unknown,,102.96,519535589,42f7a6a7-8a8f-4ba3-96c1-dd16aaaec7c6,$100-200
2019-11-14 16:10:30+00:00,purchase,1005100,,electronics.smartphone,samsung,136.76,551287127,391fdba4-dc8b-41aa-a595-05f5d94fbb68,$100-200
2019-11-14 16:11:45+00:00,purchase,1004833,,electronics.smartphone,samsung,168.7,532823073,c5532a75-b0ec-46d5-93ac-628f4a6b8e3b,$100-200
2019-11-14 16:13:23+00:00,purchase,1004749,,electronics.smartphone,samsung,194.75,551287127,391fdba4-dc8b-41aa-a595-05f5d94fbb68,$100-200
2019-11-14 16:14:35+00:00,purchase,1004858,,electronics.smartphone,samsung,126.0,551287127,391fdba4-dc8b-41aa-a595-05f5d94fbb68,$100-200
2019-11-14 16:22:52+00:00,purchase,1005239,,electronics.smartphone,xiaomi,268.73,535447606,29edf8fc-d835-4aa0-a646-b51cf66904e4,$200-500
2019-11-14 16:38:56+00:00,purchase,3100341,,appliances.kitchen.blender,scarlett,12.24,530202458,32dc0fe1-26fe-477d-9fe7-4e77c8627243,<$50
2019-11-14 16:57:36+00:00,purchase,1004856,,electronics.smartphone,samsung,126.0,512484704,adb58887-1910-4678-a102-a395c783cb10,$100-200
2019-11-14 17:30:12+00:00,purchase,1005161,,electronics.smartphone,xiaomi,203.06,541205166,63bab1fe-1a95-4709-95af-a763fb2f17c1,$200-500
2019-11-14 17:37:17+00:00,purchase,1801690,,electronics.video.tv,samsung,381.72,516642325,5041fe96-f351-4012-b660-7d91fd50fa2d,$200-500
2019-11-14 17:49:38+00:00,purchase,4804056,,electronics.audio.headphone,apple,159.33,512803922,05aa3571-04c3-1230-5db9-bf197ae81c71,$100-200
2019-11-14 18:00:53+00:00,purchase,1004237,,electronics.smartphone,apple,1090.94,521931387,16b38e02-c48d-41c2-986c-bec3633f5f7d,>$1000
2019-11-14 18:01:20+00:00,purchase,2800511,,appliances.kitchen.refrigerators,hansa,299.77,519279386,135ee53a-e8f9-4f28-8b74-30f988a28828,$200-500
2019-11-14 18:02:06+00:00,purchase,1005285,,electronics.smartphone,oneplus,874.93,513451919,0e489bbc-34e3-455c-99eb-c863c4dc2cca,$500-1000
2019-11-16 08:35:09+00:00,purchase,1801905,,electronics.video.tv,samsung,1028.34,564719562,1b5fd3c4-dbe1-408e-97d1-dc4fbdb28ea2,>$1000
2019-11-16 08:38:21+00:00,purchase,1004793,,electronics.smartphone,xiaomi,450.46,563227449,ef3573ae-b80e-42f9-bef5-f2b3b1960fd7,$200-500
2019-11-16 08:46:57+00:00,purchase,2800007,,appliances.kitchen.refrigerators,atlant,254.55,519453817,b59603a8-72bc-4cd6-9271-bbc4016aee8f,$200-500
2019-11-16 08:54:45+00:00,purchase,12709562,,unknown,viatti,38.35,513107972,035f0c06-29a6-4e01-aeb2-c62c77b3cf25,<$50
2019-11-16 08:54:57+00:00,purchase,1004767,,electronics.smartphone,samsung,264.79,562165504,40b0520c-f4a8-40e0-9f80-b63e6bf9553d,$200-500
2019-11-16 08:57:37+00:00,purchase,12709562,,unknown,viatti,38.35,513107972,035f0c06-29a6-4e01-aeb2-c62c77b3cf25,<$50
2019-11-16 08:59:16+00:00,purchase,1004767,,electronics.smartphone,samsung,264.79,562165504,64aa1b6e-e69d-4cec-a9af-b4ba2d94b461,$200-500
2019-11-16 09:00:28+00:00,purchase,13201309,,furniture.bedroom.bed,imperial,215.17,519914671,6b354988-d8e0-4882-b7d9-09d7e7465df3,$200-500
2019-11-16 09:03:51+00:00,purchase,1004838,,electronics.smartphone,oppo,154.42,518657268,2c4f08a0-c27d-4003-bc42-5bc9f28949e5,$100-200
2019-11-16 09:06:46+00:00,purchase,1005100,,electronics.smartphone,samsung,139.28,562165504,64aa1b6e-e69d-4cec-a9af-b4ba2d94b461,$100-200
2019-11-16 09:10:03+00:00,purchase,1005129,,electronics.smartphone,apple,1363.87,518142894,fdfab66f-9fa4-4e82-a51e-be1567af7891,>$1000
2019-11-16 09:10:19+00:00,purchase,12705215,,unknown,viatti,46.46,512997138,44c536fe-18a8-4fa3-b623-ce11a66a0064,<$50
2019-11-16 09:11:22+00:00,purchase,1004856,,electronics.smartphone,samsung,128.42,559378963,9a0e1989-22f6-4091-8f09-22094dd7e5bf,$100-200
2019-11-16 09:12:47+00:00,purchase,3700689,,appliances.environment.vacuum,samsung,203.61,537517071,27d916e4-edb9-45b1-9076-d5971b608a4f,$200-500
2019-11-16 09:14:25+00:00,purchase,34200335,,unknown,,59.2,516354682,92609d9c-94fc-4890-9b2b-7d3277da2c5c,$50-100
2019-11-16 09:14:54+00:00,purchase,5300481,,unknown,vitek,18.25,517445127,c7c044fe-1f10-438a-b263-5279b7058dd7,<$50
2019-11-16 09:15:34+00:00,purchase,4000170,,construction.tools.generator,tefal,128.68,514689152,815ba409-4884-4870-a9ec-795c05292796,$100-200
2019-11-16 09:16:55+00:00,purchase,1004870,,electronics.smartphone,samsung,298.08,520421294,9d8cfa79-7020-45a7-a6cc-ceffb562f544,$200-500
2019-11-16 09:17:03+00:00,purchase,1005121,,electronics.smartphone,apple,965.02,546886596,fa693dbf-18dc-4712-8d05-31b1c74ece94,$500-1000
2019-11-16 09:18:16+00:00,purchase,28101266,,unknown,,433.73,514730357,5fccbd49-836d-416d-ac0d-60d0c191cfad,$200-500
2019-11-16 09:18:32+00:00,purchase,1005118,,electronics.smartphone,apple,964.25,518921543,4384ef08-927f-4860-9de1-d5865c909e1c,$500-1000
2019-11-16 09:19:19+00:00,purchase,1801739,,electronics.video.tv,samsung,303.48,559546878,a4912e6c-7267-4028-aa6c-96ba76360352,$200-500
2019-11-16 09:21:01+00:00,purchase,2701306,,appliances.kitchen.refrigerators,samsung,514.79,545565245,208b696b-9068-4e90-8324-93ab7e6ab9d1,$500-1000
2019-11-16 09:22:44+00:00,purchase,26200150,,unknown,,153.67,548267707,7220065f-febe-429b-9b3c-afe378146c5e,$100-200
2019-11-16 09:22:45+00:00,purchase,26300734,,unknown,,139.26,559378963,f6359728-4921-46bd-88a9-b827c477ba4b,$100-200
2019-11-16 09:23:17+00:00,purchase,1307572,,computers.notebook,acer,385.85,513147860,d8023bc8-cc3c-4116-8b88-afa7f3c2903e,$200-500
2019-11-16 09:23:27+00:00,purchase,12706655,,unknown,nokian,45.82,562729956,b328f25a-ecc7-420a-a39c-18cc38a64a90,<$50
2019-11-16 09:24:05+00:00,purchase,1004767,,electronics.smartphone,samsung,246.3,533309519,6ceaf741-ba7a-4c5e-9cfd-7dfd1c99da5e,$200-500
2019-11-16 09:25:28+00:00,purchase,26400193,,unknown,,253.55,548267707,7220065f-febe-429b-9b3c-afe378146c5e,$200-500
2019-11-16 09:25:31+00:00,purchase,1004833,,electronics.smartphone,samsung,179.15,559696608,7ecd9182-e29a-4dcb-9f6a-2442fd34bca8,$100-200
2019-11-16 09:25:58+00:00,purchase,1004259,,electronics.smartphone,apple,824.94,513107972,476638c0-4ef8-4e85-9252-9d487308c370,$500-1000
2019-11-16 09:27:49+00:00,purchase,1002629,,electronics.smartphone,apple,377.1,515226193,26bc7e8b-6818-8d7f-4d1f-07e85871fefd,$200-500
2019-11-16 09:29:32+00:00,purchase,15201234,,unknown,on,52.25,513107972,476638c0-4ef8-4e85-9252-9d487308c370,$50-100
2019-11-16 09:30:27+00:00,purchase,26400250,,unknown,,149.55,548267707,7220065f-febe-429b-9b3c-afe378146c5e,$100-200
2019-11-16 09:30:54+00:00,purchase,4100151,,unknown,sony,416.46,538535399,380e0938-ea65-4053-8f09-2e5290636ce1,$200-500
2019-11-16 09:31:06+00:00,purchase,2201108,,unknown,nikon,1029.6,517009189,b27b592b-a380-4d2a-aa5d-11d064a84f4a,>$1000
2019-11-16 09:31:36+00:00,purchase,3700127,,appliances.environment.vacuum,lg,196.89,532051021,a8e7265d-3abd-41a8-934e-527deee40402,$100-200
2019-11-16 09:32:22+00:00,purchase,5100816,,unknown,xiaomi,32.66,547179182,c568ccdb-b651-44ef-8c61-eaef8b9624cc,<$50
2019-11-16 09:33:02+00:00,purchase,1005138,,electronics.smartphone,apple,1672.89,515226193,26bc7e8b-6818-8d7f-4d1f-07e85871fefd,>$1000
2019-11-16 09:37:09+00:00,purchase,1004873,,electronics.smartphone,samsung,383.02,517495453,d21ef439-837b-7f21-b0ad-da09f0f64b0d,$200-500
2019-11-16 09:38:22+00:00,purchase,1005069,,electronics.smartphone,vivo,308.86,514912036,6fe34634-e0f0-4e7d-b967-4615bfdadf0f,$200-500
2019-11-16 09:40:03+00:00,purchase,4803977,,electronics.audio.headphone,samsung,120.47,564313484,1cb018f8-f09d-4a3b-a285-8bbf61ad9c57,$100-200
2019-11-16 09:41:11+00:00,purchase,1004858,,electronics.smartphone,samsung,128.42,548460009,036c57e3-aa57-41db-9cd8-d5d5bf51a664,$100-200
2019-11-16 09:41:41+00:00,purchase,4803977,,electronics.audio.headphone,samsung,120.47,564313484,1cb018f8-f09d-4a3b-a285-8bbf61ad9c57,$100-200
2019-11-16 09:42:14+00:00,purchase,1005130,,electronics.smartphone,apple,1585.24,512758694,0b42726a-13ee-4f7f-8e91-a5cf61973ba7,>$1000
2019-11-16 09:43:02+00:00,purchase,1801804,,electronics.video.tv,lg,2316.38,536588408,a3129fa8-4c3a-4cc9-9aa8-6f566322a6f0,>$1000
2019-11-16 09:45:07+00:00,purchase,1004665,,electronics.smartphone,samsung,842.98,516441604,8d614f60-4620-4194-9454-6135942cf1aa,$500-1000
2019-11-16 09:47:29+00:00,purchase,1004875,,electronics.smartphone,samsung,389.95,516441604,8d614f60-4620-4194-9454-6135942cf1aa,$200-500
2019-11-16 09:49:07+00:00,purchase,2702443,,appliances.kitchen.refrigerators,dauscher,411.34,565724778,f9db2414-32c2-468c-80b2-46430d331317,$200-500
2019-11-16 09:49:23+00:00,purchase,15100110,,unknown,,874.93,536649487,3d6658ec-e233-4180-ba63-678eba4c2e63,$500-1000
2019-11-16 09:51:19+00:00,purchase,13300108,,unknown,,107.08,536649487,3d6658ec-e233-4180-ba63-678eba4c2e63,$100-200
2019-11-16 09:51:36+00:00,purchase,5100900,,unknown,huawei,38.33,548236699,bdddeb03-8d47-418c-baf9-22efc46673a3,<$50
2019-11-16 09:52:13+00:00,purchase,1801906,,electronics.video.tv,tcl,256.12,526255095,5728c6a8-3072-45d6-93ed-6860d3bdb250,$200-500
2019-11-16 09:52:14+00:00,purchase,1004836,,electronics.smartphone,samsung,250.97,560030596,8da70a5d-da42-4a0c-af7a-e09c9bbc4f76,$200-500
2019-11-16 09:52:23+00:00,purchase,1802037,,electronics.video.tv,lg,282.63,548587440,5d2b5dba-9df0-45f6-a572-06f9f6ed6c38,$200-500
2019-11-16 09:52:31+00:00,purchase,26402589,,unknown,,324.88,512536813,0d1fedf9-25ee-41ed-baf0-6208037e9848,$200-500
2019-11-16 09:52:53+00:00,purchase,1004833,,electronics.smartphone,samsung,179.16,565724778,f9db2414-32c2-468c-80b2-46430d331317,$100-200
2019-11-16 09:55:19+00:00,purchase,1004833,,electronics.smartphone,samsung,179.16,565724778,f9db2414-32c2-468c-80b2-46430d331317,$100-200
2019-11-16 09:59:11+00:00,purchase,26800064,,unknown,,463.07,533799459,b03f1bcf-9fe3-43eb-8168-3a093bdd65d3,$200-500
2019-11-16 10:00:45+00:00,purchase,17800342,,computers.desktop,zeta,66.9,519967953,1a19d84b-25e5-4bc6-9c64-c05b94a2f13b,$50-100
2019-11-16 10:01:47+00:00,purchase,1801766,,electronics.video.tv,artel,153.93,513288851,39bff8e1-1f64-4d6d-a039-8c72d71b9fdf,$100-200
2019-11-16 10:04:22+00:00,purchase,2800007,,appliances.kitchen.refrigerators,atlant,254.55,526992024,28f20546-4c3a-4269-8106-e509c39bdfd7,$200-500
2019-11-16 10:05:12+00:00,purchase,15200781,,unknown,volta,49.42,537751473,05b71eb1-f6cf-4263-8500-60164705d96c,<$50
2019-11-16 10:09:16+00:00,purchase,22300003,,unknown,xiaomi,81.78,513288851,39bff8e1-1f64-4d6d-a039-8c72d71b9fdf,$50-100
2019-11-16 10:10:20+00:00,purchase,1802113,,electronics.video.tv,kivi,192.8,514525010,1142d759-be71-406e-80a5-784db1b642bf,$100-200
2019-11-16 10:12:45+00:00,purchase,3801304,,appliances.iron,tefal,64.33,564994275,a2bf66d5-427f-4450-9498-2cf3de3394cf,$50-100
2019-11-16 10:13:32+00:00,purchase,4100341,,unknown,sony,449.95,556442596,94fadd9c-7ee4-473b-a000-3f60c7800e7e,$200-500
2019-11-16 10:14:14+00:00,purchase,3700748,,appliances.environment.vacuum,samsung,107.83,514525010,1142d759-be71-406e-80a5-784db1b642bf,$100-200
2019-11-16 10:18:01+00:00,purchase,100004320,,unknown,nika,97.79,558666715,9a97e07a-8399-493b-9349-e83fe5b701e5,$50-100
2019-11-16 10:18:33+00:00,purchase,1002524,,electronics.smartphone,apple,561.64,538668320,2b3b43e2-8dd1-435a-ab34-4db0616a1e25,$500-1000
2019-11-16 10:18:47+00:00,purchase,3200173,,appliances.kitchen.meat_grinder,,54.57,526255095,5728c6a8-3072-45d6-93ed-6860d3bdb250,$50-100
2019-11-16 10:19:30+00:00,purchase,1004835,,electronics.smartphone,samsung,253.28,541313444,043606db-c320-42d7-b721-30c4beebd6f3,$200-500
2019-11-16 10:20:00+00:00,purchase,1004767,,electronics.smartphone,samsung,246.3,538668320,2b3b43e2-8dd1-435a-ab34-4db0616a1e25,$200-500
2019-11-16 10:20:40+00:00,purchase,4804718,,electronics.audio.headphone,apple,358.57,556442596,bc7adf1a-7c8d-4ae9-9497-84cd315fb560,$200-500
2019-11-16 10:20:53+00:00,purchase,6200429,,appliances.environment.air_heater,hyundai,38.2,515068260,45d392e6-e1f3-488f-acc2-d02c43b9ce7a,<$50
2019-11-16 10:22:34+00:00,purchase,3200173,,appliances.kitchen.meat_grinder,,54.57,526255095,5728c6a8-3072-45d6-93ed-6860d3bdb250,$50-100
2019-11-16 10:23:39+00:00,purchase,1005115,,electronics.smartphone,apple,913.79,540295927,46cca8ec-bb5c-44a8-b85c-112f012a0d8c,$500-1000
2019-11-16 10:23:55+00:00,purchase,2601446,,unknown,dauscher,432.11,557328844,f7d5cc2b-b3ee-4df9-86cc-a9947005d3cd,$200-500
2019-11-16 10:24:50+00:00,purchase,1005221,,electronics.smartphone,xiaomi,288.04,541328832,170eba79-e028-48d0-a281-906f9e3a4f03,$200-500
2019-11-16 10:28:17+00:00,purchase,1004785,,electronics.smartphone,huawei,264.72,533618122,6e2b7c3d-e417-4df7-a94d-1de10202c291,$200-500
2019-11-16 10:30:38+00:00,purchase,1801766,,electronics.video.tv,artel,153.93,523166574,613f7cdf-557d-4e41-9518-b5237ffeff07,$100-200
2019-11-16 10:31:41+00:00,purchase,1005141,,electronics.smartphone,apple,1661.15,515447053,4b1636d1-0755-4836-b022-af6c08d2b171,>$1000
2019-11-16 10:33:04+00:00,purchase,17303027,,unknown,,96.42,518674700,e9bef4bb-fd44-48f7-9071-2e68546efa12,$50-100
2019-11-16 10:33:13+00:00,purchase,1005122,,electronics.smartphone,apple,1022.75,513035339,7ee90f0b-7f9f-4cad-8c09-6e46becfeaf3,>$1000
2019-11-16 10:34:22+00:00,purchase,1801766,,electronics.video.tv,artel,153.93,523166574,613f7cdf-557d-4e41-9518-b5237ffeff07,$100-200
2019-11-16 10:34:25+00:00,purchase,2701646,,appliances.kitchen.refrigerators,indesit,259.44,531251311,4a5a0645-5596-4837-a576-780900100bdd,$200-500
2019-11-16 10:36:07+00:00,purchase,1307190,,computers.notebook,hp,391.23,532208411,5b7d4ec7-ef0e-47ea-9378-b5e1d68733d9,$200-500
2019-11-16 10:37:01+00:00,purchase,1005144,,electronics.smartphone,apple,1661.3,512758694,257ef7f6-fa1c-4751-9990-d2c3e1cfe90e,>$1000
2019-11-16 10:37:23+00:00,purchase,2700199,,appliances.kitchen.refrigerators,lg,2059.23,559733730,cb1db15f-d2a5-4b7d-9e1f-76ebe0a5009d,>$1000
2019-11-16 10:40:18+00:00,purchase,3701016,,appliances.environment.vacuum,tefal,123.53,513423341,ef4204f5-e7b3-44f7-83d7-f498527d445e,$100-200
2019-11-16 10:42:42+00:00,purchase,1005161,,electronics.smartphone,xiaomi,202.32,519404118,c4be9465-cae1-4f28-b11f-89a1a304be3d,$200-500
2019-11-16 10:43:07+00:00,purchase,22700193,,unknown,stels,82.37,514297650,b327c6ad-a2c8-487b-a160-a2fd07035578,$50-100
2019-11-16 10:47:54+00:00,purchase,1500463,,computers.peripherals.printer,hp,164.71,515507202,14f2001c-f15f-450b-ad5a-2bdfa7577aea,$100-200
2019-11-16 10:47:55+00:00,purchase,1801710,,electronics.video.tv,lg,694.97,512865001,0c228d92-da07-4ec2-a0b8-c3491333f188,$500-1000
2019-11-16 10:48:03+00:00,purchase,13400771,,unknown,,97.02,535567355,b781bb72-1b32-4439-aac4-c9f507418106,$50-100
2019-11-16 10:51:09+00:00,purchase,13300622,,unknown,askona,283.37,513739589,3ed55e02-9cb5-4b74-8b4b-20c93466a802,$200-500
2019-11-16 10:51:22+00:00,purchase,1201504,,electronics.tablet,samsung,149.91,513298297,0e5c8e7e-0e94-4155-8377-99d3caec0cea,$100-200
2019-11-16 10:51:32+00:00,purchase,13400537,,unknown,,99.1,535567355,b781bb72-1b32-4439-aac4-c9f507418106,$50-100
2019-11-16 10:52:43+00:00,purchase,25900023,,computers.components.cooler,almacom,63.39,543436579,2cef2617-295e-4e02-9bce-43dc5762da5f,$50-100
2019-11-16 10:54:14+00:00,purchase,1004748,,electronics.smartphone,huawei,128.42,518750260,1b32e7f8-bb98-4057-9b33-516721dc5431,$100-200
2019-11-16 10:55:45+00:00,purchase,12706259,,unknown,nokian,53.54,512581033,c2e7dc47-2fe0-486f-b1e2-ba0c55748702,$50-100
2019-11-16 11:15:04+00:00,purchase,1003310,,electronics.smartphone,apple,746.04,514304182,ecc8c5b0-b749-492d-8aac-819e81c98d1f,$500-1000
2019-11-16 11:15:39+00:00,purchase,2501799,,appliances.kitchen.oven,elenberg,46.31,514645487,ed98183e-ea7f-4c09-8494-9bafa6917398,<$50
2019-11-16 11:15:52+00:00,purchase,1004856,,electronics.smartphone,samsung,128.42,544198516,b4068c57-a144-484d-9c8a-8ef9dcefba72,$100-200
2019-11-16 11:18:29+00:00,purchase,1002544,,electronics.smartphone,apple,493.94,512995606,d1ca9a0a-a16b-4d6a-ab37-81d3fc2fa4cd,$200-500
2019-11-16 11:18:38+00:00,purchase,21401455,,electronics.clocks,casio,125.61,518674700,ea11a22e-97b6-4495-921c-ca6a3156d5f4,$100-200
2019-11-16 11:19:37+00:00,purchase,5701038,,auto.accessories.player,kenwood,136.43,547878505,5a984f2f-fde0-4486-8a03-d30a705e7d81,$100-200
2019-11-16 11:20:39+00:00,purchase,1003306,,electronics.smartphone,apple,589.46,530450452,98daecc4-dedd-4fea-b7ee-62da1c380ca2,$500-1000
2019-11-16 11:25:09+00:00,purchase,1307238,,computers.notebook,lenovo,303.46,540272176,2d4018d3-7fc6-41ae-ae7c-bdb9fdd29002,$200-500
2019-11-16 11:28:51+00:00,purchase,1004856,,electronics.smartphone,samsung,128.42,514726003,607a6f15-4b53-4269-be81-a2cd2842153e,$100-200
2019-11-16 11:29:34+00:00,purchase,1005105,,electronics.smartphone,apple,1389.38,527820853,cd5068b1-7022-4439-a13f-2aa1606d5372,>$1000
2019-11-16 11:30:02+00:00,purchase,17200777,,furniture.living_room.sofa,,1027.49,515109106,6f0463ef-f27e-4190-88aa-4690125e41b9,>$1000
2019-11-16 11:30:43+00:00,purchase,3700833,,appliances.environment.vacuum,lg,120.21,549034998,f29f4a8c-de20-42a7-ac38-ba940e850294,$100-200
2019-11-16 11:30:51+00:00,purchase,26300089,,unknown,lucente,271.82,513456258,121aa3c5-686f-4b06-85c6-d02d0e17e19b,$200-500
2019-11-16 11:32:11+00:00,purchase,12706656,,unknown,nokian,50.71,547335314,0d64433c-151d-4044-a945-6220bb0dbaf2,$50-100
2019-11-16 11:36:27+00:00,purchase,4501997,,appliances.kitchen.hob,hansa,228.81,514655904,94387607-218c-4d22-9837-eea4840d6ae1,$200-500
2019-11-16 11:38:16+00:00,purchase,4802272,,electronics.audio.headphone,samsung,5.87,544962721,d6623a1c-741e-429b-b7f6-613ca2a79ac1,<$50
2019-11-16 11:39:40+00:00,purchase,4100126,,unknown,sony,348.66,544962721,d6623a1c-741e-429b-b7f6-613ca2a79ac1,$200-500
2019-11-16 11:42:07+00:00,purchase,1005115,,electronics.smartphone,apple,957.55,519511293,c987eb03-c25b-426c-a3c0-08f94075fa33,$500-1000
2019-11-16 11:45:16+00:00,purchase,30000048,,construction.tools.welding,,118.41,543375956,41e1b42c-0284-444f-b450-6a1a9f189e58,$100-200
2019-11-16 11:50:56+00:00,purchase,12703005,,unknown,cordiant,45.05,543958812,858938a8-df81-4bc9-b652-dfe8965878bd,<$50
2019-11-16 11:51:21+00:00,purchase,1004856,,electronics.smartphone,samsung,128.42,525110179,373006f5-3017-44d7-aa69-2424d1f7f003,$100-200
2019-11-16 11:53:58+00:00,purchase,1004856,,electronics.smartphone,samsung,128.42,533932538,6c57cb24-ec00-41c9-8249-79e1914a7b08,$100-200
2019-11-16 11:57:39+00:00,purchase,2501926,,appliances.kitchen.oven,hansa,347.22,514655904,ded27c41-8f74-4f93-bdb5-2b3971ca6c0c,$200-500
2019-11-16 11:58:23+00:00,purchase,1004856,,electronics.smartphone,samsung,128.42,533932538,6c57cb24-ec00-41c9-8249-79e1914a7b08,$100-200
2019-11-16 11:59:41+00:00,purchase,1005073,,electronics.smartphone,samsung,1132.41,516441604,a3112f31-3dca-4557-a387-d88993a6eff4,>$1000
2019-11-16 12:00:33+00:00,purchase,2601260,,unknown,dauscher,485.98,542510442,aa522056-ec09-4736-85b8-29abccdac88d,$200-500
2019-11-16 12:01:51+00:00,purchase,1004665,,electronics.smartphone,samsung,842.98,516441604,a3112f31-3dca-4557-a387-d88993a6eff4,$500-1000
2019-11-16 12:02:06+00:00,purchase,21400996,,electronics.clocks,casio,79.54,530482376,b0005bc1-5e47-42ac-8048-15b3c78e7eb9,$50-100
2019-11-16 12:15:37+00:00,purchase,12700981,,unknown,nokian,80.31,523218666,cc427f55-b7bb-4727-8cfe-8fa6c3e7b248,$50-100
2019-11-16 12:16:24+00:00,purchase,19300009,,appliances.ironing_board,perilla,38.33,543958812,2595d724-f155-4840-9a3e-71c291dfe8ba,<$50
2019-11-16 12:17:13+00:00,purchase,48300047,,unknown,silverlit,25.23,518866710,e8247a71-f225-4e32-b0e7-3a7bc191ecb0,<$50
2019-11-16 12:19:13+00:00,purchase,1004767,,electronics.smartphone,samsung,246.3,515075234,65b36930-4a32-4999-a155-c9fde9805e55,$200-500
2019-11-16 12:19:47+00:00,purchase,2900936,,appliances.kitchen.microwave,galanz,61.75,514525010,18398147-5d3f-4a68-8a73-d3283cc24040,$50-100
2019-11-16 12:21:08+00:00,purchase,4804056,,electronics.audio.headphone,apple,169.37,545379269,72c4c2bd-d474-47af-83c7-fa672e11111e,$100-200
2019-11-16 12:24:55+00:00,purchase,6200695,,appliances.environment.air_heater,electrolux,77.2,515068260,373d74fa-94aa-4057-88b4-930ed58071a1,$50-100
2019-11-16 12:26:46+00:00,purchase,42600178,,unknown,sparta,40.41,513643290,d4aaa843-c06d-40b2-8f05-7011e00c9e9c,<$50
2019-11-16 12:28:11+00:00,purchase,3800310,,appliances.iron,vitek,37.3,543958812,2595d724-f155-4840-9a3e-71c291dfe8ba,<$50
2019-11-16 12:28:16+00:00,purchase,26400277,,unknown,lucente,143.38,538022043,d7bfc71e-c20a-44c0-a365-1317eeda21a1,$100-200
2019-11-16 12:31:19+00:00,purchase,2800350,,appliances.kitchen.refrigerators,,208.47,513935912,42cc11ed-8a5f-49f5-8be7-98a10b4eea7a,$200-500
2019-11-16 12:35:06+00:00,purchase,15200174,,unknown,crona,84.25,523218666,cc427f55-b7bb-4727-8cfe-8fa6c3e7b248,$50-100
2019-11-16 12:44:35+00:00,purchase,1005067,,electronics.smartphone,samsung,1157.82,516441604,025d87c6-ccf7-48e4-a61f-9b897c5ee616,>$1000
2019-11-16 12:47:33+00:00,purchase,21400996,,electronics.clocks,casio,79.54,515426678,70c67119-fd37-42b5-b15c-a2761a129b10,$50-100
2019-11-16 12:49:16+00:00,purchase,6201019,,appliances.environment.air_heater,,36.53,515068260,5de8e0f2-6065-4f7a-a265-433560a34d9a,<$50
2019-11-16 12:51:47+00:00,purchase,1005062,,electronics.smartphone,xiaomi,175.55,533780425,880d0476-86a9-4fb2-9a45-a3287e442116,$100-200
2019-11-16 12:52:45+00:00,purchase,1004839,,electronics.smartphone,oppo,154.39,536455814,597ba93f-dd6b-4993-8a01-0ddae2b947b4,$100-200
2019-11-16 12:52:52+00:00,purchase,1004857,,electronics.smartphone,samsung,128.42,533932538,6c57cb24-ec00-41c9-8249-79e1914a7b08,$100-200
2019-11-16 12:53:45+00:00,purchase,1004785,,electronics.smartphone,huawei,264.71,515507202,528a3b54-7691-4402-9c42-3f4a5b68c1a5,$200-500
2019-11-16 12:55:15+00:00,purchase,6200514,,appliances.environment.air_heater,ballu,12.61,544694633,eb6bb6e4-3c42-4b80-a45d-d2f42d4307fb,<$50
2019-11-16 12:56:21+00:00,purchase,100004450,,unknown,powertrac,44.15,512484704,6928cfbf-e79f-4db5-a043-bc1c7fa1b7cc,<$50
2019-11-16 12:57:06+00:00,purchase,1004856,,electronics.smartphone,samsung,128.42,514726003,14ccd5c0-683b-4aa9-8485-1fd81a4948ea,$100-200
2019-11-16 12:58:52+00:00,purchase,100006963,,electronics.video.tv,,151.61,538673095,485d3187-5bec-48bc-b6cd-4b41107749c9,$100-200
2019-11-16 13:01:40+00:00,purchase,4804640,,electronics.audio.headphone,sony,39.87,522197392,46b86846-7b4c-4946-adbd-b69558ebeddb,<$50
2019-11-16 13:01:55+00:00,purchase,3601212,,appliances.kitchen.washer,lg,394.06,529337603,6cacdf52-061c-43ca-857c-b82f868b8929,$200-500
2019-11-16 13:04:53+00:00,purchase,2800618,,appliances.kitchen.refrigerators,atlant,249.66,513935912,d920e209-43ce-4e75-a132-439847965c59,$200-500
2019-11-16 13:05:11+00:00,purchase,1004870,,electronics.smartphone,samsung,298.28,514355755,8c25b27f-e815-4210-979f-33a5b3e5510f,$200-500
2019-11-16 13:07:26+00:00,purchase,7002254,,kids.carriage,wingoffly,115.01,514113839,7fd43574-795e-b0d9-4947-b28939e44d66,$100-200
2019-11-16 13:07:47+00:00,purchase,1005105,,electronics.smartphone,apple,1363.92,559222318,82e14922-cae8-4bde-af90-7e26fd9cb78d,>$1000
2019-11-16 13:09:03+00:00,purchase,1004870,,electronics.smartphone,samsung,298.28,514355755,8c25b27f-e815-4210-979f-33a5b3e5510f,$200-500
2019-11-16 13:12:12+00:00,purchase,1004565,,electronics.smartphone,huawei,167.03,545355499,c41d867e-c656-4352-a309-d3b348398d84,$100-200
2019-11-16 13:18:14+00:00,purchase,28717957,,apparel.shoes,,100.13,512366835,eb5ab90e-9f87-4488-86e9-9fdaba9da78b,$100-200
2019-11-16 13:19:36+00:00,purchase,28717937,,apparel.shoes,cover,122.27,512366835,eb5ab90e-9f87-4488-86e9-9fdaba9da78b,$100-200
2019-11-16 13:20:08+00:00,purchase,4804055,,electronics.audio.headphone,apple,205.67,552453728,28564599-7000-47a9-bcc7-c7eb494dc8e5,$200-500
2019-11-16 13:22:49+00:00,purchase,7004509,,kids.carriage,belecoo,91.51,514113839,64561064-e493-42d0-8c89-4549af43030a,$50-100
2019-11-16 13:25:39+00:00,purchase,1004833,,electronics.smartphone,samsung,179.16,550296668,15f796b3-1683-4e6d-92e0-b7118542e304,$100-200
2019-11-16 13:27:32+00:00,purchase,1500440,,computers.peripherals.printer,epson,174.73,540272176,c0fd80c4-e7cc-493b-a5b6-c8fc2f308488,$100-200
2019-11-16 13:29:16+00:00,purchase,13201325,,furniture.bedroom.bed,giornonotte,686.5,518989371,516946bc-2efb-46b4-b6be-5b330d3d3363,$500-1000
2019-11-16 13:30:02+00:00,purchase,1005115,,electronics.smartphone,apple,913.79,545991620,d8b6171d-5862-4298-a5af-30699e56b941,$500-1000
2019-11-16 13:35:13+00:00,purchase,16800580,,furniture.kitchen.table,mebelson,170.89,518989371,516946bc-2efb-46b4-b6be-5b330d3d3363,$100-200
2019-11-16 13:37:15+00:00,purchase,1801739,,electronics.video.tv,samsung,303.48,514512259,04c59959-88a0-499e-81ef-231c60a78018,$200-500
2019-11-16 13:42:38+00:00,purchase,4600498,,appliances.kitchen.dishwasher,hansa,385.83,517667607,7508c388-f171-4995-b9e4-9553e2a7d386,$200-500
2019-11-16 13:44:54+00:00,purchase,1801881,,electronics.video.tv,samsung,540.53,518989371,516946bc-2efb-46b4-b6be-5b330d3d3363,$500-1000
2019-11-16 13:45:05+00:00,purchase,2702610,,appliances.kitchen.refrigerators,arg,90.07,558479562,7bbd855a-3d7f-4bfb-8ccd-179bd80d3e3b,$50-100
2019-11-16 13:49:52+00:00,purchase,1005160,,electronics.smartphone,xiaomi,202.31,544956376,a322d86b-3c83-4e55-9444-55eb9bb08183,$200-500
2019-11-16 13:51:59+00:00,purchase,2501969,,appliances.kitchen.oven,polaris,77.74,513787724,84254fa9-9de5-440b-a469-3bafe568cf93,$50-100
2019-11-16 13:53:23+00:00,purchase,4804056,,electronics.audio.headphone,apple,169.35,518955337,b16a7418-f487-43cf-a08a-c498fb15196a,$100-200
2019-11-16 13:54:04+00:00,purchase,22700128,,unknown,stels,66.9,512432519,f5707362-3eb0-4c13-8fb2-8599c27bff1e,$50-100
2019-11-16 13:54:44+00:00,purchase,22700128,,unknown,stels,66.9,512432519,f5707362-3eb0-4c13-8fb2-8599c27bff1e,$50-100
2019-11-16 13:57:31+00:00,purchase,17800089,,computers.desktop,zeta,66.9,519967953,a6015d2d-ab95-40af-9dfe-aabe12844be0,$50-100
2019-11-16 13:58:00+00:00,purchase,9500129,,computers.peripherals.camera,huawei,51.46,517009189,e957e5a3-2210-4b0b-acba-f44b9d474ed3,$50-100
2019-11-16 14:00:27+00:00,purchase,1005186,,electronics.smartphone,samsung,720.46,516574412,8cdb89d7-8176-4bcc-b88b-99fa8530d02e,$500-1000
2019-11-16 14:07:04+00:00,purchase,1004750,,electronics.smartphone,samsung,193.92,538184938,11a36b3d-ddef-4c54-a152-cced4eb35a93,$100-200
2019-11-16 14:18:03+00:00,purchase,1004836,,electronics.smartphone,samsung,244.02,515921436,54affa86-a198-4edf-bcf1-7ada59cf164c,$200-500
2019-11-16 14:18:19+00:00,purchase,16500007,,unknown,omron,62.29,514806404,4d3064a6-a57c-4f72-bc0e-c6247b2bc047,$50-100
2019-11-16 14:22:41+00:00,purchase,1801507,,electronics.video.tv,philips,489.05,513770527,748090ae-4b4c-425a-8ed5-292e5fbde8aa,$200-500
2019-11-16 14:23:21+00:00,purchase,1004750,,electronics.smartphone,samsung,193.92,538184938,01469cb8-8697-4a22-9a56-3a387260fa3d,$100-200
2019-11-16 14:26:24+00:00,purchase,1005174,,electronics.smartphone,samsung,643.23,540769753,93c5461b-fe36-4e1b-aba2-6324add88327,$500-1000
2019-11-16 14:27:10+00:00,purchase,5000575,,appliances.sewing_machine,janome,109.14,559222318,6974855e-28d1-4fbb-a660-31c0c24abd6d,$100-200
2019-11-16 14:28:40+00:00,purchase,1005073,,electronics.smartphone,samsung,1132.41,513770527,a934e5c6-361c-4162-9517-3d9f60c2cbfb,>$1000
2019-11-16 14:30:48+00:00,purchase,15200181,,unknown,bars,41.19,544694633,0bb07268-593c-47ec-8160-b9f74e4baacf,<$50
2019-11-16 14:35:20+00:00,purchase,1004768,,electronics.smartphone,samsung,263.84,551012565,018e48ec-7433-4779-bb7a-19eda8584fff,$200-500
2019-11-16 14:38:32+00:00,purchase,4803977,,electronics.audio.headphone,samsung,120.47,559992992,a32661c4-7573-4363-b374-dfd8b1328257,$100-200
2019-11-16 14:39:20+00:00,purchase,1801995,,electronics.video.tv,haier,180.16,518053453,92f00550-4098-412f-8796-3393bfc87a2d,$100-200
2019-11-16 14:41:35+00:00,purchase,3300010,,unknown,redmond,102.68,512744061,f2c5481b-5906-45ff-9d9a-fc87f96fd32d,$100-200
2019-11-16 14:42:00+00:00,purchase,3601522,,appliances.kitchen.washer,lg,308.12,513147860,8d98290f-92d4-4204-924f-c01f70c80800,$200-500
2019-11-16 14:44:27+00:00,purchase,1004750,,electronics.smartphone,samsung,193.92,538184938,1c6f9ba3-859a-46c8-9a0a-97270646df89,$100-200
2019-11-16 14:54:54+00:00,purchase,1004838,,electronics.smartphone,oppo,154.39,553170002,6402a3cf-87f9-4652-971d-49abf894a533,$100-200
2019-11-16 14:58:54+00:00,purchase,1005115,,electronics.smartphone,apple,958.32,518930965,332ea0e9-bfbf-428b-81a5-5b1e9bb09129,$500-1000
2019-11-16 14:59:06+00:00,purchase,5301648,,unknown,rowenta,36.27,513423341,cadd97e6-beaa-47b4-a48f-b132c766bf37,<$50
2019-11-16 15:04:43+00:00,purchase,11700280,,electronics.audio.acoustic,yamaha,263.04,519229425,1bbc7cb2-0b3b-4c8c-933f-7d628c6f47eb,$200-500
2019-11-16 15:05:31+00:00,purchase,100010151,,computers.desktop,,332.03,519466563,ed17a44a-52f7-48c3-85e0-36c02311150c,$200-500
2019-11-16 15:10:20+00:00,purchase,12711108,,unknown,cordiant,43.5,565265698,53f30bc8-70e2-47ca-b8be-f9f3a6af27ec,<$50
2019-11-16 15:12:09+00:00,purchase,1005115,,electronics.smartphone,apple,958.32,514348314,f0198844-72d8-492a-8438-1debe390a8de,$500-1000
2019-11-16 15:16:34+00:00,purchase,13800424,,furniture.bathroom.toilet,grohe,95.24,514655904,7362c51a-7155-4a8b-a0d9-6b24929f612d,$50-100
2019-11-16 15:17:04+00:00,purchase,2601784,,unknown,artel,183.02,513147860,32805a5d-a0e6-45df-8553-566d9ecf6a5d,$100-200
2019-11-16 15:17:45+00:00,purchase,6300361,,appliances.kitchen.kettle,elenberg,16.71,515138171,24f35c31-dd2b-4934-8f19-8c32970fee93,<$50
2019-11-16 15:18:33+00:00,purchase,3601405,,appliances.kitchen.washer,beko,177.07,514646462,63a4957d-e59a-4ea4-ad38-018e60a4ffa2,$100-200
2019-11-16 15:25:09+00:00,purchase,4803399,,electronics.audio.headphone,jbl,41.16,533751482,c6c4e036-8555-4cd6-a4b0-9f6e4e307b18,<$50
2019-11-16 15:26:19+00:00,purchase,1801690,,electronics.video.tv,samsung,406.45,512830805,75dc2bf3-93ff-41d3-ac2e-ecf39953f846,$200-500
2019-11-16 15:28:19+00:00,purchase,1005003,,electronics.smartphone,huawei,241.85,547577735,05020ef3-1813-416a-929e-e15c60dba9b4,$200-500
2019-11-16 15:28:25+00:00,purchase,6200514,,appliances.environment.air_heater,ballu,12.61,519187644,489f032a-c346-47eb-af70-d30cc34e8af7,<$50
2019-11-16 15:30:40+00:00,purchase,1004566,,electronics.smartphone,huawei,166.77,547577735,05020ef3-1813-416a-929e-e15c60dba9b4,$100-200
2019-11-17 03:44:52+00:00,purchase,1004565,,electronics.smartphone,huawei,166.75,547577735,e8c5670d-e35c-44de-99b1-22ba6d79a703,$100-200
2019-11-17 04:08:22+00:00,purchase,1005212,,electronics.smartphone,samsung,177.02,545958989,23bfa31a-d333-4afc-90c7-4c32060598b0,$100-200
2019-11-17 04:12:38+00:00,purchase,4600469,,appliances.kitchen.dishwasher,hansa,298.31,561445309,118d0c93-4fd3-440a-998f-bba5a951becb,$200-500
2019-11-17 04:14:23+00:00,purchase,3800774,,appliances.iron,philips,295.99,561445309,118d0c93-4fd3-440a-998f-bba5a951becb,$200-500
2019-11-17 04:16:34+00:00,purchase,1005137,,electronics.smartphone,apple,1492.45,535964217,ec8a8378-785b-4167-97a8-f6a0f05f6616,>$1000
2019-11-17 04:17:58+00:00,purchase,1005246,,electronics.smartphone,nokia,306.31,519277291,ed5f69c0-bf9d-4751-9edf-ab1b08efa037,$200-500
2019-11-17 04:20:42+00:00,purchase,26500132,,unknown,lucente,109.91,514465122,1ab5ca5a-6dc5-416b-81b1-966c6694e28a,$100-200
2019-11-17 04:23:45+00:00,purchase,3601461,,appliances.kitchen.washer,samsung,424.46,514355755,bacd53a2-b26b-453d-ad68-432de5ceb948,$200-500
2019-11-17 04:37:11+00:00,purchase,17300818,,unknown,,35.26,519535589,60fd10db-5241-4c82-8e6e-ea5357cb4156,<$50
2019-11-17 04:39:40+00:00,purchase,5300278,,unknown,rowenta,74.88,535964217,abec3e70-f2e6-4b97-9d4b-b3ddc00f0572,$50-100
2019-11-17 04:44:20+00:00,purchase,1005236,,electronics.smartphone,oppo,231.64,519238384,8f66ad72-398e-4846-aea4-c3e7bc6f9858,$200-500
2019-11-17 04:50:21+00:00,purchase,1801581,,electronics.video.tv,yasin,365.52,514355755,bacd53a2-b26b-453d-ad68-432de5ceb948,$200-500
2019-11-17 04:55:16+00:00,purchase,1801882,,electronics.video.tv,samsung,460.76,519238384,8f66ad72-398e-4846-aea4-c3e7bc6f9858,$200-500
2019-11-17 04:55:57+00:00,purchase,8700218,,appliances.personal.hair_cutter,braun,28.29,537816383,64a4d84d-f47c-45fb-b56d-66dac0447067,<$50
2019-11-17 04:57:35+00:00,purchase,1005236,,electronics.smartphone,oppo,231.61,519238384,8f66ad72-398e-4846-aea4-c3e7bc6f9858,$200-500
2019-11-17 04:57:50+00:00,purchase,28722367,,apparel.shoes,respect,68.21,515217699,225278b5-394c-45f2-82f3-5c942813f72f,$50-100
2019-11-17 05:02:33+00:00,purchase,3600913,,appliances.kitchen.washer,artel,97.61,543227340,eada0f6c-15f8-4467-8ab8-0347d125c936,$50-100
2019-11-17 05:04:56+00:00,purchase,10100850,,unknown,hasbro,39.64,512997138,426626ad-a7e0-4210-a533-4050433e5582,<$50
2019-11-17 05:07:07+00:00,purchase,28716606,,apparel.shoes,baden,82.63,560775988,4f79dc4b-41f1-4196-975b-617d46814da5,$50-100
2019-11-17 05:08:41+00:00,purchase,1003306,,electronics.smartphone,apple,591.52,516807564,6b8662d9-b98a-42b4-b760-7817f6c4f29b,$500-1000
2019-11-17 05:10:40+00:00,purchase,1802008,,electronics.video.tv,lg,680.3,512492512,74eb7161-ab20-4aff-acf8-8b7ede480634,$500-1000
2019-11-17 05:11:19+00:00,purchase,28722367,,apparel.shoes,respect,68.21,515217699,80b8c97d-352b-4993-bad9-811700fd7e5e,$50-100
2019-11-17 05:11:58+00:00,purchase,5300278,,unknown,rowenta,74.88,535964217,02423600-d818-4cfd-b752-f1c609786ebd,$50-100
2019-11-17 05:17:16+00:00,purchase,1004838,,electronics.smartphone,oppo,154.42,513389110,34ddc322-9a63-4dd6-992e-24bcb54a9d18,$100-200
2019-11-17 05:23:08+00:00,purchase,1801623,,electronics.video.tv,lg,396.64,563715690,dfb4988f-fc41-4c9a-a424-87df1a60fb3c,$200-500
2019-11-17 05:24:13+00:00,purchase,1005204,,electronics.smartphone,xiaomi,145.67,544956376,3f8bba91-7359-4317-a177-5a84f440d6d1,$100-200
2019-11-17 05:24:17+00:00,purchase,3601605,,appliances.kitchen.washer,lg,343.64,514355755,bacd53a2-b26b-453d-ad68-432de5ceb948,$200-500
2019-11-17 05:28:26+00:00,purchase,3700926,,appliances.environment.vacuum,samsung,68.98,519065862,72c4a969-a0fd-4181-9c4b-7acc35ae5286,$50-100
2019-11-17 05:30:23+00:00,purchase,1005006,,electronics.smartphone,xiaomi,85.72,532208411,b4ea861d-4328-4293-a89b-6f8cac19d265,$50-100
2019-11-17 05:32:02+00:00,purchase,57000010,,unknown,vihr,81.31,543375956,28a96a0b-15cc-4268-9ee0-8efda0500e9c,$50-100
2019-11-17 05:34:50+00:00,purchase,33300011,,furniture.kitchen.table,,156.99,530386821,773e4498-0e9f-4b32-9a18-4852985dde4b,$100-200
2019-11-17 05:39:14+00:00,purchase,1002524,,electronics.smartphone,apple,561.66,518639093,796a6854-1076-4cc2-a9a7-6c33635e5248,$500-1000
2019-11-17 05:40:37+00:00,purchase,3800796,,appliances.iron,tefal,360.29,512492512,74eb7161-ab20-4aff-acf8-8b7ede480634,$200-500
2019-11-17 05:41:42+00:00,purchase,1002532,,electronics.smartphone,apple,642.98,518639093,796a6854-1076-4cc2-a9a7-6c33635e5248,$500-1000
2019-11-17 05:42:15+00:00,purchase,3100632,,appliances.kitchen.blender,moulinex,50.43,517237341,fcb23455-1f90-4be4-9e51-1c0935ad92b4,$50-100
2019-11-17 05:42:20+00:00,purchase,3600857,,appliances.kitchen.washer,atlant,235.98,548228582,95f227f7-0158-4696-a211-ef0fb8e29cf8,$200-500
2019-11-17 05:44:35+00:00,purchase,1003306,,electronics.smartphone,apple,591.52,516807564,2316f7a2-d7c8-4f39-a447-20be0f933204,$500-1000
2019-11-17 05:46:03+00:00,purchase,14700106,,furniture.living_room.cabinet,,437.33,514567436,341b40d4-4507-405a-af33-7d386f615283,$200-500
2019-11-17 05:50:02+00:00,purchase,3600661,,appliances.kitchen.washer,samsung,308.86,514646462,a254b52c-1ae3-43f4-833a-f31ae2dd7eb2,$200-500
2019-11-17 05:50:48+00:00,purchase,8500101,,unknown,bosch,592.27,523798306,3a7ef2e7-3de0-4db9-9a0d-3e2b1085ce61,$500-1000
2019-11-17 05:59:40+00:00,purchase,1004836,,electronics.smartphone,samsung,244.02,563719408,3c84a6dd-2de9-4f5a-ab13-77da57c6d8f6,$200-500
2019-11-17 06:00:54+00:00,purchase,22600029,,auto.accessories.compressor,,87.06,518921543,5406c05b-5a7b-4cf0-bd31-5b97eb97fbcf,$50-100
2019-11-17 06:07:35+00:00,purchase,1004870,,electronics.smartphone,samsung,298.28,519404118,8f43f045-9ba6-489e-b17b-67cb595b11c5,$200-500
2019-11-17 06:11:37+00:00,purchase,5000389,,appliances.sewing_machine,bernina,501.69,512937751,49fe73e1-ca7d-42a0-9acd-7166ce6cad9e,$500-1000
2019-11-17 06:11:49+00:00,purchase,28719060,,apparel.shoes,baden,77.22,560155933,aacd19a3-ec1d-43a7-b269-cfd10087c39f,$50-100
2019-11-17 06:14:43+00:00,purchase,28703628,,apparel.shoes.keds,,257.15,559749774,22cbdf2a-d001-4f06-932b-cd457af2a5e4,$200-500
2019-11-17 06:15:33+00:00,purchase,26400966,,unknown,,219.05,512527908,e590d536-a918-4147-82b6-1ab8cde5f7fa,$200-500
2019-11-17 06:18:06+00:00,purchase,1004872,,electronics.smartphone,samsung,285.72,519404118,8f43f045-9ba6-489e-b17b-67cb595b11c5,$200-500
2019-11-17 06:20:37+00:00,purchase,3800966,,appliances.iron,elenberg,20.57,538499124,dce796ae-8aa0-4abb-9183-6586a15d6208,<$50
2019-11-17 06:22:05+00:00,purchase,1005159,,electronics.smartphone,xiaomi,202.32,565056261,a55ab16b-9e74-4259-b640-6d9af0f43230,$200-500
2019-11-17 06:23:32+00:00,purchase,17300136,,unknown,montale,120.21,513312098,bf1b07f4-7eb9-44fb-b510-acc3acef638b,$100-200
2019-11-17 06:24:08+00:00,purchase,26500136,,unknown,lucente,91.38,512527908,e590d536-a918-4147-82b6-1ab8cde5f7fa,$50-100
2019-11-17 06:25:58+00:00,purchase,3700748,,appliances.environment.vacuum,samsung,110.43,540272176,5092c0c0-f297-43bd-b742-c61456c17f2b,$100-200
2019-11-17 06:28:37+00:00,purchase,3700779,,appliances.environment.vacuum,xiaomi,295.76,512972256,45aa4c87-bd97-4075-92a8-408aeb38d5c4,$200-500
2019-11-17 06:28:51+00:00,purchase,5100816,,unknown,xiaomi,32.38,512753159,6c8d052a-806c-45d3-8fc1-ad4196b3cfd8,<$50
2019-11-17 06:29:43+00:00,purchase,1004990,,electronics.smartphone,oppo,257.38,543451610,d24b2bfc-5fa9-45a9-b669-d17a84ccf9d9,$200-500
2019-11-17 06:31:42+00:00,purchase,3601524,,appliances.kitchen.washer,samsung,397.56,514355755,bacd53a2-b26b-453d-ad68-432de5ceb948,$200-500
2019-11-17 06:32:39+00:00,purchase,1004833,,electronics.smartphone,samsung,179.16,541435838,4731b3e3-0d15-4e9d-bc67-d80c2e8d595f,$100-200
2019-11-17 06:35:08+00:00,purchase,26200627,,unknown,,139.77,548267707,8694ac29-b4e1-4c5a-bab5-98a869a866ea,$100-200
2019-11-17 06:36:34+00:00,purchase,4802443,,electronics.audio.headphone,jbl,54.03,548583985,5e18e627-5baa-4a1a-9b95-d71ab8264e31,$50-100
2019-11-17 06:40:34+00:00,purchase,13400422,,unknown,,99.87,514348314,dd590d82-2d99-479f-8df1-ec56e67345dd,$50-100
2019-11-17 06:42:40+00:00,purchase,1004838,,electronics.smartphone,oppo,154.42,525759108,6b13d8a3-412f-4433-86ff-31bb1783926c,$100-200
2019-11-17 06:45:24+00:00,purchase,1004856,,electronics.smartphone,samsung,128.42,535567355,f608e2a2-5c3f-4dbd-8f4d-199ee4580f31,$100-200
2019-11-17 06:50:13+00:00,purchase,1005006,,electronics.smartphone,xiaomi,85.72,535567355,f608e2a2-5c3f-4dbd-8f4d-199ee4580f31,$50-100
2019-11-17 06:50:34+00:00,purchase,34700033,,unknown,,177.61,559783349,e317509e-db8a-403d-bec8-c54aaa5a58f3,$100-200
2019-11-17 06:52:06+00:00,purchase,1005006,,electronics.smartphone,xiaomi,85.72,535567355,f608e2a2-5c3f-4dbd-8f4d-199ee4580f31,$50-100
2019-11-17 06:54:11+00:00,purchase,3700039,,appliances.environment.vacuum,lg,187.11,512778777,2bb8b6b4-99e6-4d2e-a93b-373bb13e7aca,$100-200
2019-11-17 06:55:22+00:00,purchase,3700648,,appliances.environment.vacuum,gorenje,90.07,514646462,1ad676ff-a84d-4791-8507-8030e7f4a128,$50-100
2019-11-17 06:55:39+00:00,purchase,1004249,,electronics.smartphone,apple,795.9,529526759,5c41e0f4-2394-4385-bbef-7c5be639917b,$500-1000
2019-11-17 06:56:00+00:00,purchase,1801929,,electronics.video.tv,samsung,566.01,518482666,c01671a2-af21-4aef-b2c3-b380025e4294,$500-1000
2019-11-17 06:58:28+00:00,purchase,5801656,,electronics.audio.subwoofer,element,131.27,521758960,bbc97d19-6c47-4c32-b1ad-d51fa42caa51,$100-200
2019-11-17 06:59:16+00:00,purchase,4804056,,electronics.audio.headphone,apple,169.37,565086933,a19e054b-dea7-43a5-9675-f2fd19a6e664,$100-200
2019-11-17 07:00:34+00:00,purchase,4804056,,electronics.audio.headphone,apple,169.37,565086933,a19e054b-dea7-43a5-9675-f2fd19a6e664,$100-200
2019-11-17 07:06:50+00:00,purchase,1003318,,electronics.smartphone,apple,1106.77,559120171,28c201ff-f37c-45f8-9bf9-25f106132448,>$1000
2019-11-17 07:08:48+00:00,purchase,1005115,,electronics.smartphone,apple,958.32,522835473,035e9816-d6eb-499a-a4ef-60fda0e61bdc,$500-1000
2019-11-17 07:13:27+00:00,purchase,1005253,,electronics.smartphone,xiaomi,288.04,521479418,935f162a-dc7d-4b20-bfdd-06772b58fd94,$200-500
2019-11-17 07:25:25+00:00,purchase,1005205,,electronics.smartphone,oppo,231.61,521347240,34e31729-6167-4660-9685-944f5a1969fb,$200-500
2019-11-17 07:26:33+00:00,purchase,28102862,,unknown,baltekstil,86.75,514997951,91a37483-c7cd-4668-b680-69525bf2a0a6,$50-100
2019-11-17 07:27:01+00:00,purchase,3700127,,appliances.environment.vacuum,lg,196.89,545565245,e9cba19b-47b7-44bd-ab34-1f6f39e48e56,$100-200
2019-11-17 07:28:06+00:00,purchase,1005287,,electronics.smartphone,xiaomi,262.3,526256941,a546f606-e695-4124-b27c-34fc0f8e6883,$200-500
2019-11-17 07:28:35+00:00,purchase,5100715,,electronics.clocks,aimoto,53.54,514997951,20fb9767-5473-40e0-ae27-2779d162dbad,$50-100
2019-11-17 07:36:47+00:00,purchase,7001735,,kids.carriage,wingoffly,115.83,526222699,38abc44e-377c-4486-8447-a677a60c4859,$100-200
2019-11-17 07:42:13+00:00,purchase,1004833,,electronics.smartphone,samsung,179.15,561865536,02964879-d74c-44fb-86f4-8a6d2bee81c6,$100-200
2019-11-17 07:49:57+00:00,purchase,4100245,,unknown,sony,460.24,560877598,a555638a-866f-452f-97ea-e068e190de82,$200-500
2019-11-17 07:51:22+00:00,purchase,26202063,,unknown,,1956.29,564058980,0b141aa6-33f2-4116-bd84-5e796c3aa217,>$1000
2019-11-17 07:52:40+00:00,purchase,1005253,,electronics.smartphone,xiaomi,287.78,536649487,11a4b5c5-4dd2-433c-8705-ce65751ad54f,$200-500
2019-11-17 07:53:51+00:00,purchase,10201322,,kids.dolls,spinmaster,139.0,560877598,a555638a-866f-452f-97ea-e068e190de82,$100-200
2019-11-17 07:58:31+00:00,purchase,51600011,,electronics.clocks,,12.84,517237341,19abab74-b219-4065-b064-d6bf1128b552,<$50
2019-11-17 07:58:47+00:00,purchase,1004785,,electronics.smartphone,huawei,262.55,514643062,71514e09-97cc-449a-b95b-ed3b915a6ab4,$200-500
2019-11-17 07:59:37+00:00,purchase,12711989,,unknown,triangle,49.16,540005545,4071fac0-56a2-407f-9e9e-107b0c6ef910,<$50
2019-11-17 08:01:17+00:00,purchase,1005253,,electronics.smartphone,xiaomi,287.78,536649487,3f5287d5-9b8e-4baa-b45a-f0a708f5b105,$200-500
2019-11-17 08:02:32+00:00,purchase,1002542,,electronics.smartphone,apple,514.53,514187945,e00cf554-671e-4e12-b994-1725870baef1,$500-1000
2019-11-17 08:02:35+00:00,purchase,1005116,,electronics.smartphone,apple,1013.82,519930017,c18b48a1-8110-44d8-9c70-7f64388b8b26,>$1000
2019-11-17 08:06:20+00:00,purchase,9700359,,computers.components.power_supply,deepcool,34.75,515839864,7927b5a7-02ef-49aa-b8de-d636379f7453,<$50
2019-11-17 08:07:34+00:00,purchase,12711989,,unknown,triangle,49.16,540005545,4071fac0-56a2-407f-9e9e-107b0c6ef910,<$50
2019-11-17 08:07:44+00:00,purchase,1005115,,electronics.smartphone,apple,958.71,519511293,057f9814-c67b-4ab6-94f5-d0dfec71a337,$500-1000
2019-11-17 08:08:49+00:00,purchase,30900016,,computers.components.cooler,,10.53,515839864,7927b5a7-02ef-49aa-b8de-d636379f7453,<$50
2019-11-17 08:10:24+00:00,purchase,1004888,,electronics.smartphone,samsung,243.99,512896211,1dad56d9-2b01-c6d7-6246-5770e051ef0f,$200-500
2019-11-17 08:12:00+00:00,purchase,9800240,,unknown,aerocool,43.24,515839864,7927b5a7-02ef-49aa-b8de-d636379f7453,<$50
2019-11-17 08:12:40+00:00,purchase,4804295,,electronics.audio.headphone,xiaomi,33.21,557293523,24bfdac4-d38d-4e9d-99df-4101d7a715ab,<$50
2019-11-17 08:15:57+00:00,purchase,1005271,,electronics.smartphone,sony,926.41,544033534,4f2f6be7-5ec0-4f5e-9b57-ed24ea339510,$500-1000
2019-11-17 08:22:46+00:00,purchase,12300705,,construction.tools.drill,,79.78,540947236,6ac802fb-0235-44b3-ad41-a01b3666e312,$50-100
2019-11-17 08:22:54+00:00,purchase,1005221,,electronics.smartphone,xiaomi,287.78,546264779,cf35fec5-eac0-4e59-a60b-0b8a855301d9,$200-500
2019-11-17 08:23:04+00:00,purchase,1480197,,computers.desktop,lenovo,355.97,515068260,30bd0857-ed7d-430b-96a1-a883e1a423d0,$200-500
2019-11-17 08:23:15+00:00,purchase,1802037,,electronics.video.tv,lg,307.55,558479562,995c8077-b54b-4b83-ad76-41915cbddab1,$200-500
2019-11-17 08:24:18+00:00,purchase,2601260,,unknown,dauscher,468.45,536590614,d8c59d8f-8dde-4980-b191-110724f4d6c8,$200-500
2019-11-17 08:25:01+00:00,purchase,13901370,,construction.components.faucet,grohe,92.67,514655904,55b438f2-c745-49b8-a227-bd9a7484b175,$50-100
2019-11-17 08:26:02+00:00,purchase,1801739,,electronics.video.tv,samsung,308.09,513719895,bf861d5b-ff6d-4002-81bc-3c71f07514ed,$200-500
2019-11-17 08:32:58+00:00,purchase,3701021,,appliances.environment.vacuum,artel,70.58,563613701,84ec22fc-f564-4a7b-972b-679714549edc,$50-100
2019-11-17 08:35:34+00:00,purchase,26403274,,unknown,,322.79,564058980,48f7e622-888a-435f-912f-fc8c6b6b5db3,$200-500
2019-11-17 08:37:06+00:00,purchase,26400192,,unknown,,368.61,564058980,117f925b-03ca-4bbd-a99a-1fefc2a93081,$200-500
2019-11-17 08:45:19+00:00,purchase,1004863,,electronics.smartphone,samsung,178.9,513022320,10488cad-1fed-4c8f-8442-77d37346be35,$100-200
2019-11-17 08:45:42+00:00,purchase,5701178,,auto.accessories.player,swat,28.83,531607554,667b2b66-a10c-402e-af3f-78d4f0add943,<$50
2019-11-17 08:48:24+00:00,purchase,4804295,,electronics.audio.headphone,xiaomi,33.21,559673568,dc9a1d1a-bd08-4854-8638-018272cfb8ed,<$50
2019-11-17 08:49:43+00:00,purchase,2800007,,appliances.kitchen.refrigerators,atlant,254.55,558479562,995c8077-b54b-4b83-ad76-41915cbddab1,$200-500
2019-11-17 08:53:31+00:00,purchase,21411346,,electronics.clocks,,25.74,530397320,cf3318a9-bd71-450a-b5b8-3c1a70e1506b,<$50
2019-11-17 08:55:29+00:00,purchase,26400761,,unknown,,473.63,564058980,584e43c9-1560-49fe-80df-9dc44966d352,$200-500
2019-11-17 08:55:58+00:00,purchase,1004856,,electronics.smartphone,samsung,128.42,560804315,b1d56faf-be5c-449a-9b2f-c2437ed30634,$100-200
2019-11-17 08:58:44+00:00,purchase,26300797,,unknown,sokolov,494.26,549370218,f5ecae53-bb5f-8caf-088d-a81df18d9f1d,$200-500
2019-11-17 09:03:57+00:00,purchase,3601240,,appliances.kitchen.washer,candy,398.95,515524358,08beb16a-e094-4f7d-9ecf-dbd2df4dac0b,$200-500
2019-11-17 09:08:34+00:00,purchase,26500126,,unknown,lucente,175.29,549370218,f5ecae53-bb5f-8caf-088d-a81df18d9f1d,$100-200
2019-11-17 09:10:50+00:00,purchase,1004741,,electronics.smartphone,xiaomi,189.19,518923961,7979b92f-fb5e-4523-baeb-e27a94b949bb,$100-200
2019-11-17 09:13:22+00:00,purchase,26404034,,unknown,,550.09,564058980,584e43c9-1560-49fe-80df-9dc44966d352,$500-1000
2019-11-17 09:13:39+00:00,purchase,1802034,,electronics.video.tv,kivi,117.87,512568937,68d34d47-8e58-4b28-95e3-f608ca11ecd6,$100-200
2019-11-17 09:14:04+00:00,purchase,21408070,,electronics.clocks,,2265.18,512758694,6efc9bde-049a-4ad0-ac31-cbb620ee3d70,>$1000
2019-11-17 09:15:12+00:00,purchase,4600414,,appliances.kitchen.dishwasher,electrolux,574.76,515671312,2a78e2b2-bc5d-4311-933b-52e24cf2c0b0,$500-1000
2019-11-17 09:16:04+00:00,purchase,11500273,,unknown,jbl,89.84,512568937,68d34d47-8e58-4b28-95e3-f608ca11ecd6,$50-100
2019-11-17 09:16:09+00:00,purchase,1004246,,electronics.smartphone,apple,795.64,513511867,344fbb6c-8728-45c8-b17c-715cea3bf4bd,$500-1000
2019-11-17 09:17:12+00:00,purchase,1005115,,electronics.smartphone,apple,958.3,564058980,584e43c9-1560-49fe-80df-9dc44966d352,$500-1000
2019-11-17 09:17:54+00:00,purchase,2900732,,appliances.kitchen.microwave,samsung,257.38,515671312,2a78e2b2-bc5d-4311-933b-52e24cf2c0b0,$200-500
2019-11-17 09:18:31+00:00,purchase,1004246,,electronics.smartphone,apple,795.64,513511867,344fbb6c-8728-45c8-b17c-715cea3bf4bd,$500-1000
2019-11-17 09:19:04+00:00,purchase,1004659,,electronics.smartphone,samsung,762.18,564058980,584e43c9-1560-49fe-80df-9dc44966d352,$500-1000
2019-11-17 09:20:54+00:00,purchase,1004874,,electronics.smartphone,samsung,375.3,564058980,584e43c9-1560-49fe-80df-9dc44966d352,$200-500
2019-11-17 09:23:15+00:00,purchase,1005159,,electronics.smartphone,xiaomi,202.32,513812750,6c675d02-9ce5-4e2d-8d14-90ac33493568,$200-500
2019-11-17 09:24:23+00:00,purchase,1005118,,electronics.smartphone,apple,964.45,512709586,74d2ab60-56cf-4561-8965-92d4d08f1e84,$500-1000
2019-11-17 09:24:26+00:00,purchase,25800007,,medicine.tools.tonometer,omron,49.81,519163446,8532d442-709e-420b-af44-f2f6e0815b3b,<$50
2019-11-17 09:24:54+00:00,purchase,1005159,,electronics.smartphone,xiaomi,202.32,513812750,6c675d02-9ce5-4e2d-8d14-90ac33493568,$200-500
2019-11-17 09:26:40+00:00,purchase,2402063,,appliances.kitchen.hood,samsung,141.55,515671312,2a78e2b2-bc5d-4311-933b-52e24cf2c0b0,$100-200
2019-11-17 09:28:35+00:00,purchase,1005159,,electronics.smartphone,xiaomi,202.32,513812750,6c675d02-9ce5-4e2d-8d14-90ac33493568,$200-500
2019-11-17 09:29:39+00:00,purchase,5300948,,unknown,babyliss,71.02,519163446,860c00b5-a823-4aba-b802-c2b6ac86ac96,$50-100
2019-11-17 09:30:08+00:00,purchase,1004659,,electronics.smartphone,samsung,762.18,564058980,a2cdf960-d014-43aa-ad54-a76c00177cfa,$500-1000
2019-11-17 09:37:13+00:00,purchase,12700832,,unknown,nokian,104.79,513107972,854d0712-189a-4ffa-b1d0-c79612a01605,$100-200
2019-11-17 09:39:00+00:00,purchase,1005105,,electronics.smartphone,apple,1364.0,515832881,c4ce3dcf-d3ab-41c5-9ac1-6f013b185d6b,>$1000
2019-11-17 09:40:30+00:00,purchase,10700812,,unknown,,38.59,519086479,fc7fc678-acf6-45b0-b54f-7bbd1480200c,<$50
2019-11-17 09:44:03+00:00,purchase,17800523,,computers.desktop,zeta,51.46,519967953,cfac8c56-92bc-49e5-9b21-d459737d9dee,$50-100
2019-11-17 09:46:25+00:00,purchase,26400790,,unknown,lucente,295.76,514730357,e0cc5f9b-910a-4da6-916c-2b0eeb0b1e4c,$200-500
2019-11-17 09:47:03+00:00,purchase,1005115,,electronics.smartphone,apple,958.32,516295998,2592b5dc-eb17-4848-86c4-729d40a7ab41,$500-1000
2019-11-17 09:47:04+00:00,purchase,4804056,,electronics.audio.headphone,apple,169.35,533440615,567552e8-92d0-4aca-9682-e6d11601d104,$100-200
2019-11-17 09:55:28+00:00,purchase,5301321,,unknown,babyliss,34.98,561329596,7c74419a-81f3-44c2-ba5a-1690fa4e0e98,<$50
2019-11-17 09:58:23+00:00,purchase,1801881,,electronics.video.tv,samsung,514.53,522568112,3cc637bf-48c9-4f98-aa6d-9c5318520371,$500-1000
2019-11-17 09:59:12+00:00,purchase,1005124,,electronics.smartphone,apple,1585.32,559222318,de98856e-cb3d-449e-8dd4-ff4d3d8d17b2,>$1000
2019-11-17 09:59:49+00:00,purchase,1801881,,electronics.video.tv,samsung,514.53,522568112,3cc637bf-48c9-4f98-aa6d-9c5318520371,$500-1000
2019-11-17 09:59:57+00:00,purchase,17301541,,unknown,,138.48,523139828,6976be75-4ae4-4df6-9056-1f84c590a8a0,$100-200
2019-11-17 10:01:06+00:00,purchase,1004794,,electronics.smartphone,xiaomi,224.69,518733911,32358254-0deb-400e-8631-c58301a03235,$200-500
2019-11-17 10:03:25+00:00,purchase,1801881,,electronics.video.tv,samsung,514.53,522568112,3cc637bf-48c9-4f98-aa6d-9c5318520371,$500-1000
2019-11-17 10:05:16+00:00,purchase,1004870,,electronics.smartphone,samsung,298.28,515816160,16a09f1c-c600-486d-a45c-40ade6946534,$200-500
2019-11-17 10:05:40+00:00,purchase,1801995,,electronics.video.tv,haier,180.16,543083754,a08703e8-d272-4608-aec6-a6872d8bab6a,$100-200
2019-11-17 10:07:15+00:00,purchase,3701084,,appliances.environment.vacuum,xiaomi,429.87,548103916,d931366b-f3bd-4478-ba76-79183cca12ee,$200-500
2019-11-17 10:07:27+00:00,purchase,1004870,,electronics.smartphone,samsung,298.28,515816160,16a09f1c-c600-486d-a45c-40ade6946534,$200-500
2019-11-17 10:08:42+00:00,purchase,1005212,,electronics.smartphone,samsung,177.01,544683455,17c6502b-4510-4f55-b2e9-7bff4a8e72fb,$100-200
2019-11-17 10:08:52+00:00,purchase,1801690,,electronics.video.tv,samsung,395.12,514355755,5d88aaa8-a19e-44ef-a318-d395d68f95fb,$200-500
2019-11-17 10:10:48+00:00,purchase,1004833,,electronics.smartphone,samsung,179.16,515816160,3b42508e-ba4b-451c-99c3-34c055bfe894,$100-200
2019-11-17 10:12:09+00:00,purchase,1004833,,electronics.smartphone,samsung,179.16,515816160,3b42508e-ba4b-451c-99c3-34c055bfe894,$100-200
2019-11-17 10:17:56+00:00,purchase,6000094,,auto.accessories.alarm,starline,121.24,513107972,1d612bb9-c35f-4b65-b302-0f3b83db056c,$100-200
2019-11-17 10:19:12+00:00,purchase,13300068,,unknown,,71.82,560577241,b2852623-3f80-445c-91bf-0cee58134191,$50-100
2019-11-17 10:23:37+00:00,purchase,2900516,,appliances.kitchen.microwave,dauscher,58.95,541363629,32808e06-3052-4f15-be82-4604abc80c62,$50-100
2019-11-17 10:25:42+00:00,purchase,12300396,,construction.tools.drill,,51.46,513645191,35f5037f-9bc9-438b-835c-5f6f03903ea1,$50-100
2019-11-17 10:27:11+00:00,purchase,3300317,,unknown,vitek,38.33,541363629,32808e06-3052-4f15-be82-4604abc80c62,<$50
2019-11-17 10:29:13+00:00,purchase,26401110,,unknown,diamondunion,214.68,512401316,03e57ef6-edeb-4230-b91f-4d3aeff2ff52,$200-500
2019-11-17 10:31:47+00:00,purchase,13300174,,unknown,askona,154.19,513882111,2a189f96-3a2f-436a-a7c1-ad2510cf671b,$100-200
2019-11-17 10:32:42+00:00,purchase,1801766,,electronics.video.tv,artel,153.59,563613701,84ec22fc-f564-4a7b-972b-679714549edc,$100-200
2019-11-17 10:44:03+00:00,purchase,5100719,,electronics.clocks,samsung,151.61,527037229,a68f9c67-fe7b-4697-91d9-d5d31d52b636,$100-200
2019-11-17 10:44:41+00:00,purchase,5301612,,unknown,scarlett,22.06,517913995,3b08d832-fd8f-4b4c-94f2-a1039163b451,<$50
2019-11-17 10:46:24+00:00,purchase,1004934,,electronics.smartphone,vivo,218.77,562165504,cec06079-80f6-455c-987d-8f91a8915cb2,$200-500
2019-11-17 10:46:53+00:00,purchase,4801945,,electronics.audio.headphone,sony,46.31,519233571,daedf265-653b-44cb-9732-ad2d87a973a6,<$50
2019-11-17 10:49:19+00:00,purchase,1004934,,electronics.smartphone,vivo,218.77,562165504,cec06079-80f6-455c-987d-8f91a8915cb2,$200-500
2019-11-17 10:51:44+00:00,purchase,1004934,,electronics.smartphone,vivo,218.77,562165504,cec06079-80f6-455c-987d-8f91a8915cb2,$200-500
2019-11-17 10:52:39+00:00,purchase,5700860,,auto.accessories.player,kenwood,102.96,514654755,fd550eee-0bf9-4ed6-b8e9-3cb0eef57785,$100-200
2019-11-17 10:53:18+00:00,purchase,5100719,,electronics.clocks,samsung,151.61,527037229,a45dd2af-5ba5-4163-a337-ca315c90113b,$100-200
2019-11-17 10:56:00+00:00,purchase,22700068,,unknown,force,94.96,513645191,2469147e-81e4-4da5-8703-1e3b7fa7eb0c,$50-100
2019-11-17 10:56:41+00:00,purchase,4804056,,electronics.audio.headphone,apple,169.35,518688775,f232fa3c-fe70-4a23-a45c-120c05bf6a3b,$100-200
2019-11-17 10:59:55+00:00,purchase,1600587,,computers.peripherals.printer,epson,205.1,523122722,fe1f5f98-498d-4710-90e0-b739b7b90605,$200-500
2019-11-17 11:01:17+00:00,purchase,26402784,,unknown,,97.3,512817308,068b0f8d-45c4-41e4-9cf1-b80d97477560,$50-100
2019-11-17 11:13:32+00:00,purchase,1004856,,electronics.smartphone,samsung,128.42,514672528,45a59814-946d-43ec-92a8-4c7281612a4c,$100-200
2019-11-17 11:15:10+00:00,purchase,2702277,,appliances.kitchen.refrigerators,lg,460.48,529332949,86dd2b05-12be-4725-ad57-c097edd5120e,$200-500
2019-11-17 11:16:30+00:00,purchase,1004767,,electronics.smartphone,samsung,264.79,540741340,c532f76c-3f05-4c80-9396-c6c8d0db44f9,$200-500
2019-11-17 11:17:22+00:00,purchase,1307051,,computers.notebook,apple,1801.33,525112162,0833774f-f750-f5ee-cfef-bb4cbbc35839,>$1000
2019-11-17 11:17:34+00:00,purchase,1005115,,electronics.smartphone,apple,958.3,514348314,461a5ec0-c540-4fc5-9b0b-abe40f826942,$500-1000
2019-11-17 11:18:47+00:00,purchase,1005118,,electronics.smartphone,apple,964.45,540061387,f961ef3d-7330-4ad2-8095-a1df69431710,$500-1000
2019-11-17 11:18:59+00:00,purchase,1002524,,electronics.smartphone,apple,561.66,563729263,cd23f61f-f584-4b7f-9a20-177db6b60332,$500-1000
2019-11-17 11:19:06+00:00,purchase,1004741,,electronics.smartphone,xiaomi,190.22,556260834,cf7a176a-2150-4888-a210-dfd738e8f658,$100-200
2019-11-17 11:25:34+00:00,purchase,26403341,,unknown,,150.33,544680940,8d9d64c9-d19d-4895-a28c-4e86bec3d097,$100-200
2019-11-17 11:27:59+00:00,purchase,5900113,,unknown,navitel,113.0,528063140,3b666c17-eccf-41fd-a4b2-1b0fdba97c89,$100-200
2019-11-17 11:31:45+00:00,purchase,39500113,,unknown,defredesign,1026.8,526191261,4203004f-8f7b-4f6c-bfb6-637af3da9140,>$1000
2019-11-17 11:32:03+00:00,purchase,4804056,,electronics.audio.headphone,apple,169.35,543001157,99bec086-1cb0-42c0-91c8-a31968281090,$100-200
2019-11-17 11:35:07+00:00,purchase,26400316,,unknown,lucente,150.07,538022043,acad1197-e6bc-4380-9623-40161c17680b,$100-200
2019-11-17 11:36:03+00:00,purchase,12705001,,unknown,cordiant,41.96,512432519,d2f9ec90-c657-4fa1-9ab7-3431720c595c,<$50
2019-11-17 11:36:07+00:00,purchase,1004858,,electronics.smartphone,samsung,128.42,553061360,4d3edfa7-db79-4119-ba6f-692a578444fb,$100-200
2019-11-17 11:37:20+00:00,purchase,26200596,,unknown,,209.53,544680940,edcd44b8-8c3e-4bae-8d08-b17ab7b27fad,$200-500
2019-11-17 11:37:27+00:00,purchase,1002524,,electronics.smartphone,apple,561.66,522577457,eb039ca8-754f-4b73-80b0-1d35b5057b49,$500-1000
2019-11-17 11:39:39+00:00,purchase,2601299,,unknown,dauscher,445.29,536590614,f4540243-57e9-4df9-a399-1693384d15e0,$200-500
2019-11-17 11:39:58+00:00,purchase,26400480,,unknown,,202.06,538022043,acad1197-e6bc-4380-9623-40161c17680b,$200-500
2019-11-17 11:40:29+00:00,purchase,4300375,,unknown,polaris,39.9,513728229,46295188-ca55-4b03-b8f5-534ce7788d90,<$50
2019-11-17 11:44:34+00:00,purchase,1801704,,electronics.video.tv,samsung,434.5,512871820,b725a959-6344-4d2d-836f-893241bfdb96,$200-500
2019-11-17 11:45:20+00:00,purchase,15901906,,unknown,dauscher,12.02,528092463,8bebe70a-7c79-47f4-891e-6f84281d13dc,<$50
2019-11-17 11:47:00+00:00,purchase,1002544,,electronics.smartphone,apple,493.96,547878505,7ef27aa0-bbe6-46c0-bd0f-5173ca9d5976,$200-500
2019-11-17 11:48:41+00:00,purchase,9300104,,unknown,sony,436.54,515651980,13b08dad-ecb6-482e-89bf-d77dd14dd94f,$200-500
2019-11-17 11:49:55+00:00,purchase,15900118,,unknown,tefal,14.65,528092463,8bebe70a-7c79-47f4-891e-6f84281d13dc,<$50
2019-11-17 11:50:12+00:00,purchase,26201634,,unknown,,159.08,547717969,4fcd0b45-6d12-48f6-9fd3-3143ec965e58,$100-200
2019-11-17 11:50:36+00:00,purchase,6200014,,appliances.environment.air_heater,electrolux,102.94,556649134,d9c36fa3-b85e-48ac-85d5-146d618ff632,$100-200
2019-11-17 11:53:22+00:00,purchase,5701086,,auto.accessories.player,pioneer,129.72,519150232,eccacefb-ae2d-4738-a099-40bcad0a5da8,$100-200
2019-11-17 11:53:51+00:00,purchase,1002524,,electronics.smartphone,apple,561.66,517495453,7f1aaa98-d8dd-42dc-9fc7-99b7bf4bae6d,$500-1000
2019-11-17 11:59:11+00:00,purchase,100005472,,electronics.smartphone,xiaomi,133.59,512928761,cc0502d5-f60d-408c-a6a6-b1df49706da8,$100-200
2019-11-17 12:01:04+00:00,purchase,5800116,,electronics.audio.subwoofer,hertz,90.98,519150232,e248143f-1df6-4f77-80e2-bbb3aa5d3cf8,$50-100
2019-11-17 12:03:58+00:00,purchase,21400996,,electronics.clocks,casio,79.54,512869020,5aff740b-7e37-41f3-a1eb-ef50b35186c2,$50-100
2019-11-17 12:05:39+00:00,purchase,4804056,,electronics.audio.headphone,apple,169.35,513057356,02951e0a-c8c4-4bff-90b6-11b9c65cd17c,$100-200
2019-11-17 12:06:18+00:00,purchase,3900045,,appliances.environment.water_heater,thermex,110.4,561624637,c9cb7fd2-9548-4d3a-aa56-a573b26f32fc,$100-200
2019-11-17 12:06:28+00:00,purchase,1004776,,electronics.smartphone,xiaomi,186.85,516030611,093f0e33-643f-48d5-9c91-2b1a90ee2305,$100-200
2019-11-17 12:06:30+00:00,purchase,12706857,,unknown,viatti,38.48,551251086,47af88d1-4cfc-4270-b2b1-fc3a74c49267,<$50
2019-11-17 12:08:45+00:00,purchase,3900045,,appliances.environment.water_heater,thermex,110.4,561624637,c9cb7fd2-9548-4d3a-aa56-a573b26f32fc,$100-200
2019-11-17 12:08:54+00:00,purchase,1005116,,electronics.smartphone,apple,1013.89,529682540,62b6c139-661e-411c-a3a1-02ff2e4e802f,>$1000
2019-11-17 12:10:07+00:00,purchase,1002524,,electronics.smartphone,apple,561.66,517495453,8fca2e9e-a3da-4afd-86c8-340f91e7e993,$500-1000
2019-11-17 12:10:32+00:00,purchase,6200806,,appliances.environment.air_heater,oasis,30.86,556649134,e4238ef9-d216-47c3-8d66-82d76f7a26e2,<$50
2019-11-17 12:11:02+00:00,purchase,1004856,,electronics.smartphone,samsung,128.42,526666875,83373484-b9f3-4b4f-a65a-d8171f3f5c7a,$100-200
2019-11-17 12:11:16+00:00,purchase,12600003,,appliances.kitchen.grill,maxwell,66.67,514138790,a86d1aab-97d0-4155-ac14-a435646f017e,$50-100
2019-11-17 12:12:11+00:00,purchase,1004750,,electronics.smartphone,samsung,193.92,517326472,7c9907a3-5970-4ded-ba84-9b63851d8117,$100-200
2019-11-17 12:12:19+00:00,purchase,5500285,,unknown,philips,79.02,557962185,a4fbc5c6-0494-434d-9c54-48cd4d1ccd32,$50-100
2019-11-17 12:12:30+00:00,purchase,3100575,,appliances.kitchen.blender,bosch,169.86,528092463,f4b9b4cc-a398-4bd5-9216-fa4e03d0b645,$100-200
2019-11-17 12:12:55+00:00,purchase,12703015,,unknown,cordiant,42.99,556966220,913f3864-2bb3-4299-bf38-6bf135795aec,<$50
2019-11-17 12:13:15+00:00,purchase,2702347,,appliances.kitchen.refrigerators,lg,537.18,533712083,6521dc21-585e-47a0-a914-e5d4e3c3ba9f,$500-1000
2019-11-17 12:14:44+00:00,purchase,12709942,,unknown,yokohama,76.17,562213087,4060bcd7-ab56-44f2-a870-c053e36ddf85,$50-100
2019-11-17 12:17:02+00:00,purchase,3700621,,appliances.environment.vacuum,vitek,112.46,521137393,b2e278b0-4577-4d62-b9ba-66fd47ad1bd3,$100-200
2019-11-17 12:17:16+00:00,purchase,17300749,,unknown,versace,82.34,513622981,689ea868-109e-4048-bfe6-43628954c673,$50-100
2019-11-17 12:19:53+00:00,purchase,12703050,,unknown,cordiant,50.19,514520838,eece3226-ae0d-4d0f-8e67-6c1d3bbcbb47,$50-100
2019-11-17 12:22:08+00:00,purchase,2501816,,appliances.kitchen.oven,artel,42.24,513622981,6dfef9f8-1c0e-4971-a77b-ae7354f3f3ad,<$50
2019-11-17 12:22:15+00:00,purchase,3601479,,appliances.kitchen.washer,indesit,215.96,533712083,6521dc21-585e-47a0-a914-e5d4e3c3ba9f,$200-500
2019-11-17 12:27:05+00:00,purchase,2700406,,appliances.kitchen.refrigerators,,261.91,533712083,6521dc21-585e-47a0-a914-e5d4e3c3ba9f,$200-500
2019-11-17 12:29:10+00:00,purchase,1005124,,electronics.smartphone,apple,1585.32,523198840,c694bbe4-6fe4-442e-a67b-3caf664258a6,>$1000
2019-11-17 12:32:09+00:00,purchase,1004249,,electronics.smartphone,apple,796.55,559019370,39acab30-3b7b-4d18-87ec-14d4573b1093,$500-1000
2019-11-17 12:32:16+00:00,purchase,12711946,,unknown,kormoran,56.63,512484704,4f2c3bce-a9ea-40fd-9bcb-b919a41aaff7,$50-100
2019-11-17 12:32:34+00:00,purchase,3600661,,appliances.kitchen.washer,samsung,308.86,562223291,5de11483-da4f-46f5-8fa1-17b69d67baea,$200-500
2019-11-17 12:33:04+00:00,purchase,1005223,,electronics.smartphone,xiaomi,203.07,528127995,fd0095fd-712c-4786-aae9-e1905bebf1df,$200-500
2019-11-17 12:33:41+00:00,purchase,42300010,,furniture.living_room.cabinet,,284.95,529255329,c4882d42-116c-431e-8326-667082204b0d,$200-500
2019-11-17 12:33:54+00:00,purchase,2700619,,appliances.kitchen.refrigerators,indesit,347.24,517809922,adae3f16-f0a9-4748-9608-40c75b01e0ed,$200-500
2019-11-17 12:43:04+00:00,purchase,18400215,,unknown,pride,229.03,524752657,0f5f8f1a-46cb-49fd-8414-7e584f6c6222,$200-500
2019-11-17 12:43:31+00:00,purchase,1307023,,computers.notebook,dell,522.5,526722408,f689b6b8-6560-44d6-a44f-089a9b512438,$500-1000
2019-11-17 12:44:49+00:00,purchase,18400215,,unknown,pride,229.03,524752657,0f5f8f1a-46cb-49fd-8414-7e584f6c6222,$200-500
2019-11-17 12:45:03+00:00,purchase,1005115,,electronics.smartphone,apple,958.32,513055251,785f1520-1151-45e1-b04a-68583ae0e29e,$500-1000
2019-11-17 12:46:19+00:00,purchase,5100883,,electronics.clocks,garmin,1077.51,522922536,9cf4b371-20db-4373-a6f0-e1f55cdd84c9,>$1000
2019-11-17 12:47:19+00:00,purchase,5100689,,electronics.clocks,apple,334.09,513055251,785f1520-1151-45e1-b04a-68583ae0e29e,$200-500
2019-11-17 12:47:21+00:00,purchase,18400215,,unknown,pride,229.03,524752657,0f5f8f1a-46cb-49fd-8414-7e584f6c6222,$200-500
2019-11-17 12:50:06+00:00,purchase,2601299,,unknown,dauscher,445.29,521550180,c6a05243-ab0c-4e7e-bbb8-fafd40940fdc,$200-500
2019-11-17 12:51:14+00:00,purchase,1004835,,electronics.smartphone,samsung,244.46,554254810,8d78bc99-19ad-46ca-b343-a6450a6e1971,$200-500
2019-11-17 12:52:08+00:00,purchase,54900010,,apparel.costume,,64.35,512394528,d52dcfd2-b901-49fa-9381-ba7583583cf0,$50-100
2019-11-17 13:00:43+00:00,purchase,26404411,,unknown,lucente,213.39,541597472,86abcccb-4d92-41ad-9697-f756e870e459,$200-500
2019-11-17 13:00:59+00:00,purchase,17800165,,computers.desktop,aerocool,166.54,513695988,a08999a9-5839-48a6-9edd-edbde5fd21c4,$100-200
2019-11-17 13:03:44+00:00,purchase,100003514,,computers.notebook,asus,257.38,541597472,86abcccb-4d92-41ad-9697-f756e870e459,$200-500
2019-11-17 13:08:28+00:00,purchase,1004957,,electronics.smartphone,xiaomi,336.95,536125744,d876e937-bd09-4d4a-964c-37a6a011b41f,$200-500
2019-11-17 13:13:57+00:00,purchase,26400629,,unknown,,305.8,522441075,464f8770-3cde-4ae0-adf0-581a44585b8d,$200-500
2019-11-17 13:17:29+00:00,purchase,1004249,,electronics.smartphone,apple,765.79,517615296,7088cf5c-42ee-4938-ba2c-1f3787ca93d5,$500-1000
2019-11-17 13:19:24+00:00,purchase,26400629,,unknown,,305.8,522441075,464f8770-3cde-4ae0-adf0-581a44585b8d,$200-500
2019-11-17 13:20:24+00:00,purchase,1801860,,electronics.video.tv,kivi,192.8,548267707,8bde1d27-4f30-4aa1-8f86-6ab63cc8bff4,$100-200
2019-11-17 13:22:17+00:00,purchase,26400629,,unknown,,305.8,522441075,464f8770-3cde-4ae0-adf0-581a44585b8d,$200-500
2019-11-17 13:24:03+00:00,purchase,24000038,,unknown,farmavita,84.94,512394528,46164c15-f9ec-45ab-b646-8cc95e86bd0a,$50-100
2019-11-17 13:26:40+00:00,purchase,4804056,,electronics.audio.headphone,apple,169.35,512803922,3a60e77a-8798-4cbe-8474-0f622559411e,$100-200
2019-11-17 13:29:17+00:00,purchase,1005160,,electronics.smartphone,xiaomi,202.06,532918961,cbaf8167-8429-4f88-b794-5a7d4125c503,$200-500
2019-11-17 13:29:28+00:00,purchase,5900153,,unknown,navitel,154.42,513381227,9dc29dcd-d386-420e-b4d4-3e278e546c1f,$100-200
2019-11-17 13:30:01+00:00,purchase,2700613,,appliances.kitchen.refrigerators,indesit,357.54,548267707,8bde1d27-4f30-4aa1-8f86-6ab63cc8bff4,$200-500
2019-11-17 13:34:25+00:00,purchase,3700926,,appliances.environment.vacuum,samsung,69.47,521493953,a6a7d5f8-cf5c-4a85-bae5-dbac874112d7,$50-100
2019-11-17 13:35:27+00:00,purchase,26800089,,unknown,casada,1055.37,513312098,ac108b27-e6d9-4693-afcc-6aaa1f35c867,>$1000
2019-11-17 13:36:21+00:00,purchase,1004888,,electronics.smartphone,samsung,244.0,516692495,d76c7186-9638-4542-8fae-eb39eba94e25,$200-500
2019-11-17 13:36:26+00:00,purchase,1005122,,electronics.smartphone,apple,1022.73,516436172,dda59024-ab7a-4434-bafe-efe8486ed04c,>$1000
2019-11-17 13:37:32+00:00,purchase,1005221,,electronics.smartphone,xiaomi,287.65,545413989,813fe3fd-2ebc-4ea6-99ac-b6160ed8e150,$200-500
2019-11-17 13:40:30+00:00,purchase,4804056,,electronics.audio.headphone,apple,169.35,526772818,46eaf738-c547-41f5-ad57-19b8a6bf016f,$100-200
2019-11-17 13:41:59+00:00,purchase,12712476,,unknown,maxtrek,56.37,522994865,1a83ce69-1be7-45fe-92ca-3d55a5292c3f,$50-100
2019-11-17 13:42:47+00:00,purchase,12709380,,unknown,viatti,38.1,516813612,f959a385-c654-41dd-a466-4eebe0e6f7e0,<$50
2019-11-17 13:43:38+00:00,purchase,26204081,,unknown,,325.88,512527908,59d4edf1-9286-425a-88f1-144901b2b572,$200-500
2019-11-17 13:44:07+00:00,purchase,1004059,,electronics.smartphone,xiaomi,377.1,563227449,73e59cb6-7c68-41b8-a9dd-10ad1d43d904,$200-500
2019-11-17 13:46:43+00:00,purchase,3900864,,appliances.environment.water_heater,oasis,78.77,514355755,a4021d8c-0dec-4996-8d57-ea5d41a16e34,$50-100
2019-11-17 13:47:12+00:00,purchase,1005160,,electronics.smartphone,xiaomi,202.06,537166853,76d0a666-030a-4213-b529-110ea89a7447,$200-500
2019-11-17 13:47:26+00:00,purchase,14500019,,appliances.kitchen.coffee_grinder,redmond,36.01,524471963,67eba95d-86f1-44a1-8113-4630ba60a4de,<$50
2019-11-17 13:48:31+00:00,purchase,1004834,,electronics.smartphone,samsung,178.9,515816160,520027ef-2f00-4287-b160-c881907d9de3,$100-200
2019-11-17 13:52:01+00:00,purchase,3600934,,appliances.kitchen.washer,indesit,259.72,548267707,8bde1d27-4f30-4aa1-8f86-6ab63cc8bff4,$200-500
2019-11-17 13:52:45+00:00,purchase,3701056,,appliances.environment.vacuum,samsung,69.47,521493953,75aa7a35-4699-4339-8690-9e6a72b19eb1,$50-100
2019-11-17 13:54:30+00:00,purchase,15700035,,unknown,,282.89,514730357,6d3e14e9-0a95-4729-b084-438d09af1166,$200-500
2019-11-17 13:55:28+00:00,purchase,1005115,,electronics.smartphone,apple,958.32,513445203,0e1f2a19-2f0d-4972-a9cd-79e34dc54cc9,$500-1000
2019-11-17 13:55:36+00:00,purchase,3700039,,appliances.environment.vacuum,lg,187.11,545565245,8c4eff34-c0c1-4418-a8ad-f6e3a0a401c6,$100-200
2019-11-17 13:56:32+00:00,purchase,1004174,,electronics.smartphone,tp-link,94.98,565959288,b5cd1a65-5426-4c65-9bf7-102119ef5adf,$50-100
2019-11-17 13:57:21+00:00,purchase,1801830,,electronics.video.tv,yasin,154.42,514355755,a4021d8c-0dec-4996-8d57-ea5d41a16e34,$100-200
2019-11-17 13:58:26+00:00,purchase,2501796,,appliances.kitchen.oven,artel,40.9,548267707,8bde1d27-4f30-4aa1-8f86-6ab63cc8bff4,<$50
2019-11-17 13:59:11+00:00,purchase,1004833,,electronics.smartphone,samsung,179.16,515816160,9d936ca1-b0b9-4d45-8389-3e790ed89988,$100-200
2019-11-17 13:59:22+00:00,purchase,15901730,,unknown,granhel,42.21,514497863,de759fbc-94c4-4920-89a0-0e572a67fe47,<$50
2019-11-17 14:00:34+00:00,purchase,1004768,,electronics.smartphone,samsung,263.84,534240332,dbd2a38a-f4d1-4186-b73d-6037de951aec,$200-500
2019-11-17 14:00:43+00:00,purchase,25900026,,computers.components.cooler,midea,126.1,514016755,cda1c072-ee83-456c-83d9-fdb317c06994,$100-200
2019-11-17 14:01:57+00:00,purchase,1004856,,electronics.smartphone,samsung,128.42,515816160,9d936ca1-b0b9-4d45-8389-3e790ed89988,$100-200
2019-11-17 14:02:17+00:00,purchase,1005239,,electronics.smartphone,xiaomi,262.3,519844162,5eb70e74-8885-4171-befd-a49a9452de58,$200-500
2019-11-17 14:03:31+00:00,purchase,22700068,,unknown,force,86.74,540605071,3bc2d271-7d23-4418-b01c-41b8c320b084,$50-100
2019-11-17 14:04:07+00:00,purchase,1005239,,electronics.smartphone,xiaomi,262.3,519844162,5eb70e74-8885-4171-befd-a49a9452de58,$200-500
2019-11-17 14:04:27+00:00,purchase,25900027,,computers.components.cooler,midea,109.37,514016755,cda1c072-ee83-456c-83d9-fdb317c06994,$100-200
2019-11-17 14:05:36+00:00,purchase,22700068,,unknown,force,86.74,540605071,3bc2d271-7d23-4418-b01c-41b8c320b084,$50-100
2019-11-17 14:07:01+00:00,purchase,25900023,,computers.components.cooler,almacom,63.39,514016755,cda1c072-ee83-456c-83d9-fdb317c06994,$50-100
2019-11-17 14:09:36+00:00,purchase,21410740,,electronics.clocks,tissot,139.0,512536813,8302df6c-d512-4310-9dea-7ecfc26a3edf,$100-200
2019-11-17 14:11:22+00:00,purchase,3700779,,appliances.environment.vacuum,xiaomi,285.72,513107972,835dae14-cb56-42b6-8ca7-1adfc9ee6c34,$200-500
2019-11-17 14:15:36+00:00,purchase,1004856,,electronics.smartphone,samsung,128.45,514355755,a498020b-6f9d-4b2d-a46c-5fbcf1e79be7,$100-200
2019-11-17 14:15:51+00:00,purchase,1004870,,electronics.smartphone,samsung,298.07,536012387,13d33e48-329c-4279-ac30-88b3f1a23b4d,$200-500
2019-11-17 14:22:34+00:00,purchase,3100073,,appliances.kitchen.blender,bosch,84.92,526722408,3f4b841b-6f05-45d3-8a3a-569848c48ea0,$50-100
2019-11-17 14:25:37+00:00,purchase,1004225,,electronics.smartphone,apple,1137.22,550636480,1ecd4dcf-0895-452a-9404-35c77d61c5d2,>$1000
2019-11-17 14:25:48+00:00,purchase,1005124,,electronics.smartphone,apple,1583.05,541879984,dca51151-2fc0-460f-b758-7ad772739487,>$1000
2019-11-17 14:25:49+00:00,purchase,1005201,,electronics.smartphone,samsung,495.51,550960521,99eaa9e6-787f-4d1e-bcdc-8cd3db395393,$200-500
2019-11-17 14:28:57+00:00,purchase,4804056,,electronics.audio.headphone,apple,169.35,550636480,1ecd4dcf-0895-452a-9404-35c77d61c5d2,$100-200
2019-11-17 14:29:13+00:00,purchase,3701056,,appliances.environment.vacuum,samsung,69.47,548267707,8bde1d27-4f30-4aa1-8f86-6ab63cc8bff4,$50-100
2019-11-17 14:31:08+00:00,purchase,1004225,,electronics.smartphone,apple,1137.22,550636480,82160586-7d83-4dcf-bc99-3d1775111efb,>$1000
2019-11-17 14:31:39+00:00,purchase,3700779,,appliances.environment.vacuum,xiaomi,285.72,513107972,3d35cd5b-68b0-4ef3-9fb5-717c863c526a,$200-500
2019-11-17 14:32:05+00:00,purchase,1004258,,electronics.smartphone,apple,795.1,520863953,689fbbc9-4de1-4696-a84f-4181c2d2fffc,$500-1000
2019-11-17 14:33:35+00:00,purchase,5100343,,electronics.clocks,apple,334.09,533440615,6af9ce61-3858-4db7-ab8e-bff38e49d72b,$200-500
2019-11-17 14:34:53+00:00,purchase,1005118,,electronics.smartphone,apple,964.43,523641976,68b26e40-1d01-4446-9b9d-f564e8757935,$500-1000
2019-11-17 14:36:48+00:00,purchase,1004856,,electronics.smartphone,samsung,128.42,524097105,549c0989-756d-4e8f-884b-75bb8cc6199d,$100-200
2019-11-17 14:36:49+00:00,purchase,12703301,,unknown,dunlop,54.67,514001949,03e12ed9-9654-45cd-8830-2bfcacb57fed,$50-100
2019-11-17 14:37:35+00:00,purchase,27900037,,unknown,,43.76,528127995,53c9cff6-227a-4f8f-a59f-7d71acff955e,<$50
2019-11-17 14:39:05+00:00,purchase,2900516,,appliances.kitchen.microwave,dauscher,63.32,548267707,fef842d7-3c78-464d-9334-80bb389d9277,$50-100
2019-11-17 14:39:15+00:00,purchase,3700766,,appliances.environment.vacuum,samsung,136.4,560392393,4089cc4d-9473-4b5d-940a-0b62677eaa9e,$100-200
2019-11-17 14:39:59+00:00,purchase,2402330,,appliances.kitchen.hood,oasis,51.22,515954561,bfae3e07-e034-443b-8441-0172ceacd479,$50-100
2019-11-17 14:39:59+00:00,purchase,2701968,,appliances.kitchen.refrigerators,,180.16,515115292,52ca4ee3-c997-4384-a987-a783e09a54b1,$100-200
2019-11-17 14:41:00+00:00,purchase,2701968,,appliances.kitchen.refrigerators,,180.16,515115292,52ca4ee3-c997-4384-a987-a783e09a54b1,$100-200
2019-11-17 14:42:58+00:00,purchase,1005279,,electronics.smartphone,huawei,668.97,536982508,65784ed7-ac74-4d5f-a9fd-4ced1cecfb95,$500-1000
2019-11-17 14:45:37+00:00,purchase,1802009,,electronics.video.tv,samsung,715.59,560232178,4655caab-3ce8-44e0-bf45-4c3d603654b5,$500-1000
2019-11-17 14:46:11+00:00,purchase,1005116,,electronics.smartphone,apple,1011.61,559055959,9353f59d-37ac-4192-911e-a1c5b6b9ee24,>$1000
2019-11-17 14:47:18+00:00,purchase,3400017,,unknown,panasonic,256.4,545697707,6476f06c-d053-406b-b996-a8512745d5d7,$200-500
2019-11-17 14:49:44+00:00,purchase,3600934,,appliances.kitchen.washer,indesit,259.72,548267707,fef842d7-3c78-464d-9334-80bb389d9277,$200-500
2019-11-17 14:51:42+00:00,purchase,6301418,,appliances.kitchen.kettle,redmond,51.2,560392393,4089cc4d-9473-4b5d-940a-0b62677eaa9e,$50-100
2019-11-17 14:52:16+00:00,purchase,1004833,,electronics.smartphone,samsung,179.16,531251311,4b147a2f-0e4e-472f-abb8-60140aeb0871,$100-200
2019-11-17 14:53:37+00:00,purchase,7300194,,unknown,transcend,102.68,518657268,9ae1a104-9b52-4521-80ad-f25386144855,$100-200
2019-11-17 14:55:52+00:00,purchase,1005232,,electronics.smartphone,xiaomi,115.58,516373776,25838ea9-7f2e-4ca2-9edb-af6205b47d2e,$100-200
2019-11-17 14:56:00+00:00,purchase,1004749,,electronics.smartphone,samsung,194.74,514333653,c4403b10-a2a2-4fdb-bb27-f31ce29ee6a9,$100-200
2019-11-17 14:59:56+00:00,purchase,11100084,,appliances.personal.scales,maxwell,15.19,545697707,7588ae69-411b-48b9-86da-2964f2fec7e5,<$50
2019-11-17 14:59:57+00:00,purchase,1005221,,electronics.smartphone,xiaomi,287.65,512922016,0ce24010-0e69-466d-b39f-3f927498de44,$200-500
2019-11-17 15:01:42+00:00,purchase,1004767,,electronics.smartphone,samsung,259.98,543661191,ad7f1418-7b3b-44d6-bdec-f43012018cdf,$200-500
2019-11-17 15:02:12+00:00,purchase,3600997,,appliances.kitchen.washer,indesit,280.03,548267707,fef842d7-3c78-464d-9334-80bb389d9277,$200-500
2019-11-17 15:04:20+00:00,purchase,3600997,,appliances.kitchen.washer,indesit,280.03,548267707,fef842d7-3c78-464d-9334-80bb389d9277,$200-500
2019-11-17 15:06:24+00:00,purchase,1500259,,computers.peripherals.printer,epson,154.19,514016755,42d1e34b-0adc-4d3c-85eb-587455d9360c,$100-200
2019-11-17 15:06:43+00:00,purchase,2400333,,appliances.kitchen.hood,gefest,64.09,520188637,c03e9625-2b71-4a51-95a2-82814baf912a,$50-100
2019-11-17 15:08:55+00:00,purchase,1005119,,electronics.smartphone,apple,1028.26,516436172,3c67cbd7-bbf0-4a5b-b7ae-72cbe68e2dbe,>$1000
2019-11-17 15:11:00+00:00,purchase,3900864,,appliances.environment.water_heater,oasis,78.77,514355755,48dd7570-7621-4c23-a756-5f9051774daa,$50-100
2019-11-17 15:11:19+00:00,purchase,53300023,,unknown,modern,28.29,526722408,0dc32a44-1538-4cb5-9c3a-2463d5792a8d,<$50
2019-11-17 15:11:39+00:00,purchase,1802037,,electronics.video.tv,lg,307.55,543661191,d38d5388-bff7-465d-91cf-19323fc546e3,$200-500
2019-11-17 15:14:02+00:00,purchase,5100343,,electronics.clocks,apple,334.09,519061403,5406ed1e-9d2f-4e73-804a-8016db8c5650,$200-500
2019-11-17 15:14:18+00:00,purchase,1004833,,electronics.smartphone,samsung,179.15,515818100,a1b70102-327d-4641-a49f-218c8172b768,$100-200
2019-11-17 15:15:43+00:00,purchase,21407349,,electronics.clocks,casio,94.47,516204460,9cce2769-0a5d-43d2-804a-7cbfd53c1f27,$50-100
2019-11-17 15:15:47+00:00,purchase,1004856,,electronics.smartphone,samsung,128.45,514355755,48dd7570-7621-4c23-a756-5f9051774daa,$100-200
2019-11-17 15:15:52+00:00,purchase,26203737,,unknown,lucente,148.27,525198367,4b5e915b-2c7c-48c0-84b9-b6c5d247eb8a,$100-200
2019-11-17 15:17:10+00:00,purchase,3200513,,appliances.kitchen.meat_grinder,bosch,115.81,537531637,b403b240-1e94-4556-9830-e60d14ca201f,$100-200
2019-11-17 15:18:29+00:00,purchase,2602025,,unknown,bosch,509.64,542215656,37b729ed-329b-435d-9ade-822bab59aa3f,$500-1000
2019-11-17 15:18:37+00:00,purchase,2601554,,unknown,artel,149.24,516373776,8a6f7387-5268-4cbe-ae42-ec86e0cd8569,$100-200
2019-11-17 15:18:47+00:00,purchase,3701084,,appliances.environment.vacuum,xiaomi,429.87,542399286,d50b330d-4ac8-4c95-8401-814c0c68d22d,$200-500
2019-11-17 15:20:02+00:00,purchase,1004870,,electronics.smartphone,samsung,298.28,518526283,b1f261cc-6bb0-4571-93fe-46bb4ddcfd49,$200-500
2019-11-17 15:23:44+00:00,purchase,2800007,,appliances.kitchen.refrigerators,atlant,254.55,520188637,c03e9625-2b71-4a51-95a2-82814baf912a,$200-500
2019-11-17 15:26:21+00:00,purchase,12711988,,unknown,triangle,37.32,551251086,52f25fc2-36ed-4705-9662-700c9c99bbfe,<$50
2019-11-17 15:26:43+00:00,purchase,3100491,,appliances.kitchen.blender,polaris,34.98,515386572,c051f904-cc53-4874-83aa-33a0a0dbb696,<$50
2019-11-17 15:27:41+00:00,purchase,2800093,,appliances.kitchen.refrigerators,midea,267.45,519279386,e5655816-1c60-44b5-99fa-2e6dfc5c5c35,$200-500
2019-11-17 15:30:20+00:00,purchase,2900925,,appliances.kitchen.microwave,dauscher,51.46,541363629,67111982-1d0c-cf03-7621-429ae6a28e1b,$50-100
2019-11-17 15:30:37+00:00,purchase,21400417,,electronics.clocks,boccia,91.38,518964538,dce497ad-e87b-434b-84d7-e82ef5289f4a,$50-100
2019-11-17 15:31:41+00:00,purchase,12400121,,construction.tools.drill,alteco,44.53,518623289,6bd0db42-373b-481f-a412-a7a3c4ae27d2,<$50
2019-11-17 15:32:14+00:00,purchase,3100640,,appliances.kitchen.blender,redmond,51.43,560392393,f0eed18e-b8b2-4570-88ab-aa389f25dd27,$50-100
2019-11-17 15:36:15+00:00,purchase,1005160,,electronics.smartphone,xiaomi,202.06,512938365,2e661d7c-d716-4348-935a-7d7585e30c3f,$200-500
2019-11-17 15:36:24+00:00,purchase,2702050,,appliances.kitchen.refrigerators,lg,506.04,514461619,641d492a-a0b1-4f8b-9bca-c34b86f19484,$500-1000
2019-11-17 15:44:19+00:00,purchase,1004838,,electronics.smartphone,oppo,154.42,515386572,36aeff8b-436c-4fd3-8a8a-af6369a318e5,$100-200
2019-11-17 15:53:04+00:00,purchase,12703678,,unknown,tigar,70.79,527187266,cc4275d1-3bbe-4773-aa36-92f64c0c7ff6,$50-100
2019-11-17 15:53:53+00:00,purchase,4300375,,unknown,polaris,39.9,519150232,d0a4f2bc-75b1-469f-ae9c-be828d063742,<$50
2019-11-17 15:55:01+00:00,purchase,2900957,,appliances.kitchen.microwave,arg,61.75,515386572,36aeff8b-436c-4fd3-8a8a-af6369a318e5,$50-100
2019-11-17 15:55:05+00:00,purchase,3500243,,unknown,bosch,135.11,514115843,c8bfe56b-cd93-4519-9776-7b69a688451b,$100-200
2019-11-17 15:55:56+00:00,purchase,12709203,,unknown,,36.55,516695084,db66dd05-a0ae-4013-92e0-b0053b4405b9,<$50
2019-11-17 15:57:09+00:00,purchase,3800879,,appliances.iron,braun,123.48,542215656,37b729ed-329b-435d-9ade-822bab59aa3f,$100-200
2019-11-17 15:57:51+00:00,purchase,1004870,,electronics.smartphone,samsung,298.28,524970252,40adcd85-0b47-4e3f-bcf7-c56d946b4d6f,$200-500
2019-11-17 15:58:34+00:00,purchase,1004794,,electronics.smartphone,xiaomi,224.43,540634223,ce757264-adbb-4c38-ac30-dd8236bc8816,$200-500
2019-11-17 16:00:14+00:00,purchase,1004856,,electronics.smartphone,samsung,128.42,545290880,acc97c3a-16be-4192-9b44-2b8ab88859ee,$100-200
2019-11-17 16:03:16+00:00,purchase,3800802,,appliances.iron,tefal,82.34,564579136,96196493-5016-4b23-9e2f-e8d0aab52f53,$50-100
2019-11-17 16:04:00+00:00,purchase,1801904,,electronics.video.tv,samsung,509.67,512784880,931dbed4-34aa-4ee5-80eb-3586249dc9a8,$500-1000
2019-11-17 16:04:21+00:00,purchase,28718058,,apparel.shoes,baden,97.04,519180768,b8cbc857-ed77-4d5f-a0b4-1dfa88f0185d,$50-100
2019-11-17 16:05:23+00:00,purchase,28718058,,apparel.shoes,baden,97.04,519180768,b8cbc857-ed77-4d5f-a0b4-1dfa88f0185d,$50-100
2019-11-17 16:05:54+00:00,purchase,4100341,,unknown,sony,449.95,556442596,770ab01c-7cb9-40ef-8c7c-790a6e2e991e,$200-500
2019-11-17 16:07:26+00:00,purchase,26400113,,unknown,vega,19.31,512938365,fb558d5e-3d62-483c-87f9-a48ae498b07a,<$50
2019-11-17 16:10:00+00:00,purchase,17500943,,unknown,garnier,4.82,535964217,af1925b0-9c1d-4d8f-a280-c6494d9fcf7d,<$50
2019-11-17 16:13:15+00:00,purchase,3900834,,appliances.environment.water_heater,aqua,40.9,558197986,a0108299-b917-4e16-b5f1-1c61a9c3123a,<$50
2019-11-17 16:13:42+00:00,purchase,19200070,,construction.tools.saw,,133.59,514115843,c8bfe56b-cd93-4519-9776-7b69a688451b,$100-200
2019-11-17 16:14:39+00:00,purchase,4804409,,electronics.audio.headphone,elari,66.43,515381172,349bc517-0146-47b6-ad6c-433482ea704b,$50-100
2019-11-17 16:15:32+00:00,purchase,28716423,,apparel.shoes,respect,86.23,512536813,ee23f951-7746-4985-9500-f9800041431c,$50-100
2019-11-17 16:17:03+00:00,purchase,1005105,,electronics.smartphone,apple,1363.74,515458103,14e061c8-977c-4405-bfdd-c31087374a84,>$1000
2019-11-17 16:17:03+00:00,purchase,1005135,,electronics.smartphone,apple,1661.05,534731935,a17c78e2-8084-47b0-bf66-eb77f52bd322,>$1000
2019-11-17 16:17:26+00:00,purchase,28718189,,apparel.shoes,salamander,71.82,517051393,bd423e27-904d-4a3c-8bd9-0327e40bd167,$50-100
2019-11-17 16:19:17+00:00,purchase,100008540,,unknown,gosh,6.83,535964217,af1925b0-9c1d-4d8f-a280-c6494d9fcf7d,<$50
2019-11-17 16:20:17+00:00,purchase,11500628,,unknown,jbl,46.08,512536813,ee23f951-7746-4985-9500-f9800041431c,<$50
2019-11-17 16:21:35+00:00,purchase,43800011,,furniture.kitchen.table,ersport,124.82,523354869,b8e71b56-5065-421e-b666-cd23ae909ad9,$100-200
2019-11-17 16:21:36+00:00,purchase,4804056,,electronics.audio.headphone,apple,169.35,515458103,14e061c8-977c-4405-bfdd-c31087374a84,$100-200
2019-11-17 16:23:31+00:00,purchase,11500273,,unknown,jbl,96.04,515458103,14e061c8-977c-4405-bfdd-c31087374a84,$50-100
2019-11-17 16:31:02+00:00,purchase,4300183,,unknown,electrolux,87.24,534850580,acb8eaa0-7190-4736-a6a9-8ada5ee59e1b,$50-100
2019-11-17 16:34:30+00:00,purchase,15100403,,unknown,lider,502.18,553061360,f86263ff-2252-47c3-bb59-cbe0c826c5c2,$500-1000
2019-11-17 16:34:54+00:00,purchase,26400375,,unknown,,144.92,514568235,581af9ca-9a28-46a8-b9cf-c9498fc6fda0,$100-200
2019-11-17 16:42:42+00:00,purchase,6300680,,appliances.kitchen.kettle,redmond,28.29,557102093,ad170cb0-e397-4ee8-93cc-ea8e1ba9cae0,<$50
2019-11-17 16:43:50+00:00,purchase,26500125,,unknown,lucente,168.6,514730357,71654a12-93ba-4b1b-8a8a-d3cf3d7eb150,$100-200
2019-11-17 16:45:21+00:00,purchase,1005160,,electronics.smartphone,xiaomi,202.06,519452391,1bf241fe-6b97-458e-8dbf-029e34591ee1,$200-500
2019-11-17 16:47:10+00:00,purchase,3701056,,appliances.environment.vacuum,samsung,69.47,557102093,ad170cb0-e397-4ee8-93cc-ea8e1ba9cae0,$50-100
2019-11-17 16:49:57+00:00,purchase,1801690,,electronics.video.tv,samsung,411.57,543661191,d38d5388-bff7-465d-91cf-19323fc546e3,$200-500
2019-11-17 16:50:40+00:00,purchase,6301402,,appliances.kitchen.kettle,willmark,10.27,557102093,ad170cb0-e397-4ee8-93cc-ea8e1ba9cae0,<$50
2019-11-17 16:54:46+00:00,purchase,3700039,,appliances.environment.vacuum,lg,187.6,513533842,d196c924-3aa1-4e98-aac7-30ce4982a58e,$100-200
2019-11-17 16:54:55+00:00,purchase,16200476,,kids.fmcg.diapers,huggies,13.77,517119261,5a0ec041-7c36-400a-9e37-f975509131b9,<$50
2019-11-17 16:55:06+00:00,purchase,5100861,,electronics.clocks,samsung,411.83,561041683,2fe59629-67db-4082-ba0e-92402dc10c2c,$200-500
2019-11-17 16:55:37+00:00,purchase,1003860,,electronics.smartphone,samsung,223.43,546367892,56c27b42-cd55-40fb-8856-d59ce9ae8029,$200-500
2019-11-17 16:56:49+00:00,purchase,5100861,,electronics.clocks,samsung,411.83,561041683,2fe59629-67db-4082-ba0e-92402dc10c2c,$200-500
2019-11-17 16:57:39+00:00,purchase,4000189,,construction.tools.generator,tefal,230.35,514083361,6d0094c7-581d-c237-7aa0-f597255128ba,$200-500
2019-11-17 17:02:21+00:00,purchase,1005169,,electronics.smartphone,samsung,205.43,551287127,0819c373-4066-41f2-a68d-abb7befc1e11,$200-500
2019-11-17 17:04:02+00:00,purchase,1004767,,electronics.smartphone,samsung,259.98,523595238,8fc6884d-0bfb-4333-91fa-a5d2ccc2762f,$200-500
2019-11-17 17:08:21+00:00,purchase,1004249,,electronics.smartphone,apple,795.9,539293180,6b835685-f568-4a57-92d3-81d68c3f2ea3,$500-1000
2019-11-17 17:09:17+00:00,purchase,3500046,,unknown,kenwood,397.41,517615296,e8721022-392d-4851-a624-bd4445d10cde,$200-500
2019-11-17 17:10:09+00:00,purchase,6800659,,computers.components.hdd,kingston,68.15,532269541,6122bee0-8693-46fd-bedd-460b67da3bfd,$50-100
2019-11-17 17:10:43+00:00,purchase,1005100,,electronics.smartphone,samsung,136.71,551287127,0a160589-b4ce-404b-8160-17b297be4d2d,$100-200
2019-11-17 17:10:46+00:00,purchase,15800131,,unknown,bosch,154.7,552728226,5b92e6c8-6294-443a-8226-6603abafa7d4,$100-200
2019-11-17 17:11:42+00:00,purchase,1005130,,electronics.smartphone,apple,1585.11,515921436,1608ac38-c38f-40f8-8f78-5d7e21e2a254,>$1000
2019-11-17 17:12:47+00:00,purchase,2900712,,appliances.kitchen.microwave,,94.98,532269541,6122bee0-8693-46fd-bedd-460b67da3bfd,$50-100
2019-11-17 17:13:26+00:00,purchase,17300770,,unknown,,43.5,513559583,95d92326-5c08-48bb-83ab-246ae143f84c,<$50
2019-11-17 17:14:12+00:00,purchase,7600336,,unknown,tp-link,28.06,540769753,bcf531b0-1dd6-47ae-b8b6-ff8b06a0b3b4,<$50
2019-11-17 17:14:49+00:00,purchase,4803637,,electronics.audio.headphone,hyperx,60.31,532269541,6ed8483d-d6ee-4a1d-a70a-78fc0fa8c7bf,$50-100
2019-11-17 17:16:48+00:00,purchase,100006462,,computers.components.power_supply,chieftec,70.18,532269541,6ed8483d-d6ee-4a1d-a70a-78fc0fa8c7bf,$50-100
2019-11-17 17:16:51+00:00,purchase,4000013,,construction.tools.generator,karcher,145.88,513317682,819720f1-b681-4b0e-864e-e866c6dd1297,$100-200
2019-11-17 17:17:51+00:00,purchase,3801287,,appliances.iron,braun,67.93,542215656,72bb35e2-71f5-4538-8c9f-e9c100ab5900,$50-100
2019-11-17 17:18:25+00:00,purchase,1005160,,electronics.smartphone,xiaomi,202.3,512770664,9f7f3df2-8f42-46c0-b689-8e49118b349b,$200-500
2019-11-17 17:18:59+00:00,purchase,5100816,,unknown,xiaomi,32.14,540769753,bcf531b0-1dd6-47ae-b8b6-ff8b06a0b3b4,<$50
2019-11-17 17:19:07+00:00,purchase,1005115,,electronics.smartphone,apple,913.99,539293180,94409a12-ddb9-42d1-b3be-22bd902a963d,$500-1000
2019-11-17 17:19:19+00:00,purchase,9800373,,unknown,,64.33,532269541,6ed8483d-d6ee-4a1d-a70a-78fc0fa8c7bf,$50-100
2019-11-17 17:22:09+00:00,purchase,12300489,,construction.tools.drill,crown,27.8,525043558,7aaec69a-6958-45bf-bc1d-1c28c12a064c,<$50
2019-11-17 17:23:53+00:00,purchase,6300680,,appliances.kitchen.kettle,redmond,28.29,514348314,e28d9ab2-21a7-4dd4-99af-e0ccb2da89a0,<$50
2019-11-17 17:24:31+00:00,purchase,12300489,,construction.tools.drill,crown,27.8,525043558,7aaec69a-6958-45bf-bc1d-1c28c12a064c,<$50
2019-11-17 17:25:54+00:00,purchase,1005107,,electronics.smartphone,apple,1011.61,562964646,3533a839-2b73-4ea7-9a98-9578fb340ed9,>$1000
2019-11-17 17:28:07+00:00,purchase,1004767,,electronics.smartphone,samsung,259.98,533881273,88310343-241c-41d1-8807-23752cda43bf,$200-500
2019-11-17 17:28:21+00:00,purchase,1004653,,electronics.smartphone,samsung,605.68,559992992,ae934470-1822-4b89-acbe-7df004515e34,$500-1000
2019-11-17 17:31:50+00:00,purchase,1201472,,electronics.tablet,samsung,476.18,545991620,50e0751c-3c21-44ab-acbf-91948f48d093,$200-500
2019-11-17 17:32:01+00:00,purchase,1005105,,electronics.smartphone,apple,1337.1,546145455,56a54158-e467-48f0-9fda-2131d3dc329a,>$1000
2019-11-17 17:33:23+00:00,purchase,1005115,,electronics.smartphone,apple,913.99,536928771,583f6877-6ebc-4404-87c4-a1c37da5cf9c,$500-1000
2019-11-17 17:33:40+00:00,purchase,1004750,,electronics.smartphone,samsung,193.92,556731720,b3366742-bbaf-4601-b34a-76203e3fb018,$100-200
2019-11-17 17:35:25+00:00,purchase,19000034,,unknown,,87.52,552728226,ba4b9703-738b-4229-afae-e69f57668e09,$50-100
2019-11-17 17:36:12+00:00,purchase,2800677,,appliances.kitchen.refrigerators,midea,230.89,539796081,a5795ca2-ce20-4b08-b162-c37755e5cb49,$200-500
2019-11-17 17:36:37+00:00,purchase,28722137,,apparel.shoes,walkmaxx,51.46,536928771,583f6877-6ebc-4404-87c4-a1c37da5cf9c,$50-100
2019-11-17 17:38:16+00:00,purchase,3701056,,appliances.environment.vacuum,samsung,69.47,542215656,72bb35e2-71f5-4538-8c9f-e9c100ab5900,$50-100
2019-11-17 17:38:16+00:00,purchase,4700272,,auto.accessories.videoregister,neoline,245.26,519864077,5b7460fe-da0c-49f0-90e7-a81835db127a,$200-500
2019-11-17 17:39:17+00:00,purchase,5300097,,unknown,remington,45.02,537816383,80d716f0-ec4d-4fc5-98b7-52f4f6fcfb2a,<$50
2019-11-17 17:43:47+00:00,purchase,3300349,,unknown,redmond,73.34,542215656,72bb35e2-71f5-4538-8c9f-e9c100ab5900,$50-100
2019-11-17 17:43:54+00:00,purchase,1307365,,computers.notebook,lenovo,394.53,533932538,14d80edc-a159-4a41-81cf-c68474bf8626,$200-500
2019-11-17 17:44:36+00:00,purchase,26204894,,unknown,,185.26,536590614,089e6acf-6ee2-4d9b-babf-d07a8d5aec4a,$100-200
2019-11-17 17:45:17+00:00,purchase,28716454,,apparel.shoes,respect,86.23,560155933,01bd4f2a-3ff5-48c5-9405-db865dd2d23f,$50-100
2019-11-17 17:45:42+00:00,purchase,26204894,,unknown,,185.26,536590614,089e6acf-6ee2-4d9b-babf-d07a8d5aec4a,$100-200
2019-11-17 17:48:14+00:00,purchase,1307365,,computers.notebook,lenovo,394.53,533932538,14d80edc-a159-4a41-81cf-c68474bf8626,$200-500
2019-11-17 17:48:44+00:00,purchase,14701406,,furniture.living_room.cabinet,,128.68,514096484,f3373b42-2273-6635-0f61-94e8c1327685,$100-200
2019-11-17 17:49:42+00:00,purchase,17300751,,unknown,versace,76.96,513646853,9896b6fe-f909-4dad-9234-4cf938e4ff28,$50-100
2019-11-17 17:51:22+00:00,purchase,4000186,,construction.tools.generator,tefal,128.68,520050444,adb1b07c-3100-440c-b019-668a87e45abc,$100-200
2019-11-17 17:54:10+00:00,purchase,29502168,,unknown,mammut,50.19,513646853,9896b6fe-f909-4dad-9234-4cf938e4ff28,$50-100
2019-11-17 17:54:45+00:00,purchase,3200173,,appliances.kitchen.meat_grinder,,56.11,520050444,adb1b07c-3100-440c-b019-668a87e45abc,$50-100
2019-11-17 17:54:56+00:00,purchase,1307365,,computers.notebook,lenovo,394.53,533932538,14d80edc-a159-4a41-81cf-c68474bf8626,$200-500
2019-11-17 17:55:15+00:00,purchase,38900026,,unknown,,56.6,514096484,f3373b42-2273-6635-0f61-94e8c1327685,$50-100
2019-11-17 17:55:27+00:00,purchase,3800751,,appliances.iron,redmond,28.29,548267707,e3abac57-6fa4-4cdc-8c29-6a3aec45bec0,<$50
2019-11-17 17:55:39+00:00,purchase,1005159,,electronics.smartphone,xiaomi,202.3,550960521,f997b794-26ab-4c9a-9062-75bd29c1a760,$200-500
2019-11-17 17:57:08+00:00,purchase,10800025,,unknown,redmond,55.57,520050444,adb1b07c-3100-440c-b019-668a87e45abc,$50-100
2019-11-17 17:58:30+00:00,purchase,1005160,,electronics.smartphone,xiaomi,202.3,550960521,f997b794-26ab-4c9a-9062-75bd29c1a760,$200-500
2019-11-17 17:59:17+00:00,purchase,100003496,,electronics.video.tv,lg,1544.18,515921436,1608ac38-c38f-40f8-8f78-5d7e21e2a254,>$1000
2019-11-17 17:59:30+00:00,purchase,1005195,,electronics.smartphone,xiaomi,108.63,515386572,f4138128-49d0-4b4b-b74c-6ec0ae13ff4f,$100-200
2019-11-17 18:39:52+00:00,purchase,50600005,,auto.accessories.compressor,,131.51,547464745,d51f7a07-6de7-46a5-9601-c85c8e65f6d2,$100-200
2019-11-17 19:18:18+00:00,purchase,2502268,,appliances.kitchen.oven,dauscher,128.68,547366313,cc9b6b25-7a46-466c-94bd-f74bafcf6374,$100-200
2019-11-17 20:19:29+00:00,purchase,1005135,,electronics.smartphone,apple,1661.05,542555216,2d755afe-9c65-4b2b-b989-98635475d0e6,>$1000
2019-11-17 21:11:30+00:00,purchase,1004246,,electronics.smartphone,apple,795.64,532786569,f01e7b08-f944-485a-ab19-637522bcea2b,$500-1000
2019-11-17 21:48:56+00:00,purchase,4803977,,electronics.audio.headphone,samsung,120.47,545991620,533642be-bf6f-4cf6-a5fb-4dbb3d586790,$100-200
2019-11-17 22:24:11+00:00,purchase,1005115,,electronics.smartphone,apple,913.28,512803922,3e262be6-527f-47fb-9402-92c79545509b,$500-1000
2019-11-18 02:23:49+00:00,purchase,4804055,,electronics.audio.headphone,apple,205.64,518688775,527b8f41-c362-4834-bacc-e765cb096bdb,$200-500
2019-11-18 02:46:26+00:00,purchase,1801997,,electronics.video.tv,philips,720.71,539619958,e5db4f67-fa3d-498d-a7d6-8ea4939fdca5,$500-1000
2019-11-18 03:02:57+00:00,purchase,4804056,,electronics.audio.headphone,apple,167.31,515458103,9524f36f-bd6d-4db3-b93f-363364465aaf,$100-200
2019-11-18 03:14:20+00:00,purchase,7006250,,kids.carriage,anex,668.74,512709586,fb22d4f1-b7b5-4823-b9e2-a91c556e30c8,$500-1000
2019-11-18 04:03:30+00:00,purchase,1005100,,electronics.smartphone,samsung,136.14,551287127,1bc713d6-a6fc-493c-8294-6a31fa7c441e,$100-200
2019-11-18 04:23:29+00:00,purchase,1004767,,electronics.smartphone,samsung,246.06,525110179,06efed53-158d-4658-9b09-b064dc6a2788,$200-500
2019-11-18 04:55:42+00:00,purchase,26400629,,unknown,,305.8,522441075,d450cb92-52c3-4614-b6ac-5741e2338208,$200-500
2019-11-18 05:03:52+00:00,purchase,2900090,,appliances.kitchen.microwave,samsung,102.71,515794979,0bc3521a-c2b4-4e87-a8be-f73a7c8ef9a5,$100-200
2019-11-18 05:15:06+00:00,purchase,1307545,,computers.notebook,lenovo,256.87,546703698,0e4c83d4-865b-4389-b6b7-84a7b37c6c83,$200-500
2019-11-18 05:39:49+00:00,purchase,17300754,,unknown,versace,48.65,555712081,cda94aea-cf24-47d6-a5bc-e64599501bec,<$50
2019-11-18 06:08:09+00:00,purchase,12705001,,unknown,cordiant,41.96,563961633,9aafdefd-b749-4af1-81d6-7f9012f95933,<$50
2019-11-18 06:16:07+00:00,purchase,14700332,,furniture.living_room.cabinet,brw,490.69,519057783,a3aeca10-4eae-4f54-8802-382f3fdc95f0,$200-500
2019-11-18 06:45:06+00:00,purchase,1005175,,electronics.smartphone,samsung,643.23,559126616,a03eb996-4633-43a1-9c6e-2df5aab98068,$500-1000
2019-11-18 06:47:16+00:00,purchase,30900645,,computers.components.cooler,,57.66,532269541,79ce2611-72f9-4a91-b424-b96f700fffb9,$50-100
2019-11-18 06:49:08+00:00,purchase,30901071,,computers.components.cooler,thermaltake,53.8,532269541,79ce2611-72f9-4a91-b424-b96f700fffb9,$50-100
2019-11-18 06:50:44+00:00,purchase,4700552,,auto.accessories.videoregister,navitel,153.58,513381227,6bf10c8a-3bc4-4e88-9ba3-776a98d9f8bf,$100-200
2019-11-18 06:52:14+00:00,purchase,30901175,,computers.components.cooler,thermaltake,54.41,532269541,79ce2611-72f9-4a91-b424-b96f700fffb9,$50-100
2019-11-18 06:53:20+00:00,purchase,30901175,,computers.components.cooler,thermaltake,54.41,532269541,79ce2611-72f9-4a91-b424-b96f700fffb9,$50-100
2019-11-18 07:02:38+00:00,purchase,13400823,,unknown,brw,185.08,549559809,281c1d4c-9a7c-47be-8dc5-19ef42a0e7d9,$100-200
2019-11-18 07:06:56+00:00,purchase,12705001,,unknown,cordiant,41.96,562135980,dacb00d1-1844-4769-8206-5fa16d83cb9f,<$50
2019-11-18 07:15:37+00:00,purchase,1004225,,electronics.smartphone,apple,1055.01,550636480,dcc02f1f-1878-47b1-a425-57e0056148a6,>$1000
2019-11-18 08:01:44+00:00,purchase,12720043,,unknown,maxxis,47.62,556642468,22faeb36-6253-460e-a216-7e1373a99926,<$50
2019-11-18 08:27:55+00:00,purchase,12718063,,unknown,,34.75,516493566,f1b2fa32-f0be-4f16-9e55-269f7c411f98,<$50
2019-11-18 08:42:55+00:00,purchase,2900712,,appliances.kitchen.microwave,,94.98,532269541,485b38e1-8bcc-45fb-a293-db7379c9a694,$50-100
2019-11-18 08:44:19+00:00,purchase,1801690,,electronics.video.tv,samsung,411.57,535178925,c6298f75-e22b-45fd-acee-a82d1067d68b,$200-500
2019-11-18 08:48:14+00:00,purchase,4804177,,electronics.audio.headphone,xiaomi,6.67,552719542,87c6d396-803a-4bd6-b2d9-87fdc269f524,<$50
2019-11-18 09:07:52+00:00,purchase,1005252,,electronics.smartphone,oppo,308.63,529169546,1bf4abef-9650-4be2-a145-dbe42337bf87,$200-500
2019-11-18 09:22:47+00:00,purchase,5100816,,unknown,xiaomi,32.02,532786569,18c5584c-ce87-4617-80d9-841ec444d5e7,<$50
2019-11-18 09:33:23+00:00,purchase,1004249,,electronics.smartphone,apple,795.39,540972891,61b4de21-a050-4b62-9997-4f3455f2a707,$500-1000
2019-11-18 09:51:02+00:00,purchase,1004856,,electronics.smartphone,samsung,125.92,512432519,203d32cb-c522-4e99-9a69-4027ec522a24,$100-200
2019-11-18 10:32:31+00:00,purchase,12714715,,unknown,tunga,47.62,542885443,1c9073af-bf74-49c7-9c9f-c25a9f3711f0,<$50
2019-11-18 11:04:15+00:00,purchase,1004249,,electronics.smartphone,apple,771.94,515458103,479030cd-ae38-4c8d-8fc8-43f9dd0fe8bb,$500-1000
2019-11-18 11:31:47+00:00,purchase,4804056,,electronics.audio.headphone,apple,167.06,512803922,d821cfd6-db9b-4155-8733-6907d7a4a6d1,$100-200
2019-11-18 12:55:22+00:00,purchase,1005143,,electronics.smartphone,apple,1480.06,546149900,fa1cdac3-9679-451a-bbc7-cd62dcfdac79,>$1000
2019-11-18 13:05:24+00:00,purchase,1004856,,electronics.smartphone,samsung,126.9,528090016,ac3d780c-61a5-4959-92af-0071b14bc48f,$100-200
2019-11-18 13:08:07+00:00,purchase,1004720,,electronics.smartphone,huawei,126.98,528090016,ac3d780c-61a5-4959-92af-0071b14bc48f,$100-200
2019-11-18 13:12:20+00:00,purchase,26300095,,unknown,lucente,620.87,519511293,d0cb75e8-87eb-4fb4-b611-8408bf9efe17,$500-1000
2019-11-18 13:13:53+00:00,purchase,30900889,,computers.components.cooler,,39.55,532269541,0b581aa7-593a-450d-b78a-bb2696030838,<$50
2019-11-18 13:59:33+00:00,purchase,1005115,,electronics.smartphone,apple,913.28,515952065,a0525653-0f8b-4020-a001-492003d80873,$500-1000
2019-11-18 14:27:09+00:00,purchase,4801876,,electronics.audio.headphone,apple,33.44,513540242,6d8c055c-01f6-4a7b-a71c-75696ad7a513,<$50
2019-11-18 15:24:20+00:00,purchase,1004833,,electronics.smartphone,samsung,168.7,531721253,88066bf5-0137-47f0-9b2c-a93336437ab4,$100-200
2019-11-18 15:49:31+00:00,purchase,1002629,,electronics.smartphone,apple,360.11,517433545,876378a6-fb64-440d-bea9-6b725afe5274,$200-500
2019-11-18 16:17:43+00:00,purchase,1005160,,electronics.smartphone,xiaomi,201.99,517433545,6e7ad08d-6956-4666-af5e-1a1fe65de724,$200-500
2019-11-18 16:22:35+00:00,purchase,1004833,,electronics.smartphone,samsung,168.7,515619901,26250983-e28c-4fea-b42b-db396749735c,$100-200
2019-11-18 16:25:47+00:00,purchase,18000921,,unknown,samsung,9.76,515619901,26250983-e28c-4fea-b42b-db396749735c,<$50
2019-11-18 17:18:59+00:00,purchase,1005115,,electronics.smartphone,apple,913.28,520071707,dc2920aa-4957-49e6-b6c3-6722df777037,$500-1000
2019-11-18 17:50:05+00:00,purchase,26403232,,unknown,,64.61,549664573,a9838121-3b8d-4aeb-a868-2d67c3d974ce,$50-100
2019-11-18 18:13:17+00:00,purchase,1005239,,electronics.smartphone,xiaomi,261.27,564686850,c21d4ed2-062b-41d0-b027-f7f50bcb724b,$200-500
2019-11-18 18:31:00+00:00,purchase,17800523,,computers.desktop,zeta,47.83,519967953,beb2888c-a66b-4434-b3d4-f6ca0a4e4c9b,<$50
2019-11-18 18:32:21+00:00,purchase,5100916,,electronics.clocks,apple,1132.33,559222318,77718540-d555-46f4-8623-43895d889517,>$1000
2019-11-18 18:35:29+00:00,purchase,5000575,,appliances.sewing_machine,janome,109.14,559222318,77718540-d555-46f4-8623-43895d889517,$100-200
2019-11-18 18:44:55+00:00,purchase,1005174,,electronics.smartphone,samsung,643.23,559126616,eab7018b-8569-4b30-96fb-84419e75c012,$500-1000
2019-11-18 18:54:46+00:00,purchase,12720796,,unknown,sonny,56.63,514001949,ce1bd45c-8156-4525-a061-7d9c9045dd88,$50-100
2019-11-18 19:56:43+00:00,purchase,3700926,,appliances.environment.vacuum,samsung,69.47,547151454,e5d0e170-b63f-43af-8676-4246ac152c0d,$50-100
2019-11-19 04:01:34+00:00,purchase,5800860,,electronics.audio.subwoofer,phantom,15.44,512432519,a8cbc9d3-3945-45c7-b1ba-5354c3c4b389,<$50
2019-11-19 04:33:49+00:00,purchase,4300077,,unknown,timberk,39.9,529357039,3423242c-e5f1-4690-97b7-75248435fa33,<$50
2019-11-19 04:59:29+00:00,purchase,1004767,,electronics.smartphone,samsung,246.04,530397320,6eee1baa-2a2e-4aeb-b1e2-f7f5c489a209,$200-500
2019-11-19 05:20:19+00:00,purchase,4804056,,electronics.audio.headphone,apple,167.06,550636480,0d2950a4-b362-46a1-81a0-942ee8d1cfc0,$100-200
2019-11-19 05:45:22+00:00,purchase,12708143,,unknown,cordiant,319.24,555542212,f059c0d3-ae31-45d5-b636-02d928d6e3e1,$200-500
2019-11-19 06:09:49+00:00,purchase,1005115,,electronics.smartphone,apple,913.28,555542212,105b8423-4ce4-4fce-91ce-290d710607e2,$500-1000
2019-11-19 07:31:27+00:00,purchase,1004833,,electronics.smartphone,samsung,168.7,512730965,9845df50-2912-4fea-a4b3-e2573d6065c3,$100-200
2019-11-19 07:39:22+00:00,purchase,1004836,,electronics.smartphone,samsung,229.91,517163211,73826c3a-0012-4882-b6f2-8019536ce3ea,$200-500
2019-11-19 07:55:39+00:00,purchase,1005100,,electronics.smartphone,samsung,136.12,560496642,e1c6e736-4d11-4966-8c6e-820936e04763,$100-200
2019-11-19 08:03:42+00:00,purchase,34600102,,unknown,fenix,77.2,512760019,54914abd-fd28-45f3-9b00-5338028e2c92,$50-100
2019-11-19 08:29:52+00:00,purchase,12702824,,unknown,cordiant,61.78,519048319,7dbcefab-c0b6-46f0-a94a-1eef44775112,$50-100
2019-11-19 09:10:00+00:00,purchase,3900654,,appliances.environment.water_heater,thermex,97.02,512763813,07cfec35-e39a-4078-a216-68b68c64d3b8,$50-100
2019-11-19 09:26:24+00:00,purchase,1004750,,electronics.smartphone,samsung,193.92,517326472,87abf387-846c-4702-90b2-5c3d0949e6d7,$100-200
2019-11-19 09:29:43+00:00,purchase,1004750,,electronics.smartphone,samsung,193.92,517326472,87abf387-846c-4702-90b2-5c3d0949e6d7,$100-200
2019-11-19 09:50:39+00:00,purchase,1004249,,electronics.smartphone,apple,795.9,532786569,e1e54d31-c64e-436c-8d7c-7e0163a6a3fd,$500-1000
2019-11-19 10:04:44+00:00,purchase,1005161,,electronics.smartphone,xiaomi,202.31,543401858,d09c9b9e-7f7b-4e8f-b07e-19378668f4a8,$200-500
2019-11-19 10:43:57+00:00,purchase,1004833,,electronics.smartphone,samsung,168.7,531251311,931a3fc0-0781-449c-bd97-31aa934e61ab,$100-200
2019-11-19 10:50:40+00:00,purchase,2701882,,appliances.kitchen.refrigerators,beko,241.94,531251311,931a3fc0-0781-449c-bd97-31aa934e61ab,$200-500
2019-11-19 10:56:41+00:00,purchase,1002524,,electronics.smartphone,apple,535.15,513926131,a4156f13-2a44-4d5e-9dc5-5c5c42dc2f1b,$500-1000
2019-11-19 10:59:14+00:00,purchase,12500117,,unknown,stanley,68.79,552752710,22b7e6cd-1be2-4a96-bfe6-5717e238e3ea,$50-100
2019-11-19 11:03:17+00:00,purchase,3701094,,appliances.environment.vacuum,vitek,77.17,555836403,72eae0ee-d0d5-4d23-9144-5fea2af45eb4,$50-100
2019-11-19 11:30:51+00:00,purchase,3600661,,appliances.kitchen.washer,samsung,308.86,533932538,dae399f5-d4f9-423f-bafe-a9ffe9d9c166,$200-500
2019-11-19 11:39:00+00:00,purchase,22300006,,unknown,rombica,64.33,513154205,86397ad3-39bd-484b-9fa5-348523c1fc31,$50-100
2019-11-19 11:49:27+00:00,purchase,3800751,,appliances.iron,redmond,28.29,523543746,82646acf-66bb-40d9-b8d7-0d7e427ad271,<$50
2019-11-19 11:52:52+00:00,purchase,2900090,,appliances.kitchen.microwave,samsung,102.71,523543746,82646acf-66bb-40d9-b8d7-0d7e427ad271,$100-200
2019-11-19 12:01:12+00:00,purchase,1004838,,electronics.smartphone,oppo,167.06,534277061,e448baaa-4f1c-4d1d-9bf5-c1c935f22a08,$100-200
2019-11-19 12:41:16+00:00,purchase,1201247,,electronics.tablet,prestigio,51.2,547577735,ca7a0c94-58dc-4b11-b786-abd6fd32a869,$50-100
2019-11-19 12:45:48+00:00,purchase,1201247,,electronics.tablet,prestigio,51.2,547577735,ca7a0c94-58dc-4b11-b786-abd6fd32a869,$50-100
2019-11-19 12:55:36+00:00,purchase,22700129,,unknown,stels,66.91,519404118,2d4c9143-8cc1-461f-a0f5-6fa5327ae85a,$50-100
2019-11-19 14:07:27+00:00,purchase,4803192,,electronics.audio.headphone,xiaomi,14.16,529023966,b40e3caf-680f-4b58-9b5d-f0ea92fcbb2a,<$50
2019-11-19 14:54:21+00:00,purchase,1004767,,electronics.smartphone,samsung,246.04,539615486,338de880-6520-4f5f-b166-cae228e9b6d1,$200-500
2019-11-19 14:57:16+00:00,purchase,42600253,,unknown,rockforce,25.23,514340570,48e9fe2d-b27b-476a-a270-73b3b6341193,<$50
2019-11-19 15:50:36+00:00,purchase,1003317,,electronics.smartphone,apple,939.54,517646498,d1e78000-18db-4b91-a34f-3aa505eaf040,$500-1000
2019-11-19 15:56:54+00:00,purchase,1004863,,electronics.smartphone,samsung,168.66,559378963,679b75a1-ccc4-4e14-ab52-1503f8102bcb,$100-200
2019-11-19 16:35:05+00:00,purchase,1005115,,electronics.smartphone,apple,913.28,520071707,ad63bd57-70cb-44f0-89db-f8888402817f,$500-1000
2019-11-19 16:37:35+00:00,purchase,25200188,,unknown,deluxe,30.61,556816795,df81421e-97fc-4274-aa76-3dccc5b7dbda,<$50
2019-11-19 16:43:24+00:00,purchase,1801904,,electronics.video.tv,samsung,509.66,550306980,eb3404d3-2e99-4746-8d19-aa9c80bb9802,$500-1000
2019-11-19 17:33:57+00:00,purchase,42800008,,construction.tools.saw,makita,472.68,533751482,a00b06b7-116a-4b67-91b9-4778f8f2c8cd,$200-500
2019-11-19 17:44:21+00:00,purchase,1005212,,electronics.smartphone,samsung,175.96,566036122,4a4ca1b5-eb9b-4d43-82b7-4d51cc581448,$100-200
2019-11-19 21:37:41+00:00,purchase,26018219,,unknown,,13.26,518649269,e51968df-abcd-4213-a9b2-8bc92e001706,<$50
2019-11-20 02:44:49+00:00,purchase,30900889,,computers.components.cooler,pccooler,39.55,532269541,311ee219-c89d-4a3a-9b7f-b2947c114002,<$50
2019-11-20 03:02:27+00:00,purchase,1005116,,electronics.smartphone,apple,1012.51,555542212,fbfe1f5b-c8d7-48fd-b0c7-9d2667d8fb27,>$1000
2019-11-20 03:08:10+00:00,purchase,12718990,,unknown,goodyear,419.06,555542212,6764f749-b7ed-42cb-b064-407ce87a98b4,$200-500
2019-11-20 03:10:07+00:00,purchase,6000004,,auto.accessories.alarm,starline,139.77,515778941,79e859c0-ae0a-48e9-876d-ed62145d3fa5,$100-200
2019-11-20 03:54:27+00:00,purchase,4700637,,auto.accessories.videoregister,neoline,86.92,514440558,4977c0be-4fbd-4a6f-973f-1371658c666d,$50-100
2019-11-20 04:14:23+00:00,purchase,8800464,,electronics.telephone,nokia,37.52,536090058,3d8cbac3-4190-41e0-be98-1e2c35a19be3,<$50
2019-11-20 05:13:26+00:00,purchase,16500004,,unknown,omron,57.97,517927580,9aa2e917-da3e-474a-8cfe-55363b5c0de9,$50-100
2019-11-20 05:19:27+00:00,purchase,5800860,,electronics.audio.subwoofer,phantom,15.44,512432519,f1ca5641-970c-437e-b3fb-fa7ad365b85e,<$50
2019-11-20 05:37:06+00:00,purchase,1004767,,electronics.smartphone,samsung,246.03,546771421,a2a96657-b690-4116-a267-2e91588c80c0,$200-500
2019-11-20 05:54:51+00:00,purchase,1005174,,electronics.smartphone,samsung,643.23,513358023,a4d1e3fb-8c2c-4eb6-9d0a-c756b0cf5ed1,$500-1000
2019-11-20 06:01:15+00:00,purchase,1005003,,electronics.smartphone,huawei,239.31,516684510,47ef85d5-efa2-44bb-8b16-587b66f917f4,$200-500
2019-11-20 06:08:09+00:00,purchase,12719631,,unknown,habilead,60.75,512484704,f98076e6-c554-4073-bfca-311542dfaba7,$50-100
2019-11-20 06:09:43+00:00,purchase,12719631,,unknown,habilead,60.75,512484704,f98076e6-c554-4073-bfca-311542dfaba7,$50-100
2019-11-20 06:15:18+00:00,purchase,12703655,,unknown,maxxis,61.52,512484704,0bd7f348-4a09-4c0b-af7c-c8e56f546ea8,$50-100
2019-11-20 06:16:22+00:00,purchase,12711946,,unknown,kormoran,56.63,512484704,0bd7f348-4a09-4c0b-af7c-c8e56f546ea8,$50-100
2019-11-20 06:24:41+00:00,purchase,3700832,,appliances.environment.vacuum,lg,108.09,544992379,ecb9bdbc-321e-44f8-a575-77dd9fba0a3d,$100-200
2019-11-20 06:35:11+00:00,purchase,1004870,,electronics.smartphone,samsung,292.46,553451701,4ff30d5a-3cdf-4a05-bfac-53482926552f,$200-500
2019-11-20 07:07:21+00:00,purchase,43800006,,furniture.kitchen.table,ersport,115.81,517461958,78cb1a37-dd71-406c-94da-55df16060679,$100-200
2019-11-20 07:45:07+00:00,purchase,12703494,,unknown,cordiant,41.19,512932794,937f089a-c2cb-4fbc-8e5d-7e59d25b9b48,<$50
2019-11-20 07:46:48+00:00,purchase,12703494,,unknown,cordiant,41.19,512932794,937f089a-c2cb-4fbc-8e5d-7e59d25b9b48,<$50
2019-11-20 07:53:14+00:00,purchase,5300157,,unknown,philips,37.56,514774569,cead79b2-8cc9-414e-8836-0d87a29c6e4b,<$50
2019-11-20 07:56:41+00:00,purchase,1003966,,electronics.smartphone,samsung,720.46,553842190,880b93ab-7f95-45bf-8649-93aa848f4633,$500-1000
2019-11-20 08:14:13+00:00,purchase,4804056,,electronics.audio.headphone,apple,165.84,515638561,95c43254-f6ed-48d4-a29d-c22ec3e9056f,$100-200
2019-11-20 08:15:51+00:00,purchase,3700683,,appliances.environment.vacuum,tefal,128.68,544992379,6d729f67-1dc5-4e4a-9941-31192f05d05b,$100-200
2019-11-20 08:25:32+00:00,purchase,12703494,,unknown,cordiant,41.19,512932794,937f089a-c2cb-4fbc-8e5d-7e59d25b9b48,<$50
2019-11-20 08:32:57+00:00,purchase,5300213,,unknown,rowenta,47.59,514774569,73a43cb4-d1e6-4134-aef9-2d72ab06bdd5,<$50
2019-11-20 08:58:53+00:00,purchase,1004767,,electronics.smartphone,samsung,246.03,512913969,8226c740-19aa-40e2-8261-5a4db6ca2832,$200-500
2019-11-20 09:17:21+00:00,purchase,1002544,,electronics.smartphone,apple,488.82,557669884,24828d8d-61b0-4066-b003-104332375c42,$200-500
2019-11-20 09:39:50+00:00,purchase,1005115,,electronics.smartphone,apple,958.3,553080748,3ac29e78-a123-435f-a44e-7a619b73ea52,$500-1000
2019-11-20 09:42:08+00:00,purchase,1004833,,electronics.smartphone,samsung,170.3,527037229,60073422-55d3-43b1-90d9-58860dcdeefc,$100-200
2019-11-20 09:46:45+00:00,purchase,1005069,,electronics.smartphone,vivo,308.86,547426629,69a83de2-77a4-4f38-92d9-864fccb8004f,$200-500
2019-11-20 10:12:30+00:00,purchase,1004873,,electronics.smartphone,samsung,382.71,519967953,2dc69600-60e8-4eb6-a45e-101acb6ecf48,$200-500
2019-11-20 10:35:23+00:00,purchase,1004767,,electronics.smartphone,samsung,246.03,537761087,15c52197-9944-413b-a746-99a6e004512e,$200-500
2019-11-20 11:00:48+00:00,purchase,3700683,,appliances.environment.vacuum,tefal,128.68,544992379,7ca46a92-16a7-4d42-b938-3baa2e3d913d,$100-200
2019-11-20 11:07:58+00:00,purchase,12703494,,unknown,cordiant,41.19,512932794,efe7d535-997c-4e5d-8a68-436b2cdae8d4,<$50
2019-11-20 11:13:01+00:00,purchase,10600074,,unknown,,12.84,540663731,01dd4f4a-8d09-4f92-8b94-6d5f3ad8ae94,<$50
2019-11-20 11:27:35+00:00,purchase,3100267,,appliances.kitchen.blender,vitek,40.36,521454939,88fb492b-2e5d-434d-85c2-d3913facf6e6,<$50
2019-11-20 11:48:21+00:00,purchase,4803977,,electronics.audio.headphone,samsung,119.89,550831865,576f76dc-1e97-47e9-981b-612766d5515e,$100-200
2019-11-20 12:28:44+00:00,purchase,1004833,,electronics.smartphone,samsung,170.3,563239244,c3034d1c-6448-40ad-9762-c258b333960f,$100-200
2019-11-20 12:30:28+00:00,purchase,1801766,,electronics.video.tv,artel,152.95,563239244,c3034d1c-6448-40ad-9762-c258b333960f,$100-200
2019-11-20 13:21:53+00:00,purchase,4804660,,electronics.audio.headphone,xiaomi,25.45,550831865,985bb396-8f27-494f-a1dc-90a59ae75908,<$50
2019-11-20 13:44:04+00:00,purchase,12708143,,unknown,cordiant,319.24,555542212,2fa1bc78-166e-4d07-9570-23439a15d882,$200-500
2019-11-20 15:15:01+00:00,purchase,26203734,,unknown,lucente,149.04,515458103,96ccb410-7cc3-4cc4-a187-e362fb08c74f,$100-200
2019-11-20 15:18:58+00:00,purchase,26201215,,unknown,lucente,100.9,515458103,96ccb410-7cc3-4cc4-a187-e362fb08c74f,$100-200
2019-11-20 15:21:04+00:00,purchase,1004833,,electronics.smartphone,samsung,170.3,523577056,1a66149a-8b84-49e8-8eef-288683a6085c,$100-200
2019-11-20 15:24:02+00:00,purchase,1004856,,electronics.smartphone,samsung,126.86,531251311,2bf4f6f0-1809-45b3-933c-158ae45aa1f6,$100-200
2019-11-20 15:26:51+00:00,purchase,12703494,,unknown,cordiant,41.19,512932794,186bddc5-f633-472a-a1a9-7febbdaff2f7,<$50
2019-11-20 15:30:18+00:00,purchase,12703494,,unknown,cordiant,41.19,512932794,186bddc5-f633-472a-a1a9-7febbdaff2f7,<$50
2019-11-20 15:30:18+00:00,purchase,21403738,,electronics.clocks,casio,90.09,531251311,2bf4f6f0-1809-45b3-933c-158ae45aa1f6,$50-100
2019-11-20 17:13:47+00:00,purchase,1004856,,electronics.smartphone,samsung,126.86,544198516,e0edb8f6-31fb-4d87-b285-fc82b6b61132,$100-200
2019-11-20 17:14:07+00:00,purchase,1005105,,electronics.smartphone,apple,1363.23,531678338,86ac2463-59cc-4199-81a6-a62aab2f9ee9,>$1000
2019-11-20 17:14:18+00:00,purchase,1005105,,electronics.smartphone,apple,1363.23,531678338,86ac2463-59cc-4199-81a6-a62aab2f9ee9,>$1000
2019-11-20 17:25:18+00:00,purchase,16000679,,unknown,agness,89.17,531251311,51b2cc3d-bbaf-4fb2-a44b-d105b3f80f2f,$50-100
2019-11-20 18:04:45+00:00,purchase,1005115,,electronics.smartphone,apple,958.3,515458103,543c961d-550a-4534-b92f-8bc37257a757,$500-1000
2019-11-20 18:06:41+00:00,purchase,26203749,,unknown,,119.69,515458103,a242914a-8561-4223-87d8-4dfe716c7b51,$100-200
2019-11-20 18:08:07+00:00,purchase,1005238,,electronics.smartphone,oppo,308.63,512861519,fea21bec-855f-4038-bd87-ebf07e5b390b,$200-500
2019-11-20 18:10:32+00:00,purchase,21400508,,electronics.clocks,casio,64.35,530482376,730e581e-b8a0-4f09-b354-29f65603d2e5,$50-100
2019-11-20 18:29:22+00:00,purchase,1004856,,electronics.smartphone,samsung,126.86,519543524,7bfa53de-cf9d-403c-980d-4c0bc8deda2b,$100-200
2019-11-20 21:17:02+00:00,purchase,1004872,,electronics.smartphone,samsung,292.41,517595199,7ef36910-eb85-4cff-a7d5-7d1143318e4b,$200-500
2019-11-21 00:21:07+00:00,purchase,12701624,,unknown,matador,43.24,526034669,85c4104a-7788-4590-8bbb-4b277f52507c,<$50
2019-11-21 01:10:14+00:00,purchase,1004767,,electronics.smartphone,samsung,246.03,512432519,80e3e61e-1b04-4dd8-a65c-5df1c60e4531,$200-500
2019-11-21 03:01:30+00:00,purchase,26300095,,unknown,lucente,620.87,519511293,154c6bee-0200-44dd-a94a-25f14bfe3f4b,$500-1000
2019-11-21 03:12:13+00:00,purchase,26500123,,unknown,lucente,137.2,514626534,1a5253ad-9da0-4ea6-a37c-36beb362bbd7,$100-200
2019-11-21 03:21:53+00:00,purchase,1004833,,electronics.smartphone,samsung,170.3,527037229,378df99f-e5bc-4b31-83be-e8969d08651e,$100-200
2019-11-21 03:41:04+00:00,purchase,3601522,,appliances.kitchen.washer,lg,298.36,517927580,bdadb3d7-91fb-4a16-88ca-0b787cd91a41,$200-500
2019-11-21 04:49:32+00:00,purchase,1801766,,electronics.video.tv,artel,152.95,543026867,dd71406c-bb75-4c34-b11c-364ad4a1ced2,$100-200
2019-11-21 05:32:27+00:00,purchase,1004833,,electronics.smartphone,samsung,170.3,563239244,c0674c53-584b-4268-a316-51613b6a7de0,$100-200
2019-11-21 06:21:48+00:00,purchase,12720607,,unknown,joyroad,46.08,512535911,acbfa20d-fbee-484a-ab08-1457f8448525,<$50
2019-11-21 06:30:13+00:00,purchase,52300008,,sport.snowboard,atlant,77.22,514001949,8404c63f-321e-42b3-923e-c23188afb795,$50-100
2019-11-21 06:33:12+00:00,purchase,44700050,,unknown,lux,64.35,514001949,8404c63f-321e-42b3-923e-c23188afb795,$50-100
2019-11-21 07:13:13+00:00,purchase,1005106,,electronics.smartphone,apple,1444.54,544198516,d461dd0f-1972-48ec-a776-de89ba22719a,>$1000
2019-11-21 07:20:01+00:00,purchase,1005169,,electronics.smartphone,samsung,203.47,517326472,1f2605c0-4389-4ed4-9b2a-a29f2f0f4640,$200-500
2019-11-21 07:30:46+00:00,purchase,7005417,,kids.carriage,,373.24,539989801,cf430d78-b4bb-453a-879d-fae080fdc4c5,$200-500
2019-11-21 07:44:27+00:00,purchase,21401217,,electronics.clocks,casio,50.63,530482376,d6c36d58-441a-48e1-88d7-fdccb504dd6e,$50-100
2019-11-21 07:53:48+00:00,purchase,1004249,,electronics.smartphone,apple,771.71,560209965,6b2d6acb-381b-4f56-afed-67bb297f43cc,$500-1000
2019-11-21 07:55:48+00:00,purchase,1005174,,electronics.smartphone,samsung,643.23,560209965,6b2d6acb-381b-4f56-afed-67bb297f43cc,$500-1000
2019-11-21 07:59:42+00:00,purchase,12703494,,unknown,cordiant,41.19,512932794,43065ae9-b64b-444a-b53e-2c39aac4ac6f,<$50
2019-11-21 09:40:51+00:00,purchase,1005100,,electronics.smartphone,samsung,135.26,546771421,8728a12c-77a9-41a0-8146-ea106b103828,$100-200
2019-11-21 10:06:36+00:00,purchase,12712300,,unknown,yokohama,47.36,558601050,0320249d-0f82-4a8f-944f-a57a73b740a1,<$50
2019-11-21 10:15:21+00:00,purchase,4804718,,electronics.audio.headphone,apple,335.9,518758537,f53d06d7-d435-435c-9270-af1312bd8234,$200-500
2019-11-21 10:16:02+00:00,purchase,4804056,,electronics.audio.headphone,apple,165.07,539268182,28bcb459-a377-4322-bdbe-778ede4f4a2d,$100-200
2019-11-21 10:44:48+00:00,purchase,12703494,,unknown,cordiant,41.19,512932794,4ddfa9ce-c402-479a-b53a-79c643e7c9d1,<$50
2019-11-21 10:47:07+00:00,purchase,12703493,,unknown,cordiant,41.19,512932794,4ddfa9ce-c402-479a-b53a-79c643e7c9d1,<$50
2019-11-21 11:09:46+00:00,purchase,26600052,,unknown,lucente,82.63,513033062,6a3be8eb-44cb-4a59-a6b4-066daff1b8d1,$50-100
2019-11-21 11:15:24+00:00,purchase,2800650,,appliances.kitchen.refrigerators,,334.6,551287127,e1452bd8-ffa2-411a-8632-7430b03a0900,$200-500
2019-11-21 11:52:53+00:00,purchase,15200865,,unknown,kainar,137.71,515371326,4b8a4cfa-0253-444c-9b80-7c809d28ce4e,$100-200
2019-11-21 11:53:03+00:00,purchase,16200316,,kids.fmcg.diapers,huggies,17.5,532448577,5a8b72b1-bfef-49a4-a273-eff27bd1a029,<$50
2019-11-21 12:22:06+00:00,purchase,4804056,,electronics.audio.headphone,apple,165.07,544490764,102475ba-d279-440e-947e-ce143699bc3c,$100-200
2019-11-21 12:52:18+00:00,purchase,1004856,,electronics.smartphone,samsung,126.82,560089583,19553cd1-e0b2-4b54-a466-0d0536471d50,$100-200
2019-11-21 12:59:19+00:00,purchase,5100610,,electronics.clocks,apple,308.61,515977323,17e6264a-78f5-419b-bcf9-862b1e8cad0b,$200-500
2019-11-21 13:00:42+00:00,purchase,5100610,,electronics.clocks,apple,308.61,515977323,17e6264a-78f5-419b-bcf9-862b1e8cad0b,$200-500
2019-11-21 13:02:59+00:00,purchase,5100610,,electronics.clocks,apple,308.61,515977323,9612a091-f5a5-4853-aff3-9908c21b4664,$200-500
2019-11-21 13:24:29+00:00,purchase,1200947,,electronics.tablet,samsung,108.36,519543524,5916be87-0cf5-420f-b943-3cb7cd168160,$100-200
2019-11-21 13:29:18+00:00,purchase,1005161,,electronics.smartphone,xiaomi,200.01,515395740,dcc57d59-29d9-4fc0-959d-85579269dedb,$200-500
2019-11-21 13:31:11+00:00,purchase,12703015,,unknown,cordiant,42.99,548960199,a9c928ee-9543-4bac-afad-e685b9cad415,<$50
2019-11-21 13:58:27+00:00,purchase,1002544,,electronics.smartphone,apple,488.69,561993052,be9d78b3-1ab7-44a6-94d9-18b1273923a6,$200-500
2019-11-21 13:58:45+00:00,purchase,12720607,,unknown,joyroad,46.08,546176052,6a3ee691-5c1c-4f7e-b211-40dae83714b0,<$50
2019-11-21 14:07:05+00:00,purchase,12709709,,unknown,cordiant,36.04,557675091,0dc2533f-46f9-40a5-a090-c968f23f3b7e,<$50
2019-11-21 14:49:15+00:00,purchase,12709709,,unknown,cordiant,36.04,557675091,1a33057f-4852-4c5e-90fb-804500a82577,<$50
2019-11-21 15:37:30+00:00,purchase,1005115,,electronics.smartphone,apple,916.37,512493064,2d182514-8e1d-4555-9214-dc513e2fb15f,$500-1000
2019-11-21 15:39:34+00:00,purchase,1004226,,electronics.smartphone,apple,1024.48,516849874,55137f2e-85a6-428a-962d-fe788b37f60d,>$1000
2019-11-21 16:02:19+00:00,purchase,1004496,,electronics.smartphone,meizu,69.24,565959288,d69b00c3-7251-4f04-9baa-8bf54e3bd2c1,$50-100
2019-11-21 16:18:34+00:00,purchase,1004246,,electronics.smartphone,apple,795.36,515458103,05e00e1e-2a46-46ff-b9be-7759427ea6aa,$500-1000
2019-11-21 16:34:47+00:00,purchase,1005177,,electronics.smartphone,samsung,900.64,518691613,a920d9bb-f41e-441a-bd40-17c778e7b759,$500-1000
2019-11-21 17:34:08+00:00,purchase,1801940,,electronics.video.tv,haier,231.64,515040928,3c38c8f2-7971-4a69-aaad-d899e71fec7b,$200-500
2019-11-21 17:39:52+00:00,purchase,12719631,,unknown,habilead,48.39,543289053,02f84cfb-7703-48c0-b3a5-5fa7c11114b4,<$50
2019-11-21 18:18:18+00:00,purchase,6302003,,appliances.kitchen.kettle,kitfort,19.28,529823447,fa26d74c-c30f-4ab0-b3b3-bdcb0be82d13,<$50
2019-11-21 19:42:42+00:00,purchase,5100572,,electronics.clocks,apple,483.92,520021722,52de5488-48e2-491c-a8ac-b1399d3d053e,$200-500
2019-11-21 20:49:44+00:00,purchase,1005119,,electronics.smartphone,apple,1013.41,552532395,3439ed8a-3124-496d-b5d5-109a9b7f966c,>$1000
2019-11-22 01:21:40+00:00,purchase,12300394,,construction.tools.drill,,46.82,539248485,4be14272-988d-4b04-9284-e7e4fb62ae9e,<$50
2019-11-22 03:14:28+00:00,purchase,10201159,,kids.dolls,llorens,82.34,525095548,4c54ce90-5338-413f-9dde-43f8d6d6606b,$50-100
2019-11-22 03:56:22+00:00,purchase,4802400,,electronics.audio.headphone,samsung,46.05,514774569,ee362752-dfe6-4192-bc2c-91d837b797d3,<$50
2019-11-22 04:02:45+00:00,purchase,1005115,,electronics.smartphone,apple,916.37,519511293,a54115c0-b034-44ee-909c-bf16820717be,$500-1000
2019-11-22 04:07:38+00:00,purchase,27900034,,unknown,,36.04,522596375,5d426b26-848d-432f-96c1-2dc04cf87488,<$50
2019-11-22 04:56:19+00:00,purchase,1005105,,electronics.smartphone,apple,1363.23,539958828,2d47710c-45c7-472e-96c9-485785157d9f,>$1000
2019-11-22 05:06:54+00:00,purchase,1005115,,electronics.smartphone,apple,916.37,539958828,63768322-2406-4105-b910-c206964dd0cf,$500-1000
2019-11-22 05:36:01+00:00,purchase,1004870,,electronics.smartphone,samsung,292.44,515816160,3f2f3ec1-6b6f-4ee0-9fba-1efb8ab08b44,$200-500
2019-11-22 05:37:11+00:00,purchase,12716701,,unknown,kapsen,48.14,543289053,7c7820f6-35db-499b-9965-99102363209b,<$50
2019-11-22 05:39:17+00:00,purchase,1004833,,electronics.smartphone,samsung,170.25,515816160,3f2f3ec1-6b6f-4ee0-9fba-1efb8ab08b44,$100-200
2019-11-22 05:43:27+00:00,purchase,1005174,,electronics.smartphone,samsung,643.23,512396246,769274aa-e7f8-428a-b3c3-ce3c7e2c5765,$500-1000
2019-11-22 05:55:20+00:00,purchase,1005182,,electronics.smartphone,samsung,1029.34,518691613,0233ec7b-b6f9-4c33-8c42-27bbe57768c2,>$1000
2019-11-22 05:56:19+00:00,purchase,1004873,,electronics.smartphone,samsung,382.53,539958828,534e30a5-50c9-4a82-9817-352439825db3,$200-500
2019-11-22 06:24:00+00:00,purchase,1004870,,electronics.smartphone,samsung,292.44,548007785,d675e012-3371-485e-9d08-12a07fb9809d,$200-500
2019-11-22 06:37:27+00:00,purchase,1801805,,electronics.video.tv,artel,240.93,512784173,84e4710a-2386-4958-aaff-b49402d364ad,$200-500
2019-11-22 06:55:47+00:00,purchase,1004836,,electronics.smartphone,samsung,229.84,560704516,91d24150-0f46-440a-9838-345444cb7300,$200-500
2019-11-22 07:05:34+00:00,purchase,1002629,,electronics.smartphone,apple,360.11,555542212,26db3687-d0a5-4262-8f0c-2bdbd2acd367,$200-500
2019-11-22 07:16:42+00:00,purchase,28716184,,apparel.shoes,respect,79.02,545925432,735eb126-3017-4457-a96d-479e5cda26d0,$50-100
2019-11-22 08:07:29+00:00,purchase,1004833,,electronics.smartphone,samsung,170.25,544962721,206a9d7f-efae-4622-8462-c19eebfbe716,$100-200
2019-11-22 08:17:13+00:00,purchase,21411833,,electronics.clocks,danielklein,29.34,538550611,825fd83b-92b3-46a6-b6a3-1cbc46e2bf00,<$50
2019-11-22 09:10:39+00:00,purchase,17301086,,unknown,,27.23,535592943,baea2b4f-e63a-4b86-85f8-8690cabab330,<$50
2019-11-22 09:34:05+00:00,purchase,1004767,,electronics.smartphone,samsung,246.0,564666185,43da22fc-0299-4678-bc57-f284b771d218,$200-500
2019-11-22 09:51:42+00:00,purchase,1004856,,electronics.smartphone,samsung,126.82,515081158,ae20e8e2-0e26-4b63-a14d-2521801e0b32,$100-200
2019-11-22 09:52:07+00:00,purchase,1004785,,electronics.smartphone,huawei,257.06,534850580,6d35763e-5172-41b9-bddb-43120ce36f30,$200-500
2019-11-22 10:36:05+00:00,purchase,4803397,,electronics.audio.headphone,jbl,33.21,518641266,f2445d05-b790-433c-8a30-e6c82723fb3c,<$50
2019-11-22 10:55:49+00:00,purchase,1005115,,electronics.smartphone,apple,916.37,539958828,9637a503-4009-40a2-b08b-1464418cf1b8,$500-1000
2019-11-22 11:28:44+00:00,purchase,6200983,,appliances.environment.air_heater,optima,8.98,528445313,e0652871-dc78-40f6-8c1b-83bc97697afd,<$50
2019-11-22 11:36:58+00:00,purchase,10502507,,unknown,,58.43,562102261,f2f3da97-895f-444d-8ff8-70f4aaa91352,$50-100
2019-11-22 11:49:52+00:00,purchase,1004873,,electronics.smartphone,samsung,382.53,539958828,211bfc3a-2912-43b7-8340-3453f3453c76,$200-500
2019-11-22 12:51:27+00:00,purchase,12100727,,kids.skates,globber,56.37,514714956,595513c4-835d-4eab-9027-63d86982b3db,$50-100
2019-11-22 13:16:22+00:00,purchase,8800721,,electronics.telephone,jinga,8.73,515068260,84b9d29f-a52e-492b-914c-62370f184ba4,<$50
2019-11-22 13:18:40+00:00,purchase,8800721,,electronics.telephone,jinga,8.73,515068260,84b9d29f-a52e-492b-914c-62370f184ba4,<$50
2019-11-22 13:43:43+00:00,purchase,1004838,,electronics.smartphone,oppo,154.42,553170002,44ebb879-92fa-4e0f-ae39-1a9a6a8ce83e,$100-200
2019-11-22 14:06:42+00:00,purchase,1005098,,electronics.smartphone,samsung,135.0,553418552,5bc7cfd8-d2f0-475d-96cc-145efa55a6e1,$100-200
2019-11-22 14:31:02+00:00,purchase,1307004,,computers.notebook,lenovo,352.0,561865536,7dbb4914-18b7-4b29-9404-08221867fba0,$200-500
2019-11-22 14:35:30+00:00,purchase,4804660,,electronics.audio.headphone,xiaomi,34.4,523438030,257e5df7-9439-45c2-95c2-9b54ec5b8209,<$50
2019-11-22 14:36:41+00:00,purchase,6301501,,appliances.kitchen.kettle,gorenje,61.75,557087275,93ee1efa-d3fd-4f3e-b5f5-4e8de09afe7a,$50-100
2019-11-22 14:37:43+00:00,purchase,28717992,,apparel.shoes,respect,82.63,512808563,4a809aed-c1e7-49ed-8955-cdff7249893c,$50-100
2019-11-22 15:00:25+00:00,purchase,26300084,,unknown,lucente,510.18,530061194,4f8508c4-f3e7-4ce8-b1ba-55915e002f82,$500-1000
2019-11-22 15:57:23+00:00,purchase,1005115,,electronics.smartphone,apple,916.37,520071707,222f936d-c007-4a31-9362-1646b2fdce7e,$500-1000
2019-11-22 16:00:44+00:00,purchase,1201408,,electronics.tablet,lenovo,77.19,555836403,905be2b5-8b06-435a-9ce6-024815b7cd0a,$50-100
2019-11-22 16:16:13+00:00,purchase,26018156,,unknown,,4.16,548279449,fc4bcc68-1263-43cc-b201-a9cbd60282a6,<$50
2019-11-22 16:26:38+00:00,purchase,1004246,,electronics.smartphone,apple,795.36,518921543,f8d4db2e-cba4-40e4-adb5-ff058162d6e0,$500-1000
2019-11-22 16:32:39+00:00,purchase,1004246,,electronics.smartphone,apple,795.36,518921543,f2f3580c-1811-40f2-b4d7-1b730aaeaa17,$500-1000
2019-11-22 16:35:25+00:00,purchase,26400382,,unknown,,280.57,514626534,ca4e4b51-99c9-4321-b7d9-ce8638800ced,$200-500
2019-11-22 16:35:40+00:00,purchase,12709380,,unknown,viatti,38.1,556089620,2e93ff67-294b-4d11-b6d9-a298653cd311,<$50
2019-11-22 16:43:24+00:00,purchase,1004566,,electronics.smartphone,huawei,164.88,547577735,f293642b-4b33-4ce1-9f2b-0d1f7a9c60f2,$100-200
2019-11-22 16:44:31+00:00,purchase,1005174,,electronics.smartphone,samsung,643.23,559126616,ae47f16d-5d56-4b66-bfab-9b7ca69801e1,$500-1000
2019-11-22 16:45:09+00:00,purchase,8800865,,electronics.telephone,texet,10.46,515068260,33192873-21c7-451a-a4c1-98d0a878b087,<$50
2019-11-22 16:47:06+00:00,purchase,1201247,,electronics.tablet,prestigio,51.2,547577735,f293642b-4b33-4ce1-9f2b-0d1f7a9c60f2,$50-100
2019-11-22 17:11:15+00:00,purchase,15100106,,unknown,imperial,669.23,541404330,fb695b8a-7ca2-4163-8d9c-b13b7da32829,$500-1000
2019-11-22 17:22:00+00:00,purchase,6000157,,auto.accessories.alarm,starline,95.76,541404330,470c9d58-08ab-4e2f-9231-7cd9feb702b2,$50-100
2019-11-22 17:24:55+00:00,purchase,1004905,,electronics.smartphone,huawei,106.75,512784256,5ee07cc3-0858-418d-9a05-32c04a1ccf2a,$100-200
2019-11-22 17:38:43+00:00,purchase,12703112,,unknown,maxxis,114.29,527951814,683523bd-da45-4bb1-8106-e3ef34d9aa48,$100-200
2019-11-22 20:17:11+00:00,purchase,4804055,,electronics.audio.headphone,apple,203.93,532786569,28065707-48e3-4464-97b2-2ab5c0a66161,$200-500
2019-11-23 04:20:35+00:00,purchase,12707207,,unknown,nokian,87.65,512458475,9f4d6053-d304-491f-879d-f89ff5e802cb,$50-100
2019-11-23 05:12:58+00:00,purchase,12720607,,unknown,joyroad,46.08,514340570,fc512644-b1f9-459f-9c6d-e64aea30232b,<$50
2019-11-23 05:17:36+00:00,purchase,11500628,,unknown,jbl,46.31,512536813,0d519256-0905-45e7-b5d5-4456be91ba7e,<$50
2019-11-23 05:24:02+00:00,purchase,12707207,,unknown,nokian,87.65,512458475,70f45e51-d61e-4b0a-986a-38e0674f59ec,$50-100
2019-11-23 05:26:29+00:00,purchase,12707207,,unknown,nokian,87.65,512458475,70f45e51-d61e-4b0a-986a-38e0674f59ec,$50-100
2019-11-23 05:35:24+00:00,purchase,3600895,,appliances.kitchen.washer,indesit,244.28,515619901,4bee8aba-296f-4134-ad69-35417a611f44,$200-500
2019-11-23 05:37:10+00:00,purchase,1004856,,electronics.smartphone,samsung,126.26,513622981,08b6c6e1-f26a-42bc-8e3a-a0c526df976f,$100-200
2019-11-23 05:37:44+00:00,purchase,1004833,,electronics.smartphone,samsung,169.95,515619901,4bee8aba-296f-4134-ad69-35417a611f44,$100-200
2019-11-23 05:39:43+00:00,purchase,18000921,,unknown,samsung,7.7,515619901,4bee8aba-296f-4134-ad69-35417a611f44,<$50
2019-11-23 05:52:46+00:00,purchase,1004873,,electronics.smartphone,samsung,349.29,521802197,c241abdc-598c-4a5e-89e1-edf0ea44e4e1,$200-500
2019-11-23 05:59:54+00:00,purchase,11500628,,unknown,jbl,46.31,512536813,465894d2-9b75-4f0a-98f8-2f8de1e2d53e,<$50
2019-11-23 06:49:53+00:00,purchase,3801063,,appliances.iron,philips,97.79,513090947,31badd0d-2eb1-4589-b06d-5670dd289afb,$50-100
2019-11-23 06:51:38+00:00,purchase,3801134,,appliances.iron,elenberg,16.71,513090947,31badd0d-2eb1-4589-b06d-5670dd289afb,<$50
2019-11-23 06:57:33+00:00,purchase,22700068,,unknown,force,94.96,540605071,c57a88ca-e912-4591-8496-8fa00a9ce540,$50-100
2019-11-23 07:13:53+00:00,purchase,23000081,,unknown,,48.39,559783349,07f196f6-0a81-47df-aca3-89bd4b65ad0a,<$50
2019-11-23 07:19:42+00:00,purchase,1005115,,electronics.smartphone,apple,916.37,539958828,a1c71771-678c-4e03-a168-9f6d9b629212,$500-1000
2019-11-23 07:24:43+00:00,purchase,1004767,,electronics.smartphone,samsung,246.96,546771421,9d2e5e7b-ce6e-41c7-9bd2-fbbcfc32fd66,$200-500
2019-11-23 07:45:08+00:00,purchase,1005129,,electronics.smartphone,apple,1312.26,517509341,3bae18a3-3e20-4cf1-8bd0-d5d8d0d2ca42,>$1000
2019-11-23 07:47:55+00:00,purchase,1004237,,electronics.smartphone,apple,1207.21,517509341,f62eaa27-72cc-487e-b87c-91af785bfb6d,>$1000
2019-11-23 07:48:09+00:00,purchase,1801690,,electronics.video.tv,samsung,406.05,535178925,9ec2eb93-c284-484b-816c-cbdeec54e9ec,$200-500
2019-11-23 07:50:08+00:00,purchase,1004226,,electronics.smartphone,apple,998.74,517509341,f62eaa27-72cc-487e-b87c-91af785bfb6d,$500-1000
2019-11-23 07:52:57+00:00,purchase,1004249,,electronics.smartphone,apple,771.71,517509341,f62eaa27-72cc-487e-b87c-91af785bfb6d,$500-1000
2019-11-23 07:53:25+00:00,purchase,100011675,,unknown,omabelle,1750.37,517461958,b36e1033-730d-45e1-9941-977a7d71a5e7,>$1000
2019-11-23 08:21:01+00:00,purchase,1005209,,electronics.smartphone,apple,463.31,527037229,d9b9dc3e-7707-4bae-9780-003132f3aceb,$200-500
2019-11-23 08:31:14+00:00,purchase,100005932,,unknown,hotwheels,21.52,550960521,54501b75-d57d-48c5-a975-6389042bd824,<$50
2019-11-23 08:33:10+00:00,purchase,100005932,,unknown,hotwheels,21.52,550960521,54501b75-d57d-48c5-a975-6389042bd824,<$50
2019-11-23 08:38:05+00:00,purchase,1004856,,electronics.smartphone,samsung,126.22,516780905,594f7824-9e79-4f98-8371-ae36ba4e4aba,$100-200
2019-11-23 08:38:10+00:00,purchase,1004870,,electronics.smartphone,samsung,291.84,546771421,d7570f75-e7df-4fde-8834-12cd0ba31f3f,$200-500
2019-11-23 09:13:55+00:00,purchase,4803397,,electronics.audio.headphone,jbl,33.21,518641266,804df3b4-4262-400e-862b-afb1fcb11c94,<$50
2019-11-23 09:25:40+00:00,purchase,4700597,,auto.accessories.videoregister,mio,63.06,513624741,7162ebaa-a6c9-49af-abef-bac1560b1bab,$50-100
2019-11-23 09:53:53+00:00,purchase,4804056,,electronics.audio.headphone,apple,164.48,513743483,e63bfed4-38d2-44b6-93e8-2a540fcf53d5,$100-200
2019-11-23 09:56:55+00:00,purchase,1004856,,electronics.smartphone,samsung,126.22,516610377,14ba64f1-b3c0-4b38-84b5-cc796fb4cae8,$100-200
2019-11-23 09:57:54+00:00,purchase,1004768,,electronics.smartphone,samsung,246.96,533604671,a1b8b895-5b6f-4811-8aa3-f29be747a8b5,$200-500
2019-11-23 09:58:46+00:00,purchase,26400756,,unknown,,325.36,562709204,7a27e621-70b2-4fc4-a33f-c762e6718216,$200-500
2019-11-23 10:05:12+00:00,purchase,1005160,,electronics.smartphone,xiaomi,198.84,516651834,ef203a1a-41a7-4af0-aa8d-7d9c51cec208,$100-200
2019-11-23 10:10:41+00:00,purchase,13300845,,unknown,askona,252.0,515919776,b0a7db32-7420-45b7-93e5-18028142fb09,$200-500
2019-11-23 10:45:40+00:00,purchase,26800034,,unknown,gf,545.7,533799459,48cf0434-a6d0-4785-a872-f61bc4976aad,$500-1000
2019-11-23 11:01:06+00:00,purchase,12702930,,unknown,cordiant,35.78,514333653,27bf97ab-ca6a-465e-a30e-1b567e4b967f,<$50
2019-11-23 11:33:10+00:00,purchase,1004565,,electronics.smartphone,huawei,164.7,547577735,d1edb4b2-20ef-4738-ac59-157a3acc822e,$100-200
2019-11-23 11:40:35+00:00,purchase,1005119,,electronics.smartphone,apple,1003.6,520907653,bc4d1f12-7b99-40d1-8347-c7c79a5529e6,>$1000
2019-11-23 12:19:44+00:00,purchase,1005119,,electronics.smartphone,apple,1003.6,520907653,9495eb2d-cca7-4726-8314-c690a60833d6,>$1000
2019-11-23 12:54:10+00:00,purchase,3701162,,appliances.environment.vacuum,bosch,95.21,529357039,3b7fd04e-0fb4-42ab-9203-9286047ea09b,$50-100
2019-11-23 13:04:45+00:00,purchase,1005177,,electronics.smartphone,samsung,849.16,518691613,882796bd-1b00-445d-ae7c-eb7e25b2952e,$500-1000
2019-11-23 13:36:55+00:00,purchase,1005102,,electronics.smartphone,xiaomi,447.98,530450452,59524f82-f5ad-4b19-877c-dbf145898ee8,$200-500
2019-11-23 13:46:10+00:00,purchase,1004767,,electronics.smartphone,samsung,246.96,546367892,187189e2-3774-46e0-ac9a-0f5096df70a8,$200-500
2019-11-23 13:51:55+00:00,purchase,3700861,,appliances.environment.vacuum,lg,90.07,537484346,3f476afe-9ec4-4dc6-a6c8-f66bd4fe432f,$50-100
2019-11-23 14:15:43+00:00,purchase,1304096,,computers.notebook,dell,710.78,553451701,42cd4f39-a3a1-4c18-898e-d4b929f7ac3f,$500-1000
2019-11-23 14:17:49+00:00,purchase,1004838,,electronics.smartphone,oppo,154.42,553170002,3d4f0876-0b0a-4ec1-bd27-48ef857a4b67,$100-200
2019-11-23 16:21:51+00:00,purchase,39600016,,unknown,smartrike,133.08,532448577,e8a611fb-2821-46b8-bca3-def6c095161e,$100-200
2019-11-23 18:02:32+00:00,purchase,26200067,,unknown,,180.7,513035863,806bc726-c4b9-4ced-84b2-cea88640f1f1,$100-200
2019-11-23 19:21:22+00:00,purchase,12700729,,unknown,viatti,32.69,515609224,88f49031-3ff3-445c-806a-0296b93d908b,<$50
2019-11-24 03:16:06+00:00,purchase,13104593,,unknown,trebl,70.01,557555796,c99a56f6-ca06-478d-8d46-2cc160a45529,$50-100
2019-11-24 04:30:00+00:00,purchase,1005116,,electronics.smartphone,apple,1003.36,514560743,de61e445-105f-ee61-ed08-c23643b25a7c,>$1000
2019-11-24 04:39:38+00:00,purchase,1201247,,electronics.tablet,prestigio,51.2,547577735,e8677334-ed28-4bd6-af4d-d25d727d5f62,$50-100
2019-11-24 04:44:33+00:00,purchase,1005252,,electronics.smartphone,oppo,308.63,512700114,1aeeaea9-397f-4415-92be-605312337135,$200-500
2019-11-24 05:31:11+00:00,purchase,1005121,,electronics.smartphone,apple,951.9,519511293,e5db2ead-9575-48aa-829e-76e876865595,$500-1000
2019-11-24 05:37:21+00:00,purchase,26500314,,unknown,lucente,256.89,519511293,e5db2ead-9575-48aa-829e-76e876865595,$200-500
2019-11-24 05:46:55+00:00,purchase,1005203,,electronics.smartphone,xiaomi,105.01,526679237,6d8d880b-2a42-490c-b010-e20dc3831792,$100-200
2019-11-24 06:28:53+00:00,purchase,1005116,,electronics.smartphone,apple,1003.24,514560743,de61e445-105f-ee61-ed08-c23643b25a7c,>$1000
2019-11-24 06:39:09+00:00,purchase,1004833,,electronics.smartphone,samsung,169.89,521802197,0d528487-006b-4a35-ba7e-723b2d3889a3,$100-200
2019-11-24 06:54:56+00:00,purchase,1005177,,electronics.smartphone,samsung,849.16,518691613,34eb26ba-f8bb-41f3-bae9-0ea0b3ae2b0b,$500-1000
2019-11-24 06:56:52+00:00,purchase,1004870,,electronics.smartphone,samsung,291.6,518691613,34eb26ba-f8bb-41f3-bae9-0ea0b3ae2b0b,$200-500
2019-11-24 07:25:14+00:00,purchase,1004834,,electronics.smartphone,samsung,169.14,561953113,f3912396-30dc-4a20-a5c9-7dfd0ef38890,$100-200
2019-11-24 07:35:16+00:00,purchase,3801203,,appliances.iron,philips,131.2,560074483,91005dcc-c384-4b0f-8d12-41b77889c65f,$100-200
2019-11-24 07:37:32+00:00,purchase,3801203,,appliances.iron,philips,131.2,560074483,91005dcc-c384-4b0f-8d12-41b77889c65f,$100-200
2019-11-24 07:39:53+00:00,purchase,12701420,,unknown,,64.35,513187239,8eca8394-07fe-4e9c-b8ea-0a55cc25d8e9,$50-100
2019-11-24 08:10:12+00:00,purchase,1004209,,electronics.smartphone,samsung,88.29,552463824,5f4b73cd-ff26-417e-971c-567fc9eacc10,$50-100
2019-11-24 09:30:23+00:00,purchase,5300157,,unknown,philips,37.56,513687415,5767fa7b-3ad0-4a7d-9c49-86bc561dadd9,<$50
2019-11-24 09:46:48+00:00,purchase,1002528,,electronics.smartphone,apple,534.63,533155108,57560570-af69-420d-b210-bc6e0247393d,$500-1000
2019-11-24 09:48:14+00:00,purchase,1307004,,computers.notebook,lenovo,290.59,561865536,bbf63d2b-2ae0-4559-97c4-d75b5ca4068b,$200-500
2019-11-24 11:02:42+00:00,purchase,1004856,,electronics.smartphone,samsung,126.17,519543524,e622be93-9e49-4cd0-bff7-f151642d0663,$100-200
2019-11-24 11:34:12+00:00,purchase,1002524,,electronics.smartphone,apple,532.83,512472005,8c0d64ef-57b0-42fc-90f7-9dc9c3d68b76,$500-1000
2019-11-24 12:01:10+00:00,purchase,7203256,,unknown,lego,51.46,512485635,2f1076f8-32b5-4746-9b55-3650b8deb872,$50-100
2019-11-24 13:13:26+00:00,purchase,1005003,,electronics.smartphone,huawei,237.33,547577735,159c842c-7744-4987-91f0-775b8ce664c2,$200-500
2019-11-24 13:29:30+00:00,purchase,2501943,,appliances.kitchen.oven,artel,51.07,528445313,129b5acc-09b5-47f0-a174-8d04e6f73c72,$50-100
2019-11-24 13:34:59+00:00,purchase,10700177,,unknown,sony,9.76,512865001,7f2244c8-7d7f-4bd1-a039-d5d7f55c5058,<$50
2019-11-24 13:44:54+00:00,purchase,10700706,,unknown,sony,9.76,512865001,7f2244c8-7d7f-4bd1-a039-d5d7f55c5058,<$50
2019-11-24 13:47:38+00:00,purchase,10700135,,unknown,sony,9.76,512865001,7f2244c8-7d7f-4bd1-a039-d5d7f55c5058,<$50
2019-11-24 13:53:57+00:00,purchase,16600297,,unknown,rivertoys,123.56,514899731,bf571dd3-8f6e-43d8-ad66-b204d60744d3,$100-200
2019-11-24 14:09:33+00:00,purchase,1801689,,electronics.video.tv,samsung,269.99,553217513,411d036a-d7a8-43d8-96d8-d97ff41727ff,$200-500
2019-11-24 14:35:21+00:00,purchase,1005119,,electronics.smartphone,apple,1003.6,520907653,83531b4f-a40d-4c12-bc4f-56043b2733ce,>$1000
2019-11-24 15:19:07+00:00,purchase,1307352,,computers.notebook,acer,411.83,516373776,b4c75ac4-a87d-40b0-9837-fac242c88537,$200-500
2019-11-24 15:56:34+00:00,purchase,5000493,,appliances.sewing_machine,janome,115.57,514487938,a59b7145-bdb9-4710-a312-518b4fd60a3a,$100-200
2019-11-24 16:06:19+00:00,purchase,1004856,,electronics.smartphone,samsung,126.17,563961633,af75437b-38bc-4578-acf5-c94b743da6f0,$100-200
2019-11-24 16:22:59+00:00,purchase,1005161,,electronics.smartphone,xiaomi,198.31,563719408,7f8141e2-91c9-4e44-933e-bd4fcb46d461,$100-200
2019-11-24 16:24:27+00:00,purchase,4804055,,electronics.audio.headphone,apple,202.81,565086933,e9b979e1-bdaa-454a-a3f9-fdad80d5be32,$200-500
2019-11-24 16:24:39+00:00,purchase,1200947,,electronics.tablet,samsung,102.47,563719408,7f8141e2-91c9-4e44-933e-bd4fcb46d461,$100-200
2019-11-24 16:29:26+00:00,purchase,1005195,,electronics.smartphone,xiaomi,104.63,516373776,84ffd0fc-6b88-421a-9992-722d3bbd4b7a,$100-200
2019-11-24 16:32:25+00:00,purchase,1004446,,electronics.smartphone,samsung,89.3,516373776,84ffd0fc-6b88-421a-9992-722d3bbd4b7a,$50-100
2019-11-24 16:34:37+00:00,purchase,5000223,,appliances.sewing_machine,janome,125.87,561508063,ed439787-600b-47db-800e-b2ec3cd063aa,$100-200
2019-11-24 17:17:51+00:00,purchase,2702277,,appliances.kitchen.refrigerators,lg,486.47,502778793,d205f3e9-3cb1-4ca7-8b5d-b8a20b3a0d01,$200-500
2019-11-24 18:29:35+00:00,purchase,12707445,,unknown,triangle,54.57,525182027,102ea8ad-fce1-4455-b8bd-0cf428ae1265,$50-100
2019-11-24 18:43:48+00:00,purchase,26300094,,unknown,lucente,562.69,515609224,52089205-83de-473e-ae9a-c6e57839a77c,$500-1000
2019-11-24 18:57:35+00:00,purchase,12708393,,unknown,goodyear,77.22,515226193,79752219-2db0-4463-a6e7-0d5454e0f3e7,$50-100
2019-11-25 02:34:40+00:00,purchase,1005135,,electronics.smartphone,apple,1656.93,539958828,565892a0-a455-4981-a97c-a0aecfc0da3f,>$1000
2019-11-25 05:16:19+00:00,purchase,1005135,,electronics.smartphone,apple,1656.93,516728599,05848a5e-fa21-416e-b7c5-bc7c7e299c9b,>$1000
2019-11-25 05:17:44+00:00,purchase,1307543,,computers.notebook,lenovo,283.12,561865536,faefb1df-0a03-4410-a012-421cb26cb11a,$200-500
2019-11-25 05:28:21+00:00,purchase,42600178,,unknown,sparta,40.41,515619901,af9ff433-2120-4c64-8108-43e522eb148d,<$50
2019-11-25 05:30:55+00:00,purchase,1005105,,electronics.smartphone,apple,1362.69,539958828,9eed6555-e67f-4a0d-9c0e-7009d6b52b7b,>$1000
2019-11-25 05:42:21+00:00,purchase,1004903,,electronics.smartphone,huawei,110.42,519543524,8880f3ee-54d7-4d0a-ad28-15dcb082facd,$100-200
2019-11-25 05:55:40+00:00,purchase,1005264,,electronics.smartphone,xiaomi,179.62,534802291,95bb3e3b-0eec-4be0-8d8b-d1e4edb069f8,$100-200
2019-11-25 06:28:54+00:00,purchase,3801416,,appliances.iron,philips,102.94,543127493,0bc4e929-d1a1-49bc-8294-04dd861ff7a3,$100-200
2019-11-25 07:00:40+00:00,purchase,1004870,,electronics.smartphone,samsung,291.51,515846667,9cc2cfc9-42f2-4afe-8f01-d6f9a8a555df,$200-500
2019-11-25 07:07:29+00:00,purchase,1004856,,electronics.smartphone,samsung,126.17,560078353,824208f4-6620-4293-82b0-e6dbc7e3e35c,$100-200
2019-11-25 07:12:19+00:00,purchase,1004856,,electronics.smartphone,samsung,126.17,560078353,824208f4-6620-4293-82b0-e6dbc7e3e35c,$100-200
2019-11-25 07:19:08+00:00,purchase,1801690,,electronics.video.tv,samsung,395.59,535178925,e7d47292-58b2-4338-a130-d176725f2cd1,$200-500
2019-11-25 07:22:09+00:00,purchase,1004209,,electronics.smartphone,samsung,88.26,560704516,02199b60-2b7e-4d7d-9836-1cd576de154a,$50-100
2019-11-25 07:26:04+00:00,purchase,12711198,,unknown,triangle,84.69,550493128,584583a4-be72-4061-ae0e-e2b51ab7514a,$50-100
2019-11-25 08:29:54+00:00,purchase,100008063,,unknown,sven,8.42,514988140,ebea7b3d-3b12-444e-9e59-95a31c8eb9af,<$50
2019-11-25 08:30:05+00:00,purchase,26400278,,unknown,lucente,289.84,564427758,b70e0cd0-5c55-4274-b296-a9ee8f24391b,$200-500
2019-11-25 08:50:38+00:00,purchase,10600073,,unknown,,20.57,540663731,0add80f6-bdcb-44da-bc4f-0a4c402df602,<$50
2019-11-25 08:50:38+00:00,purchase,4804056,,electronics.audio.headphone,apple,164.42,544490764,852e4054-acc1-4727-85b9-68b5217b86cb,$100-200
2019-11-25 08:57:26+00:00,purchase,4100277,,unknown,sony,437.31,564719562,5b9ff70b-06fc-4710-958e-cbad0325fe1b,$200-500
2019-11-25 09:11:43+00:00,purchase,12720500,,unknown,sunwide,77.22,550493128,d2f8dcb6-2528-4348-ba20-03fc4b463499,$50-100
2019-11-25 09:18:38+00:00,purchase,12500046,,unknown,dewalt,108.8,533751482,9ad213be-26de-49ab-9872-7ac10c3a3080,$100-200
2019-11-25 09:20:21+00:00,purchase,12500561,,unknown,,48.65,533751482,9ad213be-26de-49ab-9872-7ac10c3a3080,<$50
2019-11-25 09:24:37+00:00,purchase,1307032,,computers.notebook,asus,669.23,533751482,9ad213be-26de-49ab-9872-7ac10c3a3080,$500-1000
2019-11-25 09:27:56+00:00,purchase,4803399,,electronics.audio.headphone,jbl,41.16,533751482,9ad213be-26de-49ab-9872-7ac10c3a3080,<$50
2019-11-25 09:43:26+00:00,purchase,1005104,,electronics.smartphone,apple,972.87,520470540,af64149b-84f9-457a-b434-71c1cb8e190b,$500-1000
2019-11-25 09:59:37+00:00,purchase,16300037,,unknown,kukmara,36.01,514166453,b0525323-46fb-46ba-aa63-80288e282a73,<$50
2019-11-25 10:05:39+00:00,purchase,4100129,,unknown,sony,437.31,564719562,4b8d7184-8bde-41cd-8bef-adf57ece7367,$200-500
2019-11-25 10:16:02+00:00,purchase,1005107,,electronics.smartphone,apple,1002.86,520907653,8f1b0c93-483b-4273-856f-6380316a2edb,>$1000
2019-11-25 10:22:47+00:00,purchase,1005107,,electronics.smartphone,apple,1002.86,520907653,8f1b0c93-483b-4273-856f-6380316a2edb,>$1000
2019-11-25 10:28:18+00:00,purchase,10502209,,unknown,hasbro,36.01,512816475,17fa6595-af4f-4f57-b2cf-8b4c05637686,<$50
2019-11-25 13:03:15+00:00,purchase,1005119,,electronics.smartphone,apple,1003.6,520907653,50e94f19-090f-46ef-b954-774df8443657,>$1000
2019-11-25 13:29:40+00:00,purchase,1004870,,electronics.smartphone,samsung,291.49,514532779,beb1d4b1-2585-4e60-9a63-5cbe1a4bd39c,$200-500
2019-11-25 15:00:13+00:00,purchase,1002524,,electronics.smartphone,apple,532.83,513926131,83bc6169-f044-4619-b08f-0929220ed1fb,$500-1000
2019-11-25 15:15:22+00:00,purchase,1004836,,electronics.smartphone,samsung,229.71,530340101,f4816f25-2490-41a2-8340-e98550ba8498,$200-500
2019-11-25 15:56:22+00:00,purchase,8700252,,appliances.personal.hair_cutter,elenberg,14.13,515897096,3ba47ad2-5617-47c4-a4cd-22cbfcdabe4d,<$50
2019-11-25 16:18:30+00:00,purchase,1004250,,electronics.smartphone,apple,869.65,523348068,42566e9f-46ab-43a5-ba5c-36361026d2eb,$500-1000
2019-11-25 16:27:40+00:00,purchase,1004767,,electronics.smartphone,samsung,246.96,564044955,9c91ae7b-8a3e-4135-9a1b-f35e984d0a94,$200-500
2019-11-25 16:28:47+00:00,purchase,11200512,,appliances.personal.scales,xiaomi,43.76,514075715,12cec96f-2ca4-45ea-a363-f36853bfb9d7,<$50
2019-11-25 16:47:48+00:00,purchase,12720201,,unknown,compasal,38.35,513985927,3f8ee025-e979-4e1f-afcd-3a1d6cc9ba86,<$50
2019-11-25 16:49:27+00:00,purchase,1004856,,electronics.smartphone,samsung,126.12,540780473,d5871cfa-ea08-457b-8a9e-340a5535c674,$100-200
2019-11-25 16:57:13+00:00,purchase,10701043,,unknown,ubisoft,20.59,512865001,b796cbf9-0c8a-4d91-a9ce-b1ca5ad75b10,<$50
2019-11-25 16:58:26+00:00,purchase,10701043,,unknown,ubisoft,20.59,512865001,b796cbf9-0c8a-4d91-a9ce-b1ca5ad75b10,<$50
2019-11-25 17:00:37+00:00,purchase,10701043,,unknown,ubisoft,20.59,512865001,65eb3133-5926-4bdc-a588-18efb80dab40,<$50
2019-11-25 17:50:26+00:00,purchase,4804600,,electronics.audio.headphone,sony,30.61,512657316,fb4000c2-10fc-44bc-8fa4-518f227eaa9b,<$50
2019-11-25 17:53:38+00:00,purchase,10700973,,unknown,bethesda,7.72,512865001,9e8e1508-1f32-4f3e-a317-799a54dd239f,<$50
2019-11-25 18:13:51+00:00,purchase,1005003,,electronics.smartphone,huawei,236.75,547577735,d7e9f6c7-6e0d-4d17-8c59-fee341698e70,$200-500
2019-11-25 18:15:51+00:00,purchase,1005003,,electronics.smartphone,huawei,236.75,547577735,d7e9f6c7-6e0d-4d17-8c59-fee341698e70,$200-500
2019-11-25 18:31:23+00:00,purchase,4804690,,electronics.audio.headphone,,48.88,551940905,bfe775fc-ad52-4762-b317-6d4cd5382263,<$50
2019-11-25 19:14:10+00:00,purchase,1004246,,electronics.smartphone,apple,761.67,532786569,8589bc3e-f06c-4ca9-882c-8c4e5bba4753,$500-1000
2019-11-25 19:44:11+00:00,purchase,5801655,,electronics.audio.subwoofer,element,115.81,543970806,151815ce-7895-4352-9d54-1ad112b8c65a,$100-200
2019-11-25 22:10:55+00:00,purchase,6100130,,auto.accessories.radar,ibox,61.78,539180438,f638cafe-eed8-441b-8f2f-dc603a8d04b6,$50-100
2019-11-26 03:56:15+00:00,purchase,19700004,,unknown,kabrita,37.77,514567436,3346c1ac-dcd7-4495-b986-6a05039810d9,<$50
2019-11-26 04:09:27+00:00,purchase,12600018,,appliances.kitchen.grill,delonghi,386.08,515427524,fe19eb04-cf58-47b6-abd1-e21449ccd84e,$200-500
2019-11-26 04:40:54+00:00,purchase,1005107,,electronics.smartphone,apple,1002.86,520907653,16182850-28e4-4ad1-92f4-28920da405ba,>$1000
2019-11-26 04:43:09+00:00,purchase,1005119,,electronics.smartphone,apple,1003.6,520907653,16182850-28e4-4ad1-92f4-28920da405ba,>$1000
2019-11-26 04:55:42+00:00,purchase,26026982,,unknown,,6.04,512550965,ff1f399a-fd56-4c12-8ae0-bdea25dfe920,<$50
2019-11-26 05:24:32+00:00,purchase,1004856,,electronics.smartphone,samsung,126.05,559787883,96599df6-b700-4ee7-98b8-06d9bb933c34,$100-200
2019-11-26 05:39:57+00:00,purchase,1801940,,electronics.video.tv,haier,231.64,528000083,c128ceba-06c8-4c30-bce3-ac69be720512,$200-500
2019-11-26 05:51:59+00:00,purchase,1004659,,electronics.smartphone,samsung,743.65,539958828,491ddc29-44f4-441e-8f7c-8a219327a749,$500-1000
2019-11-26 05:52:27+00:00,purchase,1005003,,electronics.smartphone,huawei,235.92,547577735,038b00c2-19aa-4a2d-a28f-de6bd24ba509,$200-500
2019-11-26 05:53:11+00:00,purchase,1005003,,electronics.smartphone,huawei,235.92,547577735,038b00c2-19aa-4a2d-a28f-de6bd24ba509,$200-500
2019-11-26 06:03:16+00:00,purchase,1002634,,electronics.smartphone,apple,384.53,551656992,24342d6f-a638-41e8-a403-4041cbf56f4f,$200-500
2019-11-26 06:33:54+00:00,purchase,1004542,,electronics.smartphone,tp-link,102.7,559787883,822750d6-410e-4d9f-a5b5-661933dd9320,$100-200
2019-11-26 07:02:22+00:00,purchase,2900905,,appliances.kitchen.microwave,,69.24,553451701,8a2f43c9-6f2a-4f53-8800-9062e27e47c7,$50-100
2019-11-26 07:15:10+00:00,purchase,1004833,,electronics.smartphone,samsung,169.88,514355755,797b44d2-477b-4fbe-9853-82246302bfb2,$100-200
2019-11-26 07:26:52+00:00,purchase,17302784,,unknown,,93.92,515418474,4e3ebb4c-4b84-4f36-9c46-d4ea7670ed15,$50-100
2019-11-26 07:32:17+00:00,purchase,1005203,,electronics.smartphone,xiaomi,104.25,563065907,cc2cb060-6653-4897-af3b-f4d146827b6f,$100-200
2019-11-26 07:40:56+00:00,purchase,15700176,,unknown,bts,257.15,520472087,7c0d8f18-77c0-421e-b0bb-e9b170333b53,$200-500
2019-11-26 07:41:46+00:00,purchase,1801690,,electronics.video.tv,samsung,406.03,535178925,c3ee5936-052b-4f5d-82ce-69e714fa75f1,$200-500
2019-11-26 07:47:17+00:00,purchase,1004872,,electronics.smartphone,samsung,283.12,527170009,8e135ac7-34a6-49c3-9825-695d7a79144c,$200-500
2019-11-26 07:54:46+00:00,purchase,11300008,,electronics.telephone,panasonic,31.51,513183310,efa30090-d030-4f52-acf1-446e0f304733,<$50
2019-11-26 07:56:04+00:00,purchase,1004720,,electronics.smartphone,huawei,124.88,518529032,878af014-0127-4f91-873c-8dffa523c7cf,$100-200
2019-11-26 08:07:19+00:00,purchase,6700995,,computers.components.videocards,gigabyte,347.24,546782799,1458e1b8-63ff-41db-ad90-54c47ea254ae,$200-500
2019-11-26 08:30:10+00:00,purchase,13101456,,unknown,skad,185.54,515619901,25aa4fc3-616a-4ae9-af9e-5eec57d109ac,$100-200
2019-11-26 08:31:02+00:00,purchase,1004833,,electronics.smartphone,samsung,168.69,546771421,a0f94ba5-c9b5-4f2d-b524-f93727e8bbee,$100-200
2019-11-26 08:31:06+00:00,purchase,15600016,,unknown,,456.61,520472087,04bdd386-f2dd-4495-afdd-c6d0b66c5b4f,$200-500
2019-11-26 08:39:44+00:00,purchase,12703498,,unknown,cordiant,40.93,515619901,5ca760bc-a8f4-466d-81bf-f89b45e32b15,<$50
2019-11-26 08:44:24+00:00,purchase,2800351,,appliances.kitchen.refrigerators,almacom,180.7,543026867,f4e01ba0-c02b-4976-8d62-0de70c864aeb,$100-200
2019-11-26 08:54:45+00:00,purchase,1004750,,electronics.smartphone,samsung,194.34,530555558,d3b91625-3a72-477e-b909-d2b4673e236a,$100-200
2019-11-26 09:26:47+00:00,purchase,100013285,,unknown,rusgoldart,274.4,565638775,3cee207e-480b-4b74-aa75-19ed286d9e2d,$200-500
2019-11-26 09:42:08+00:00,purchase,26300087,,unknown,lucente,244.02,565638775,fcf30132-fb21-4b79-9c71-57ec164cf534,$200-500
2019-11-26 09:57:59+00:00,purchase,12719307,,unknown,tunga,36.04,558601050,ae4b0dcc-04ec-4db0-abf1-286765ffc369,<$50
2019-11-26 10:19:59+00:00,purchase,1004857,,electronics.smartphone,samsung,125.91,519535589,f900986c-3a7d-495f-88fe-ade7a0930d75,$100-200
2019-11-26 10:24:20+00:00,purchase,12703498,,unknown,cordiant,40.93,515619901,811083cf-325f-4d2f-bb9d-e0ad873b1d74,<$50
2019-11-26 10:45:39+00:00,purchase,4300149,,unknown,polaris,35.78,513624741,e3c6a596-6b84-436a-8052-30a997066529,<$50
2019-11-26 11:08:46+00:00,purchase,6700995,,computers.components.videocards,gigabyte,347.24,546782799,47ccba34-7630-4a3c-b15d-2a33b7ae9585,$200-500
2019-11-26 11:26:00+00:00,purchase,21400929,,electronics.clocks,casio,45.82,541340295,e47fdc2a-46c4-4833-a7ab-63826fe1732e,<$50
2019-11-26 11:28:41+00:00,purchase,5100067,,electronics.clocks,apple,334.37,541340295,d62283f5-600a-4a28-ab9c-637011cdb421,$200-500
2019-11-26 11:29:16+00:00,purchase,1002528,,electronics.smartphone,apple,534.63,549334122,359ddc40-35c5-40bc-88c9-35b3452c75fa,$500-1000
2019-11-26 11:34:25+00:00,purchase,5100783,,unknown,acme,56.37,514160106,a62d27f4-5327-46fa-bee6-cce2aed62ddc,$50-100
2019-11-26 12:15:36+00:00,purchase,1004659,,electronics.smartphone,samsung,743.65,512464805,c2eec84e-8bc5-4f3c-b635-230ecd621174,$500-1000
2019-11-26 12:24:14+00:00,purchase,1003318,,electronics.smartphone,apple,1284.46,537239670,656684e2-493a-41df-bbbc-fdbd11846dda,>$1000
2019-11-26 12:25:06+00:00,purchase,4804056,,electronics.audio.headphone,apple,162.6,512803922,e0f362ab-d267-4bb6-a96a-5687badfaa6d,$100-200
2019-11-26 12:27:59+00:00,purchase,4300183,,unknown,electrolux,101.91,542913316,f152414b-4833-41d7-94de-44da702f9d57,$100-200
2019-11-26 12:28:22+00:00,purchase,1004756,,electronics.smartphone,meizu,87.2,512803922,e0f362ab-d267-4bb6-a96a-5687badfaa6d,$50-100
2019-11-26 12:28:32+00:00,purchase,1004741,,electronics.smartphone,xiaomi,186.42,516213332,83720b92-f973-402c-8562-540e955d068e,$100-200
2019-11-26 12:40:22+00:00,purchase,1004720,,electronics.smartphone,huawei,124.3,512803922,41c0c235-b583-4e7d-b4d2-493e8e5a18b5,$100-200
2019-11-26 13:31:34+00:00,purchase,15900112,,unknown,rondell,66.67,526251693,fe5b0437-2525-4111-b754-4028f0a09378,$50-100
2019-11-26 14:49:41+00:00,purchase,28720389,,apparel.shoes,cover,153.67,562102261,14c33d76-95f7-4a25-9c41-185dee7318d8,$100-200
2019-11-26 16:14:03+00:00,purchase,26205412,,unknown,,167.83,548007785,21649e71-f7bd-4eb1-b0f4-67696910fcf6,$100-200
2019-11-26 16:24:07+00:00,purchase,26205557,,unknown,sokolov,13.0,548007785,21649e71-f7bd-4eb1-b0f4-67696910fcf6,<$50
2019-11-26 16:28:47+00:00,purchase,1005159,,electronics.smartphone,xiaomi,197.03,538241394,31adaae1-9c3f-4a7c-86ef-5175e470dce6,$100-200
2019-11-26 16:46:12+00:00,purchase,1004873,,electronics.smartphone,samsung,344.9,559225887,247bbc42-ecdf-4476-a93d-5c4041741cdc,$200-500
2019-11-26 16:48:11+00:00,purchase,1004767,,electronics.smartphone,samsung,246.94,559225887,247bbc42-ecdf-4476-a93d-5c4041741cdc,$200-500
2019-11-26 17:51:05+00:00,purchase,22600026,,auto.accessories.compressor,,33.42,513430804,40374dbe-bb46-46d6-ba0f-4156210d92dd,<$50
2019-11-26 18:30:38+00:00,purchase,12715349,,unknown,comforser,44.79,526804485,b0c59edc-6ad1-4606-9660-d1962f4e8d65,<$50
2019-11-26 19:48:17+00:00,purchase,1004856,,electronics.smartphone,samsung,125.85,562267155,d175d76c-ba86-40c5-8a2f-7373b468ba1b,$100-200
2019-11-26 20:12:34+00:00,purchase,1005105,,electronics.smartphone,apple,1362.45,562267155,cd553c70-7de8-4085-bf22-473b3f9ba7ff,>$1000
2019-11-26 20:14:38+00:00,purchase,1005105,,electronics.smartphone,apple,1362.45,562267155,cd553c70-7de8-4085-bf22-473b3f9ba7ff,>$1000
2019-11-26 20:19:05+00:00,purchase,1005186,,electronics.smartphone,samsung,771.94,562267155,cd553c70-7de8-4085-bf22-473b3f9ba7ff,$500-1000
2019-11-26 22:00:58+00:00,purchase,12720608,,unknown,joyroad,51.03,559225887,551ebe53-d065-4495-88c4-34baff810ad0,$50-100
2019-11-27 03:14:36+00:00,purchase,17301345,,unknown,lanvin,48.57,550296668,046b0cc0-b245-4e39-b592-65eb1c6962b6,<$50
2019-11-27 04:16:36+00:00,purchase,10101195,,unknown,,14.39,561813719,27cda707-cfa2-4f27-b2d4-dfe175585038,<$50
2019-11-27 04:20:20+00:00,purchase,11100263,,appliances.personal.scales,scarlett,9.03,544935639,c1b46746-8f59-4b1a-a124-d571f85670f2,<$50
2019-11-27 04:20:57+00:00,purchase,10101197,,unknown,,7.7,561813719,27cda707-cfa2-4f27-b2d4-dfe175585038,<$50
2019-11-27 04:23:36+00:00,purchase,12712474,,unknown,maxtrek,44.27,526804485,206f736c-3752-444f-9871-b4024cadf6c9,<$50
2019-11-27 04:24:20+00:00,purchase,12712474,,unknown,maxtrek,44.27,526804485,206f736c-3752-444f-9871-b4024cadf6c9,<$50
2019-11-27 04:57:53+00:00,purchase,1800930,,electronics.video.tv,sony,333.32,544694220,3ee8c3d9-3b96-4029-b06e-e23281be0021,$200-500
2019-11-27 05:45:57+00:00,purchase,11100210,,appliances.personal.scales,scarlett,9.03,544935639,53f521d2-ad88-463e-ac1f-64e6e60a5fd8,<$50
2019-11-27 05:56:35+00:00,purchase,1002544,,electronics.smartphone,apple,486.76,522360490,a557e613-986f-46a7-b8b4-820ed52ea953,$200-500
2019-11-27 06:03:30+00:00,purchase,10900028,,appliances.kitchen.mixer,bosch,38.59,543477993,e46df345-0feb-4f81-9af0-2052031a1906,<$50
2019-11-27 06:17:59+00:00,purchase,1002629,,electronics.smartphone,apple,360.11,515794979,e5071ee4-7a61-4c4b-9efb-46b6cb332759,$200-500
2019-11-27 06:25:57+00:00,purchase,1307096,,computers.notebook,lenovo,369.66,559113523,215e3775-4743-4457-8b56-0a35c42d46a9,$200-500
2019-11-27 06:29:14+00:00,purchase,1005135,,electronics.smartphone,apple,1654.61,537751473,f0220de6-919f-45ec-a3a9-7cb74463b4cf,>$1000
2019-11-27 06:41:54+00:00,purchase,1801690,,electronics.video.tv,samsung,406.04,535178925,ef3ae2e4-34a7-40cc-9a99-c9864a038943,$200-500
2019-11-27 06:45:30+00:00,purchase,9300067,,unknown,lg,127.93,564058980,065c178a-f0bb-4ee7-a2cd-5aeb13656ab6,$100-200
2019-11-27 07:09:31+00:00,purchase,1801761,,electronics.video.tv,artel,1714.07,522360490,f13e8bcc-2c04-40cc-a92c-6e7469f0f4fa,>$1000
2019-11-27 07:14:03+00:00,purchase,1002540,,electronics.smartphone,apple,500.66,538668320,f68768cb-bc1b-4680-ba4a-dd8611e9a806,$500-1000
2019-11-27 07:14:12+00:00,purchase,1002544,,electronics.smartphone,apple,486.76,522360490,67d6bfe4-6b30-4f17-8098-e412d1dee75b,$200-500
2019-11-27 07:18:46+00:00,purchase,1801793,,electronics.video.tv,elenberg,264.61,525790140,650efb61-b4d0-4e99-bd05-63df0423d091,$200-500
2019-11-27 07:20:50+00:00,purchase,1002528,,electronics.smartphone,apple,534.63,522360490,67d6bfe4-6b30-4f17-8098-e412d1dee75b,$500-1000
2019-11-27 07:30:18+00:00,purchase,1002528,,electronics.smartphone,apple,534.63,522360490,46f52ba8-b8c7-4014-a87a-427acfe56243,$500-1000
2019-11-27 08:08:30+00:00,purchase,15900112,,unknown,rondell,66.67,526251693,afa1a97a-cb7e-4308-947f-7c5343d7dc9b,$50-100
2019-11-27 08:11:56+00:00,purchase,15900112,,unknown,rondell,66.67,526251693,3629c048-0ca2-41b1-8d5a-e1add27ca57c,$50-100
2019-11-27 08:43:12+00:00,purchase,1005119,,electronics.smartphone,apple,1003.37,531307142,0d81fe28-a4e3-4a28-a158-a5ee210fd27b,>$1000
2019-11-27 08:58:25+00:00,purchase,31501314,,unknown,luminarc,118.15,543355458,74df1f0d-4c85-4c42-8f0c-b8ac719ca159,$100-200
2019-11-27 09:14:10+00:00,purchase,1005174,,electronics.smartphone,samsung,643.23,512396246,1830f9f8-3c9a-4106-a443-fc0ad3205c17,$500-1000
2019-11-27 09:24:36+00:00,purchase,1005119,,electronics.smartphone,apple,1003.37,520907653,eb4a433d-f5bd-46e3-b356-2b0def806863,>$1000
2019-11-27 09:26:10+00:00,purchase,1005119,,electronics.smartphone,apple,1003.37,520907653,eb4a433d-f5bd-46e3-b356-2b0def806863,>$1000
2019-11-27 10:00:45+00:00,purchase,1307543,,computers.notebook,lenovo,283.12,559113523,b938cc2f-97e3-36b7-d0ad-be70bd090508,$200-500
2019-11-27 10:53:23+00:00,purchase,1005107,,electronics.smartphone,apple,1002.86,520907653,6ed602ea-607b-42e2-8962-532390aed6f7,>$1000
2019-11-27 11:06:15+00:00,purchase,1004856,,electronics.smartphone,samsung,125.85,543584771,6403f7a2-7290-4293-b755-b88aa64d059c,$100-200
2019-11-27 12:34:10+00:00,purchase,1801940,,electronics.video.tv,haier,231.64,531568559,7fa17667-4c6f-4597-8eb0-dc725f8ccb72,$200-500
2019-11-27 12:44:27+00:00,purchase,5100746,,unknown,huawei,76.71,512369042,d71f15c0-e57a-4f8e-809d-bd28cf21ca07,$50-100
2019-11-27 13:21:43+00:00,purchase,5300280,,unknown,rowenta,45.02,541789230,f99dcdab-b1d6-4152-a07d-4fdf9592e36c,<$50
2019-11-27 14:07:54+00:00,purchase,1004875,,electronics.smartphone,samsung,349.78,560552631,3b7d58f2-b4c8-4111-9340-c8fb8ffb738a,$200-500
2019-11-27 14:12:51+00:00,purchase,1480491,,computers.desktop,smart,315.19,512484704,e9b29a30-5e50-488f-ba02-57513fd048ac,$200-500
2019-11-27 14:13:54+00:00,purchase,1005177,,electronics.smartphone,samsung,900.64,518691613,17b12174-a76f-43d6-bfed-d814c8f7fd11,$500-1000
2019-11-27 14:17:27+00:00,purchase,5100719,,electronics.clocks,samsung,154.16,544198516,32f2b7ea-3640-47eb-b5c7-b8d792786faa,$100-200
2019-11-27 14:24:12+00:00,purchase,1480491,,computers.desktop,smart,315.19,512484704,e9b29a30-5e50-488f-ba02-57513fd048ac,$200-500
2019-11-27 16:31:38+00:00,purchase,1005115,,electronics.smartphone,apple,916.37,517509341,2631ffbd-e460-4c57-abbd-556596e90f02,$500-1000
2019-11-27 17:30:40+00:00,purchase,1307545,,computers.notebook,lenovo,256.87,559113523,4d19a19a-0659-42d4-9f36-036f68534008,$200-500
2019-11-27 18:02:37+00:00,purchase,10201160,,kids.dolls,llorens,87.49,525095548,1347dd97-a9b6-49bd-b81e-588e621ab088,$50-100
2019-11-27 18:16:09+00:00,purchase,5100816,,unknown,xiaomi,32.18,552880777,bf789a52-6b1a-4050-92a0-f75a2584e71b,<$50
2019-11-27 19:30:37+00:00,purchase,1201496,,electronics.tablet,prestigio,56.37,519543524,77429e47-41e1-41cc-bf17-186d508c49d5,$50-100
2019-11-27 20:59:45+00:00,purchase,1005205,,electronics.smartphone,oppo,256.74,555941682,71a56236-9abb-4b4f-b595-329d9a730c10,$200-500
2019-11-27 21:04:59+00:00,purchase,6600564,,computers.components.memory,,20.38,542753851,0a814aee-173e-465d-b482-19f90a5b45f2,<$50
2019-11-27 21:08:44+00:00,purchase,1480438,,computers.desktop,smart,447.37,512484704,9ce4d8e9-37e0-43c2-b229-d72daf592ea4,$200-500
2019-11-28 02:35:27+00:00,purchase,1005115,,electronics.smartphone,apple,916.37,519511293,a1033161-db3e-33b8-d329-42c46a102f88,$500-1000
2019-11-28 02:37:57+00:00,purchase,26500144,,unknown,lucente,253.29,519511293,a1033161-db3e-33b8-d329-42c46a102f88,$200-500
2019-11-28 02:58:33+00:00,purchase,12701980,,unknown,cordiant,36.55,542753851,533175f9-6564-4173-bf70-8a03f1283d30,<$50
2019-11-28 04:04:41+00:00,purchase,22700128,,unknown,stels,65.38,512432519,bac75780-dce1-45ef-841f-45c5cf0339b5,$50-100
2019-11-28 04:41:30+00:00,purchase,12707362,,unknown,nokian,166.54,518657268,4d79a147-607b-4c68-b248-1bce6581478c,$100-200
2019-11-28 04:49:36+00:00,purchase,1004767,,electronics.smartphone,samsung,246.24,512432519,8351c062-f244-47bd-b16c-b9cdf037e947,$200-500
2019-11-28 04:50:30+00:00,purchase,1004767,,electronics.smartphone,samsung,246.24,512432519,8351c062-f244-47bd-b16c-b9cdf037e947,$200-500
2019-11-28 04:51:05+00:00,purchase,1004767,,electronics.smartphone,samsung,246.24,512432519,8351c062-f244-47bd-b16c-b9cdf037e947,$200-500
2019-11-28 05:00:28+00:00,purchase,26600052,,unknown,lucente,82.63,513033062,f6fd8384-9112-458b-9e03-cb5ebead2170,$50-100
2019-11-28 05:16:49+00:00,purchase,22700128,,unknown,stels,65.38,512432519,138561a6-cfd6-4763-ad4a-fafbf0342cad,$50-100
2019-11-28 05:20:50+00:00,purchase,4700157,,auto.accessories.videoregister,neoline,282.96,513312098,7cd45ec4-f9de-4ece-a56c-1454c2e52c0b,$200-500
2019-11-28 05:32:50+00:00,purchase,1005160,,electronics.smartphone,xiaomi,196.12,512432519,660c784d-db86-4f4c-b852-94cdc134659c,$100-200
2019-11-28 06:03:31+00:00,purchase,1004247,,electronics.smartphone,apple,869.78,531439215,e43f1af9-3200-448d-b91d-7cbda8b36b80,$500-1000
2019-11-28 06:05:55+00:00,purchase,1004858,,electronics.smartphone,samsung,125.73,512996415,be1f09b2-7656-4899-8594-f480dca1a06c,$100-200
2019-11-28 06:22:08+00:00,purchase,17300102,,unknown,,13.84,561813719,974b1c54-d447-4a4a-acdd-5ca86a148bc0,<$50
2019-11-28 06:26:31+00:00,purchase,17301659,,unknown,shakira,13.95,561813719,974b1c54-d447-4a4a-acdd-5ca86a148bc0,<$50
2019-11-28 06:36:45+00:00,purchase,4700157,,auto.accessories.videoregister,neoline,282.96,513312098,d0e9ca36-1237-47f5-b081-a787a3166424,$200-500
2019-11-28 06:40:47+00:00,purchase,6201053,,appliances.environment.air_heater,willmark,15.42,555220086,35c50499-68dd-4bb6-860a-e07d410f65bc,<$50
2019-11-28 06:56:52+00:00,purchase,1801636,,electronics.video.tv,xiaomi,514.56,535178925,91116edc-371a-40b3-9576-857d9271b8e2,$500-1000
2019-11-28 07:09:04+00:00,purchase,1004258,,electronics.smartphone,apple,818.53,540972891,9ebbad70-8ce2-4f82-a54f-f1872cb56201,$500-1000
2019-11-28 07:10:09+00:00,purchase,1004258,,electronics.smartphone,apple,818.53,540972891,9ebbad70-8ce2-4f82-a54f-f1872cb56201,$500-1000
2019-11-28 07:33:39+00:00,purchase,1004659,,electronics.smartphone,samsung,742.23,565724778,fc2473f8-f00c-46fc-8d71-3708100621aa,$500-1000
2019-11-28 07:34:38+00:00,purchase,12707536,,unknown,,130.51,515371326,1ed5feb3-ee60-49a9-a4cd-d6809311f7b3,$100-200
2019-11-28 07:35:13+00:00,purchase,1004653,,electronics.smartphone,samsung,593.71,565724778,fc2473f8-f00c-46fc-8d71-3708100621aa,$500-1000
2019-11-28 07:37:14+00:00,purchase,2702443,,appliances.kitchen.refrigerators,dauscher,385.6,565724778,fc2473f8-f00c-46fc-8d71-3708100621aa,$200-500
2019-11-28 07:54:16+00:00,purchase,100013143,,unknown,rusgoldart,318.67,565724778,fc2473f8-f00c-46fc-8d71-3708100621aa,$200-500
2019-11-28 07:57:59+00:00,purchase,1005177,,electronics.smartphone,samsung,900.64,518691613,ebd50358-35bc-4cfc-bb4b-c0a9c9415724,$500-1000
2019-11-28 07:59:02+00:00,purchase,1307543,,computers.notebook,lenovo,283.12,561865536,4f40d965-de6a-4640-8974-c8ecabd91017,$200-500
2019-11-28 08:12:24+00:00,purchase,6700664,,computers.components.videocards,asus,144.92,558416917,a124c8f5-9cc2-4880-bccf-221089936d9f,$100-200
2019-11-28 08:13:48+00:00,purchase,8800982,,electronics.telephone,bq,10.79,540663731,b78eea9a-a285-41b2-bde4-9b40fc7a5c36,<$50
2019-11-28 09:16:36+00:00,purchase,1005161,,electronics.smartphone,xiaomi,196.13,563719408,7ab1fdee-1f28-455a-8825-506cc3ea2b3e,$100-200
2019-11-28 09:16:46+00:00,purchase,1480422,,computers.desktop,acer,308.86,551529428,e38c7cf9-b4bc-4e48-864b-97e5a1ba8e93,$200-500
2019-11-28 09:54:30+00:00,purchase,1004839,,electronics.smartphone,oppo,167.06,544939437,f5ce8025-1946-4b58-9c48-95b89309fd10,$100-200
2019-11-28 10:07:33+00:00,purchase,1002547,,electronics.smartphone,apple,488.49,521538995,8d5bd780-ef7c-4324-98ba-527633e3e45e,$200-500
2019-11-28 10:15:44+00:00,purchase,1005160,,electronics.smartphone,xiaomi,196.12,512432519,8ecbc17a-6913-4736-bf3f-ce572de13b50,$100-200
2019-11-28 10:17:46+00:00,purchase,1005203,,electronics.smartphone,xiaomi,104.25,512432519,8ecbc17a-6913-4736-bf3f-ce572de13b50,$100-200
2019-11-28 10:19:18+00:00,purchase,1004669,,electronics.smartphone,xiaomi,74.39,512432519,8ecbc17a-6913-4736-bf3f-ce572de13b50,$50-100
2019-11-28 10:26:06+00:00,purchase,17700458,,unknown,,13.13,550960521,39b8fbe6-78e5-49fe-8eec-04387464cc23,<$50
2019-11-28 10:45:53+00:00,purchase,1005098,,electronics.smartphone,samsung,133.26,514355755,6c59a3c6-7e44-4907-8c5e-7e034d2da3af,$100-200
2019-11-28 11:49:08+00:00,purchase,1005115,,electronics.smartphone,apple,916.37,531985691,3ef4becc-e834-4297-afde-8eb1c308a530,$500-1000
2019-11-28 11:52:05+00:00,purchase,1004750,,electronics.smartphone,samsung,194.32,513673299,8d36595e-94c9-40e6-91de-e70e72596cbf,$100-200
2019-11-28 12:13:55+00:00,purchase,4804055,,electronics.audio.headphone,apple,196.97,565086933,8a4874e5-d8ed-48c5-9586-2da05dcc5f11,$100-200
2019-11-28 12:15:08+00:00,purchase,4804055,,electronics.audio.headphone,apple,196.97,565086933,8a4874e5-d8ed-48c5-9586-2da05dcc5f11,$100-200
2019-11-28 12:55:30+00:00,purchase,1004872,,electronics.smartphone,samsung,282.86,512581033,ef0e3f47-3e01-4d91-b14f-21fad12b5583,$200-500
2019-11-28 13:03:44+00:00,purchase,1004870,,electronics.smartphone,samsung,290.42,547335314,f2393c40-9592-474d-86b0-fa756ddcd616,$200-500
2019-11-28 13:17:16+00:00,purchase,1004903,,electronics.smartphone,huawei,106.55,519543524,91e83f70-54c2-4c7f-9886-08164e848543,$100-200
2019-11-28 14:48:52+00:00,purchase,1005098,,electronics.smartphone,samsung,133.26,560078353,f452c67d-3709-4cf0-8b74-6a74080bbd41,$100-200
2019-11-28 15:01:20+00:00,purchase,1005174,,electronics.smartphone,samsung,643.23,531307142,689e866c-283e-4498-ae9a-b66254a31740,$500-1000
2019-11-28 15:03:17+00:00,purchase,1004856,,electronics.smartphone,samsung,124.7,514840319,d9a33961-c47e-4a89-8e67-818da43c284b,$100-200
2019-11-28 16:05:58+00:00,purchase,28722260,,apparel.shoes,respect,66.41,526633665,32542a89-426d-454e-8e94-0c6f3d4dc43c,$50-100
2019-11-28 16:15:39+00:00,purchase,20100202,,unknown,nika,30.86,540266188,db06810d-f11f-4c18-a0ae-d0cc476827b7,<$50
2019-11-28 16:21:35+00:00,purchase,20100202,,unknown,nika,30.86,540266188,db06810d-f11f-4c18-a0ae-d0cc476827b7,<$50
2019-11-28 16:27:39+00:00,purchase,17301342,,unknown,lanvin,39.65,534060715,cc90d54e-f959-4fd6-9d37-3c87f93aadae,<$50
2019-11-28 16:33:13+00:00,purchase,3600661,,appliances.kitchen.washer,samsung,308.86,560775988,8e124be0-1548-b84a-6f74-39af9cb58b3b,$200-500
2019-11-28 16:53:09+00:00,purchase,5100855,,electronics.clocks,apple,570.67,523750648,4bf195e7-3553-465a-b2da-b50976311295,$500-1000
2019-11-28 17:13:32+00:00,purchase,1005158,,electronics.smartphone,xiaomi,282.12,532786569,9a361c74-cc5c-4d0a-ab2c-258a854215d4,$200-500
2019-11-28 17:44:11+00:00,purchase,22700065,,unknown,aeroforce,144.38,565808976,b735a0a6-739c-4c3d-bcc6-9142687dc163,$100-200
2019-11-28 17:50:27+00:00,purchase,100008626,,apparel.shoes,respect,89.84,515217699,bd2b5d44-08e6-492a-90c7-5090c38e2792,$50-100
2019-11-28 17:54:54+00:00,purchase,28721560,,apparel.shoes,respect,86.23,515217699,bd2b5d44-08e6-492a-90c7-5090c38e2792,$50-100
2019-11-28 17:56:36+00:00,purchase,100008648,,apparel.shoes,respect,89.84,515217699,bd2b5d44-08e6-492a-90c7-5090c38e2792,$50-100
2019-11-28 18:00:09+00:00,purchase,15800012,,unknown,bosch,83.39,551287127,a91a9a9d-42fa-413e-a5c4-427f151c464c,$50-100
2019-11-28 18:03:59+00:00,purchase,1005099,,electronics.smartphone,samsung,132.31,551287127,a91a9a9d-42fa-413e-a5c4-427f151c464c,$100-200
2019-11-28 19:39:06+00:00,purchase,12705001,,unknown,cordiant,41.96,548122906,77263b03-5d48-45fc-9355-0f5de41a9298,<$50
2019-11-28 19:46:56+00:00,purchase,5100816,,unknown,xiaomi,32.18,557839103,ddcb976c-9aa7-48fd-9ea2-d49c20fcecc3,<$50
2019-11-28 19:48:08+00:00,purchase,5100816,,unknown,xiaomi,32.18,557839103,ddcb976c-9aa7-48fd-9ea2-d49c20fcecc3,<$50
2019-11-28 20:37:55+00:00,purchase,3701005,,appliances.environment.vacuum,philips,308.86,554267299,b9135621-8f89-4132-b35c-8b6c50c54563,$200-500
2019-11-29 02:10:49+00:00,purchase,5801658,,electronics.audio.subwoofer,pride,74.61,512432519,71cbc1b5-0f47-4c22-bced-a7420467068c,$50-100
2019-11-29 03:23:12+00:00,purchase,20100202,,unknown,nika,30.86,540266188,412cab88-525d-4c87-a215-b03bda9d58b7,<$50
2019-11-29 03:25:36+00:00,purchase,22700084,,unknown,force,270.28,513107972,7186377d-d016-4b94-9581-355cbbb32551,$200-500
2019-11-29 03:32:59+00:00,purchase,20100202,,unknown,nika,30.86,540266188,412cab88-525d-4c87-a215-b03bda9d58b7,<$50
2019-11-29 03:43:43+00:00,purchase,1004767,,electronics.smartphone,samsung,246.24,546367892,61663aa4-2d46-4802-9b81-d2cb4b7b098f,$200-500
2019-11-29 04:34:29+00:00,purchase,1005107,,electronics.smartphone,apple,1002.86,520907653,22281088-baae-4afe-a26e-8ec258313e0f,>$1000
2019-11-29 04:38:46+00:00,purchase,1200947,,electronics.tablet,samsung,102.47,519543524,5724e5c4-1d7a-48da-ac7a-fe423d6fdcb6,$100-200
2019-11-29 04:48:05+00:00,purchase,1801995,,electronics.video.tv,haier,180.16,516369480,2946619e-66d5-45e5-8ce1-bc38e3b1a955,$100-200
2019-11-29 04:48:39+00:00,purchase,19700149,,unknown,nutricia,11.02,512778074,d52e0ce0-db6b-4a76-9cd1-23c3828db912,<$50
2019-11-29 04:55:17+00:00,purchase,4804055,,electronics.audio.headphone,apple,196.97,518688775,5403ffec-919a-4e7a-943e-33abd899f4ba,$100-200
2019-11-29 05:31:32+00:00,purchase,1002544,,electronics.smartphone,apple,472.85,513806138,5b954133-d356-491b-8c0b-ec3c4db639ce,$200-500
2019-11-29 05:32:40+00:00,purchase,4804055,,electronics.audio.headphone,apple,196.97,518688775,4d5f11f3-43b9-4cfe-b2c8-e8f1ffdd1029,$100-200
2019-11-29 05:36:39+00:00,purchase,1004856,,electronics.smartphone,samsung,124.7,525110179,920a7868-cc01-49b6-b0db-9a30067af46d,$100-200
2019-11-29 05:55:11+00:00,purchase,15200835,,unknown,bars,66.93,516884652,9f8893fc-0a85-4dcc-aa9c-f156858e5b59,$50-100
2019-11-29 06:11:08+00:00,purchase,1004767,,electronics.smartphone,samsung,246.24,514192758,abcf9de1-ed6e-48e6-94f9-2ffda146f19b,$200-500
2019-11-29 06:13:42+00:00,purchase,1004838,,electronics.smartphone,oppo,179.9,516493566,0191727f-01f9-4ce3-9eee-06b04acd704d,$100-200
2019-11-29 06:26:31+00:00,purchase,1005107,,electronics.smartphone,apple,1002.86,520907653,6b7b114b-0f1e-433d-a168-263f57e9083d,>$1000
2019-11-29 07:13:28+00:00,purchase,1002633,,electronics.smartphone,apple,384.54,527037229,addce356-5d3b-4943-b1a6-6f5eb95059b7,$200-500
2019-11-29 07:16:22+00:00,purchase,3101021,,appliances.kitchen.blender,kitfort,66.64,518474793,79bb9c22-95f3-4023-a0c0-bcd22e15f2bb,$50-100
2019-11-29 07:19:02+00:00,purchase,1004209,,electronics.smartphone,samsung,88.26,512708989,af2e87f7-74c4-48a4-b61c-710770c5fd15,$50-100
2019-11-29 07:36:44+00:00,purchase,1004870,,electronics.smartphone,samsung,290.42,527037229,0ea20403-04e2-40a4-90cf-ddb386d22f29,$200-500
2019-11-29 07:49:53+00:00,purchase,6100216,,auto.accessories.radar,ibox,83.66,543665218,bffcd162-1aa2-4d31-97a7-3c7594ac5f32,$50-100
2019-11-29 07:51:14+00:00,purchase,21400576,,electronics.clocks,casio,84.69,551417698,542c3c7a-b318-477b-bdcf-19160f40ebcd,$50-100
2019-11-29 08:04:19+00:00,purchase,10600074,,unknown,,12.84,540663731,8542af26-54f4-4be5-8d03-7d49e1fc5ca5,<$50
2019-11-29 08:37:46+00:00,purchase,1801690,,electronics.video.tv,samsung,405.87,512709586,d6e9cf1f-f812-488c-8de1-e13fb776081f,$200-500
2019-11-29 08:39:42+00:00,purchase,1801689,,electronics.video.tv,samsung,269.97,512709586,d6e9cf1f-f812-488c-8de1-e13fb776081f,$200-500
2019-11-29 08:39:56+00:00,purchase,1005073,,electronics.smartphone,samsung,1150.58,542555216,2193cbf4-a974-4d09-a886-5c27d93fe148,>$1000
2019-11-29 08:45:51+00:00,purchase,11400746,,unknown,xiaomi,20.05,513574919,05b83ec4-41ba-4fe0-a12d-6a2a4bc7f538,<$50
2019-11-29 09:17:55+00:00,purchase,1004838,,electronics.smartphone,oppo,154.42,550172723,f9672948-48d3-4730-89e7-57710b3cbeed,$100-200
2019-11-29 09:26:44+00:00,purchase,1500399,,computers.peripherals.printer,canon,148.1,550172723,f9672948-48d3-4730-89e7-57710b3cbeed,$100-200
2019-11-29 09:33:02+00:00,purchase,1801690,,electronics.video.tv,samsung,405.87,519184588,e90e2c50-f05e-4f10-a789-f6ef0a0a950e,$200-500
2019-11-29 10:02:16+00:00,purchase,2601920,,unknown,scarlett,15.16,525946604,eca10732-18b0-4b06-8eb3-4b6a82c034f7,<$50
2019-11-29 10:20:30+00:00,purchase,1005253,,electronics.smartphone,xiaomi,261.53,555216601,6a08f7a1-71b9-4e09-b163-1632b6928d82,$200-500
2019-11-29 10:22:24+00:00,purchase,1004767,,electronics.smartphone,samsung,243.04,542701477,75e28237-a218-4949-a110-7bd20da3e1d7,$200-500
2019-11-29 10:23:22+00:00,purchase,1801636,,electronics.video.tv,xiaomi,514.56,535178925,08044cd3-ba74-461b-b484-3e8198f74653,$500-1000
2019-11-29 10:56:15+00:00,purchase,15200017,,unknown,akom,79.8,516618892,c2cf8172-b90c-4a97-9607-c6f18c52326b,$50-100
2019-11-29 11:02:07+00:00,purchase,3600980,,appliances.kitchen.washer,indesit,245.28,519184588,aa2e63f4-4417-4a05-8389-780e8bbc7c5c,$200-500
2019-11-29 11:56:01+00:00,purchase,8500141,,unknown,navien,642.23,513664494,3d288273-dd24-47dd-8baa-a20ea060dc60,$500-1000
2019-11-29 12:02:03+00:00,purchase,12700955,,unknown,nokian,43.71,551012565,4b5e8fce-a12c-4a92-b4f9-d8cadd47f04a,<$50
2019-11-29 12:15:07+00:00,purchase,2900958,,appliances.kitchen.microwave,arg,59.18,532454585,2b3602ed-a29d-47af-b0c8-fe52ff467494,$50-100
2019-11-29 12:28:34+00:00,purchase,1005160,,electronics.smartphone,xiaomi,192.51,529918673,9be0c680-0836-4274-975c-8367d31d5945,$100-200
2019-11-29 12:29:42+00:00,purchase,1005160,,electronics.smartphone,xiaomi,192.51,529918673,9be0c680-0836-4274-975c-8367d31d5945,$100-200
2019-11-29 12:43:39+00:00,purchase,1004785,,electronics.smartphone,huawei,252.57,547097320,c452aca8-9aaa-4c90-b37a-9fd50c1c5573,$200-500
2019-11-29 12:57:15+00:00,purchase,1005160,,electronics.smartphone,xiaomi,192.51,512432519,ba4c0279-2b1c-4aab-ac20-02e9c781fe3d,$100-200
2019-11-29 13:00:09+00:00,purchase,6300680,,appliances.kitchen.kettle,redmond,33.44,512432519,ba4c0279-2b1c-4aab-ac20-02e9c781fe3d,<$50
2019-11-29 13:00:17+00:00,purchase,2702331,,appliances.kitchen.refrigerators,lg,524.34,520434428,551fa91a-0384-47ae-b1ff-436448b57266,$500-1000
2019-11-29 13:42:53+00:00,purchase,4804056,,electronics.audio.headphone,apple,161.5,512803922,eccd69e9-56ce-46f2-8e9b-46f1d0a9402d,$100-200
2019-11-29 15:00:27+00:00,purchase,1004838,,electronics.smartphone,oppo,154.42,561971663,ae09cd03-f209-472b-b5c4-477d407be34c,$100-200
2019-11-29 15:10:27+00:00,purchase,1005175,,electronics.smartphone,samsung,591.75,512473232,c99b5cdd-cac2-4f6e-a7d5-4e8a06fe7a5c,$500-1000
2019-11-29 15:57:18+00:00,purchase,4804660,,electronics.audio.headphone,xiaomi,25.48,559122863,8589b32a-9d0c-48e8-a121-c003821b5e11,<$50
2019-11-29 16:02:04+00:00,purchase,12400348,,construction.tools.drill,crown,86.33,514304182,c470df0d-da43-4e43-8404-94cae63b4389,$50-100
2019-11-29 16:07:37+00:00,purchase,1004741,,electronics.smartphone,xiaomi,179.8,519283418,34d7c792-74d6-4058-89d0-ac215c9d5bba,$100-200
2019-11-29 16:18:18+00:00,purchase,1004741,,electronics.smartphone,xiaomi,179.8,519283418,ae48f3ec-8bb3-40a7-9e74-1e98a382997a,$100-200
2019-11-29 16:18:55+00:00,purchase,1004750,,electronics.smartphone,samsung,192.77,514015072,e8bb6fcc-cef7-43dd-b6b8-19928dfbd98e,$100-200
2019-11-29 16:29:06+00:00,purchase,3601124,,appliances.kitchen.washer,haier,218.77,525790140,e2c67879-96fd-472c-b57e-a763c91836ea,$200-500
2019-11-29 16:30:41+00:00,purchase,1005209,,electronics.smartphone,apple,386.08,515878408,93e49fa3-f72d-48e5-b126-25d4bc0c0150,$200-500
2019-11-29 16:49:24+00:00,purchase,1005203,,electronics.smartphone,xiaomi,104.25,561237210,faa8b256-2dfe-4ce8-b298-162af37cbe08,$100-200
2019-11-29 16:54:12+00:00,purchase,1307191,,computers.notebook,hp,1086.23,513531657,5d3b5270-ab65-469e-9668-5505060d017b,>$1000
2019-11-29 16:56:37+00:00,purchase,1307191,,computers.notebook,hp,1086.23,513531657,5d3b5270-ab65-469e-9668-5505060d017b,>$1000
2019-11-29 16:59:58+00:00,purchase,5100861,,electronics.clocks,samsung,411.32,513531657,5d3b5270-ab65-469e-9668-5505060d017b,$200-500
2019-11-29 17:19:25+00:00,purchase,1004857,,electronics.smartphone,samsung,124.26,561237210,299ac7f4-b56c-49d6-9fd7-10413a633185,$100-200
2019-11-29 17:50:02+00:00,purchase,12703494,,unknown,cordiant,41.19,548122906,a53107ba-ce62-4faf-aee8-4a652d974d34,<$50
2019-11-29 17:58:17+00:00,purchase,1005235,,electronics.smartphone,oppo,437.31,512929771,fe524195-c8b4-411b-ad42-fd8098ad6132,$200-500
2019-11-29 19:03:24+00:00,purchase,1002531,,electronics.smartphone,apple,720.32,534060715,a8132715-5f70-4680-b776-d17b59cab45d,$500-1000
2019-11-29 19:53:43+00:00,purchase,1005115,,electronics.smartphone,apple,916.37,518558967,82b88c87-c2eb-41c6-84b6-3a4ceeb721e6,$500-1000
2019-11-29 20:22:17+00:00,purchase,4300285,,unknown,electrolux,97.79,518701116,0abcafcd-7762-4ba4-b6be-e309913b07f1,$50-100
2019-11-29 20:24:01+00:00,purchase,5100577,,electronics.clocks,samsung,290.61,543970806,0606a752-082f-45ae-923a-dee570930806,$200-500
2019-11-29 20:30:35+00:00,purchase,5801655,,electronics.audio.subwoofer,element,115.81,543970806,b53710a1-7169-4620-8773-53a91a397520,$100-200
2019-11-29 21:07:48+00:00,purchase,4804056,,electronics.audio.headphone,apple,161.37,564015863,2e1ebed4-2d53-4446-aba8-c64838b47924,$100-200
2019-11-29 23:47:38+00:00,purchase,12714016,,unknown,habilead,61.78,523591415,9173f5b2-256d-4c63-8c53-563f05b61256,$50-100
2019-11-30 03:03:37+00:00,purchase,12300066,,construction.tools.drill,bosch,120.98,515876757,57d77636-e96d-4243-a591-b2afc2362e20,$100-200
2019-11-30 03:09:29+00:00,purchase,100016275,,unknown,rusgoldart,265.39,558327544,68a33c70-1e0e-49a9-9f6d-8bcde8fe1588,$200-500
2019-11-30 03:09:41+00:00,purchase,1004741,,electronics.smartphone,xiaomi,167.23,529348413,4a63fc72-4df2-4be5-bff8-aa1c1fe07c5a,$100-200
2019-11-30 03:12:18+00:00,purchase,3600934,,appliances.kitchen.washer,indesit,259.7,529348413,4a63fc72-4df2-4be5-bff8-aa1c1fe07c5a,$200-500
2019-11-30 03:49:01+00:00,purchase,1005212,,electronics.smartphone,samsung,170.12,558637677,39262d59-d298-4b6f-8616-760c423b8325,$100-200
2019-11-30 05:19:25+00:00,purchase,3500181,,unknown,kenwood,386.08,517194734,bf48f115-2e58-4bfd-bdef-6ca69070c973,$200-500
2019-11-30 05:32:47+00:00,purchase,1004836,,electronics.smartphone,samsung,229.59,546771421,e71038d9-5d6b-4fe4-8fe9-2fb4ef25eff9,$200-500
2019-11-30 06:45:33+00:00,purchase,1005107,,electronics.smartphone,apple,994.88,520907653,c6069d9b-2db8-470a-bfdd-1cfbf6a0db81,$500-1000
2019-11-30 07:05:18+00:00,purchase,3601402,,appliances.kitchen.washer,lg,499.19,542034946,0ea98136-2220-44b3-8187-bd4f2521a8d5,$200-500
2019-11-30 07:11:34+00:00,purchase,1004833,,electronics.smartphone,samsung,167.03,559076326,f214e21f-f84a-453e-b65e-aa155a317c5c,$100-200
2019-11-30 07:18:46+00:00,purchase,1004833,,electronics.smartphone,samsung,167.03,559076326,f214e21f-f84a-453e-b65e-aa155a317c5c,$100-200
2019-11-30 07:20:29+00:00,purchase,1005115,,electronics.smartphone,apple,916.37,527807814,aa2133e3-6586-4081-ac7f-d243660cd2b9,$500-1000
2019-11-30 07:52:12+00:00,purchase,1005253,,electronics.smartphone,xiaomi,261.27,556089620,d66123a2-e371-4efb-b022-ee0e7b6d3405,$200-500
2019-11-30 08:16:24+00:00,purchase,1004856,,electronics.smartphone,samsung,124.3,515081158,3af781e4-8a85-4217-bf2e-f052f33814f9,$100-200
2019-11-30 08:53:06+00:00,purchase,4300413,,unknown,scarlett,40.67,512709570,7247210f-918d-494c-99a2-35dfc4df65dc,<$50
2019-11-30 08:54:04+00:00,purchase,12700955,,unknown,nokian,43.71,551012565,a1ed8067-df27-4e94-ab77-ba2ac76bdb55,<$50
2019-11-30 09:11:26+00:00,purchase,9100189,,computers.peripherals.mouse,,20.05,514560973,1e4af1ac-4bf2-4bee-b645-8d21199dc4fb,<$50
2019-11-30 09:15:29+00:00,purchase,1004766,,electronics.smartphone,samsung,241.94,546367892,77773741-41a2-4c2d-ab42-162ada4361bb,$200-500
2019-11-30 09:16:17+00:00,purchase,1005203,,electronics.smartphone,xiaomi,104.25,561237210,24d9485d-372a-404c-85c6-78461fcd97d7,$100-200
2019-11-30 09:21:36+00:00,purchase,1005002,,electronics.smartphone,huawei,228.78,546367892,77773741-41a2-4c2d-ab42-162ada4361bb,$200-500
2019-11-30 09:22:20+00:00,purchase,1005203,,electronics.smartphone,xiaomi,104.25,561237210,68cc9325-10d6-49ad-b8cb-3d30226f7b82,$100-200
2019-11-30 09:31:51+00:00,purchase,1004210,,electronics.smartphone,samsung,87.26,512709586,85b0e9c8-fa07-4019-965c-cb246ff69225,$50-100
2019-11-30 09:43:50+00:00,purchase,9400096,,unknown,janome,362.97,537712482,12eea6c2-00a4-491e-b4bb-fd19bf3ee0c0,$200-500
2019-11-30 10:18:39+00:00,purchase,17301074,,unknown,davidoff,47.0,517952734,3d8dfea6-95b6-94e0-f9d0-1116d1c2789b,<$50
2019-11-30 10:21:40+00:00,purchase,30000237,,construction.tools.welding,hyundai,83.4,523580248,195cae30-d8a0-412d-8715-2d0e06631dcf,$50-100
2019-11-30 10:23:41+00:00,purchase,30100030,,unknown,bosch,46.01,523580248,195cae30-d8a0-412d-8715-2d0e06631dcf,<$50
2019-11-30 10:42:12+00:00,purchase,1005115,,electronics.smartphone,apple,916.37,519511293,401e2292-ec44-4fdc-8dce-0f56029ac7b9,$500-1000
2019-11-30 10:54:45+00:00,purchase,4804295,,electronics.audio.headphone,xiaomi,33.21,518753772,03540975-19e6-4f6c-91c8-124f2f92bb7b,<$50
2019-11-30 11:01:42+00:00,purchase,6200706,,appliances.environment.air_heater,,24.94,517061199,229f5f73-bc69-4268-87cc-4c624439df64,<$50
2019-11-30 11:01:52+00:00,purchase,1002524,,electronics.smartphone,apple,532.83,513926131,ffce93a2-9af0-49c7-bbbc-69f96a0c558b,$500-1000
2019-11-30 11:09:33+00:00,purchase,6201062,,appliances.environment.air_heater,magnetta,33.57,517061199,b808255d-c95a-4c29-bffc-793fecf1d751,<$50
2019-11-30 11:14:11+00:00,purchase,1004766,,electronics.smartphone,samsung,241.94,546367892,48fa65b2-8113-4f59-ad9b-fd10a1a4caf6,$200-500
2019-11-30 11:14:51+00:00,purchase,1600527,,computers.peripherals.printer,hp,82.21,550172723,efa7f95b-8a5d-4468-ac6f-f327502ec2c5,$50-100
2019-11-30 11:20:10+00:00,purchase,1004766,,electronics.smartphone,samsung,241.94,546367892,48fa65b2-8113-4f59-ad9b-fd10a1a4caf6,$200-500
2019-11-30 11:27:32+00:00,purchase,4100346,,unknown,sony,315.3,517106952,50784faa-1fdd-4a3b-b64f-874a09e5a033,$200-500
2019-11-30 11:50:56+00:00,purchase,6200724,,appliances.environment.air_heater,oasis,20.34,550280107,c7c71adf-cfa2-413d-b67f-fb6d07c14707,<$50
2019-11-30 12:23:07+00:00,purchase,4700554,,auto.accessories.videoregister,neoline,301.17,512455399,f255ba4c-385f-44f6-8e8a-728d901ab37c,$200-500
2019-11-30 12:24:13+00:00,purchase,26900077,,sport.trainer,,153.16,517461958,c6176981-3724-448c-9403-036770b7b243,$100-200
2019-11-30 12:26:09+00:00,purchase,1004836,,electronics.smartphone,samsung,229.59,560704516,82cb78c6-58a8-4429-9517-ee63233ed880,$200-500
2019-11-30 12:40:13+00:00,purchase,3601522,,appliances.kitchen.washer,lg,296.02,513657527,b7134717-530d-44a8-b473-f499392c7a38,$200-500
2019-11-30 13:52:18+00:00,purchase,4700640,,auto.accessories.videoregister,neoline,283.15,512455399,ac4377b0-f118-4f03-89e7-d20902c858d6,$200-500
2019-11-30 14:02:06+00:00,purchase,1004858,,electronics.smartphone,samsung,124.18,518709899,39eaad2b-f6b1-4965-aa9b-aa8a93d0e9ce,$100-200
2019-11-30 14:04:44+00:00,purchase,3801009,,appliances.iron,scarlett,29.06,513657527,f110f450-791b-4937-923e-ee050fd23849,<$50
2019-11-30 14:17:50+00:00,purchase,1005177,,electronics.smartphone,samsung,849.16,518691613,78b8e656-15a8-4852-8bf1-97aec65d58fb,$500-1000
2019-11-30 14:44:18+00:00,purchase,17300762,,unknown,moschino,37.32,518831148,6310ff02-1c45-43d6-bde5-ecbffaa64915,<$50
2019-11-30 14:54:44+00:00,purchase,19300100,,appliances.ironing_board,nika,17.99,513657527,63356c8c-8cfd-4c54-be3b-79a83aacd4f0,<$50
2019-11-30 14:59:34+00:00,purchase,3801122,,appliances.iron,scarlett,25.71,513657527,63356c8c-8cfd-4c54-be3b-79a83aacd4f0,<$50
2019-11-30 15:04:23+00:00,purchase,39000057,,unknown,,6.61,512550965,b25be332-5c9f-498c-bb23-4b6a3c6dddee,<$50
2019-11-30 15:25:34+00:00,purchase,1005115,,electronics.smartphone,apple,915.49,523888255,4268db92-235a-4498-9930-8de042ff0cea,$500-1000
2019-11-30 15:30:47+00:00,purchase,10500704,,unknown,,37.58,514774569,47346bc0-1aa3-4b12-a715-ca6a492241a3,<$50
2019-11-30 16:54:43+00:00,purchase,3701016,,appliances.environment.vacuum,tefal,123.53,549944309,996b9a82-4302-4c35-a1c5-95bb2b6a63ef,$100-200
2019-11-30 17:08:34+00:00,purchase,4100346,,unknown,sony,315.3,514908932,628c0faf-ee4d-4caf-9a0a-e2a6ffee84a7,$200-500
2019-11-30 17:20:34+00:00,purchase,15500145,,unknown,veston,39.9,534541862,bf6d78ab-7ea5-4e84-b5f7-0ad99c8b54db,<$50
2019-11-30 18:35:11+00:00,purchase,6800473,,computers.components.hdd,geil,19.54,552615708,aaf45e8d-1df8-4677-87d4-8acdf3beeaef,<$50
2019-11-30 18:43:10+00:00,purchase,9800313,,unknown,,33.59,552615708,c5262415-20e2-4659-b526-bef74bf4bf49,<$50
2019-11-30 20:29:37+00:00,purchase,1004838,,electronics.smartphone,oppo,154.41,564666185,0ebcf435-d2d2-4cdb-9ac2-32e810cbe56f,$100-200
2019-11-30 21:50:39+00:00,purchase,4803005,,electronics.audio.headphone,sven,10.53,514840319,52abb8be-b47e-4f67-b2e2-7d4003c5cd07,<$50
2019-11-30 21:56:35+00:00,purchase,1002538,,electronics.smartphone,apple,591.75,531307142,f2d189ce-0076-4809-b4aa-5d162991d1ef,$500-1000
2019-11-30 21:57:51+00:00,purchase,4803005,,electronics.audio.headphone,sven,10.53,514840319,3aa51820-a3bf-47a6-80d7-8842b6b3a194,<$50
